round,global_acc,per_client_gen_acc,agg_norm,first_mom_norm,second_mom_norm,delta_mom_norm,flash_amp,local_c00,local_c01,local_c02,local_c03,local_c04,local_c05,local_c06,local_c07,local_c08,local_c09,local_c10,local_c11,local_c12,local_c13,local_c14,local_c15,local_c16,local_c17,local_c18,local_c19
0,0.1602,0.1602,1.1734848022460938,0.11734846979379654,0.3469635248184204,0.04255979423215727,0.12231107916948038,0.12955465587044535,0.15322829780661107,0.004506196019526849,0.032362459546925564,0.03632122625791403,0.17916666666666667,0.3034647550776583,0.05493273542600897,0.27651996947341645,0.12396694214876033,0.08284023668639054,0.5153203342618384,0.7191574724172518,0.1303030303030303,0.03308012741975006,0.2706611570247934,0.0106544901065449,0.1260688009544641,0.14457831325301204,0.2750729190038142
1,0.2103,0.2103,1.8750749826431274,0.2579291760921478,0.3928600549697876,0.22845510454363765,0.580041315845452,0.21609311740890688,0.004942848316342292,0.00244085617724371,0.042071197411003236,0.029656781072975674,0.018055555555555554,0.2789725209080048,0.2836322869955157,0.6212159755787331,0.1322314049586777,0.3502958579881657,0.520891364902507,0.4192577733199599,0.17272727272727273,0.12178387650085763,0.3167060212514758,0.0197869101978691,0.34161861205010935,0.1686746987951807,0.0527260489118241
2,0.2225,0.2225,1.8002299070358276,0.3828602135181427,0.43035322427749634,0.1539609825982812,0.3569255402139655,0.22267206477732793,0.007105344454742045,0.0026286143447239955,0.038834951456310676,0.032322559146951015,0.025,0.27419354838709675,0.2954035874439462,0.6680234037140677,0.1322314049586777,0.3727810650887574,0.49303621169916434,0.3600802407221665,0.19090909090909092,0.1340357755452095,0.31936245572609206,0.01902587519025875,0.34559554583416185,0.1686746987951807,0.09356069104779
3,0.2375,0.2375,1.7443169355392456,0.48495712876319885,0.4623616337776184,0.1345547832047078,0.29038826997335043,0.2241902834008097,0.029966017917825147,0.002816372512204281,0.038834951456310676,0.03332222592469177,0.022222222222222223,0.3455794504181601,0.28643497757847536,0.6746374968201475,0.1652892561983471,0.33727810650887574,0.5905292479108635,0.5305917753259779,0.19393939393939394,0.13305562362166135,0.3754427390791027,0.0167427701674277,0.36707098826804535,0.18072289156626506,0.07381646847655374
4,0.2614,0.2614,1.541929841041565,0.5524386763572693,0.4851968586444855,0.0928255703673133,0.19092178140786542,0.25885627530364375,0.10719802286067347,0.003379647014645137,0.042071197411003236,0.034988337220926355,0.02638888888888889,0.4133811230585424,0.2617713004484305,0.6387687611294836,0.18181818181818182,0.26627218934911245,0.6239554317548747,0.6740220661985958,0.19393939393939394,0.12717471208037245,0.41263282172373084,0.01598173515981735,0.44263273016504273,0.1566265060240964,0.06641238501234013
5,0.2793,0.2793,1.3741364479064941,0.5919580459594727,0.5019406080245972,0.06918322737437589,0.13755744966807765,0.27808704453441296,0.1606425702811245,0.0035674051821254224,0.04854368932038835,0.039986671109630126,0.030555555555555555,0.45101553166069297,0.2533632286995516,0.6283388450775884,0.17355371900826447,0.21775147928994082,0.6462395543175488,0.7321965897693079,0.20909090909090908,0.12570448419505023,0.43211334120425027,0.01598173515981735,0.4979121097633724,0.1686746987951807,0.0787525241193628
6,0.3171,0.3171,1.2453566789627075,0.6073857545852661,0.5147174596786499,0.04684144323266101,0.09082772427725931,0.29048582995951416,0.20049428483163423,0.04018024784078107,0.05501618122977346,0.07197600799733422,0.07222222222222222,0.4859617682198327,0.24719730941704035,0.6346985499872806,0.19008264462809918,0.20828402366863905,0.6573816155988857,0.7733199598796389,0.21818181818181817,0.12815486400392062,0.5653778040141676,0.1582952815829528,0.5088486776695168,0.30120481927710846,0.10208660533991475
7,0.3799,0.3799,1.1337052583694458,0.6016521453857422,0.524535596370697,0.02995337012721078,0.056995892065287566,0.31224696356275305,0.2428174235403151,0.10814870446864439,0.13592233009708737,0.11629456847717427,0.11944444444444445,0.4767025089605735,0.27242152466367714,0.5990842024930043,0.24793388429752067,0.2118343195266272,0.637883008356546,0.7321965897693079,0.28484848484848485,0.16883116883116883,0.7927981109799291,0.4969558599695586,0.5034798170610459,0.5421686746987951,0.19968588736818488
8,0.4267,0.4267,1.171818494796753,0.5832926630973816,0.5348997712135315,0.025630384660018313,0.04782682515795623,0.34058704453441296,0.2931726907630522,0.12429590687194893,0.2621359223300971,0.23758747084305232,0.19583333333333333,0.5008960573476703,0.33239910313901344,0.6242686339353855,0.3305785123966942,0.2828402366863905,0.596100278551532,0.6800401203610833,0.3424242424242424,0.25581965204606716,0.7879279811097993,0.541095890410959,0.5261483396301452,0.6144578313253012,0.3856854386358537
9,0.4812,0.4812,1.1387995481491089,0.5667797327041626,0.544265866279602,0.021169254590042347,0.038823729668761534,0.4058704453441296,0.3654618473895582,0.1686068343972963,0.2686084142394822,0.4761746084638454,0.3194444444444444,0.6072281959378734,0.3480941704035874,0.6397863139150344,0.38016528925619836,0.41183431952662725,0.5905292479108635,0.649949849548646,0.4636363636363636,0.28179367802009314,0.7001180637544274,0.5114155251141552,0.5706899980115331,0.5542168674698795,0.5521651334978686
10,0.4999,0.4999,0.9948153495788574,0.5454499125480652,0.5505993962287903,0.014761171914672284,0.02676067453226454,0.4668522267206478,0.41365461847389556,0.24389785955689072,0.255663430420712,0.6537820726424525,0.4388888888888889,0.6765232974910395,0.33464125560538116,0.6507250063597049,0.39669421487603307,0.5171597633136095,0.5877437325905293,0.6228686058174524,0.5242424242424243,0.23891203136486155,0.5634592680047226,0.4041095890410959,0.6277589978126864,0.4578313253012048,0.6587390621494279
11,0.5084,0.5084,1.0792063474655151,0.5331848859786987,0.5583680272102356,0.016269307514998776,0.02908515811341509,0.5088562753036437,0.4528884769848625,0.2735636500187758,0.22330097087378642,0.7134288570476508,0.4708333333333333,0.7028076463560334,0.32847533632286996,0.6741287204273722,0.36363636363636365,0.5775147928994083,0.6406685236768802,0.6359077231695085,0.5727272727272728,0.20093114432737075,0.4815525383707202,0.3135464231354642,0.6762775899781268,0.39759036144578314,0.704734126093785
12,0.5086,0.5086,1.0484567880630493,0.5238504409790039,0.565375804901123,0.017516103046809058,0.03092664427970575,0.5301113360323887,0.45103490886623415,0.2653022906496433,0.1941747572815534,0.6931022992335888,0.45,0.7019115890083633,0.34080717488789236,0.6939709997456118,0.35537190082644626,0.6011834319526628,0.6740947075208914,0.6880641925777332,0.5606060606060606,0.1928448909580985,0.4697461629279811,0.286910197869102,0.7096838337641679,0.42168674698795183,0.7110163787300875
13,0.5071,0.5071,1.058240294456482,0.5150582790374756,0.5724089741706848,0.020730544284406124,0.036153156330328604,0.5197368421052632,0.4223046030274946,0.2208036049568156,0.21359223300970873,0.6421192935688104,0.42916666666666664,0.7040023894862605,0.35538116591928254,0.7384889341134572,0.3884297520661157,0.6059171597633136,0.713091922005571,0.7442326980942828,0.5303030303030303,0.19578534672874295,0.5115112160566706,0.3028919330289193,0.7176377013322728,0.39759036144578314,0.7040610275970384
14,0.5145,0.5145,0.9814510345458984,0.5034646987915039,0.577934205532074,0.01739178477068433,0.030041038523022274,0.5174595141700404,0.4118010503552672,0.19095005632745024,0.21359223300970873,0.6001332889036988,0.4111111111111111,0.7078853046594982,0.359304932735426,0.7669804121088781,0.4049586776859504,0.5822485207100592,0.7604456824512534,0.7763289869608826,0.5545454545454546,0.21146777750551335,0.5954840613931524,0.350076103500761,0.7184330880890833,0.4578313253012048,0.6894772268341934
15,0.532,0.532,0.9506434202194214,0.4909277856349945,0.582842230796814,0.015375341131941864,0.02633475333046389,0.5182186234817814,0.4281742354031511,0.19357867067217424,0.20711974110032363,0.5561479506831056,0.39166666666666666,0.7075866188769414,0.37331838565022424,0.7880946324090562,0.4132231404958678,0.5550295857988166,0.754874651810585,0.7853560682046138,0.5515151515151515,0.21661357510414114,0.6880165289256198,0.4467275494672755,0.717041161264665,0.4939759036144578,0.6630020192954902
16,0.5492,0.5492,0.9116230010986328,0.4775661528110504,0.5870423316955566,0.013435772878209967,0.022848308963522006,0.5280870445344129,0.4643188137164041,0.23188133683815246,0.21359223300970873,0.4955014995001666,0.3861111111111111,0.6944444444444444,0.36995515695067266,0.7769015517679979,0.4049586776859504,0.5360946745562131,0.7437325905292479,0.7783350050150452,0.5636363636363636,0.2136731193334967,0.7718417945690673,0.5273972602739726,0.7212169417379201,0.5903614457831325,0.6401166704061028
17,0.558,0.558,0.9273759722709656,0.46519213914871216,0.5914159417152405,0.013130449715379536,0.02216424101850219,0.5399797570850202,0.49274019153537224,0.28576793090499436,0.1941747572815534,0.47650783072309233,0.3972222222222222,0.6798088410991637,0.3542600896860987,0.7641821419486136,0.3884297520661157,0.5266272189349113,0.7214484679665738,0.769307923771314,0.5393939393939394,0.20240137221269297,0.8158205430932703,0.5882800608828006,0.7251938755219726,0.6626506024096386,0.6410141350684316
18,0.5707,0.5707,0.9104640483856201,0.4525434672832489,0.595453143119812,0.011664031610565742,0.01955565453064054,0.5526315789473685,0.513747296879827,0.3392790086368757,0.20064724919093851,0.5368210596467844,0.4444444444444444,0.6863799283154122,0.34360986547085204,0.7557873314678198,0.4297520661157025,0.5431952662721894,0.7047353760445683,0.7342026078234705,0.5787878787878787,0.19750061259495222,0.8112455726092089,0.6095890410958904,0.7289719626168224,0.6746987951807228,0.6614314561364146
19,0.5877,0.5877,0.8942188620567322,0.44231995940208435,0.5991787314414978,0.010498412086105692,0.01749214281700854,0.5746457489878543,0.532591906085882,0.3830266616597822,0.1941747572815534,0.6487837387537487,0.49722222222222223,0.7296893667861409,0.3430493273542601,0.7608750953955736,0.4380165289256198,0.58698224852071,0.7075208913649025,0.7191574724172518,0.6303030303030303,0.20093114432737075,0.7626918536009445,0.5859969558599696,0.7363292901173195,0.7228915662650602,0.6811756787076508
20,0.594,0.594,0.8841681480407715,0.4320918619632721,0.6026960611343384,0.009640308106510363,0.01596881067667781,0.5941295546558705,0.5526722273710225,0.40781073976717985,0.22006472491909385,0.7317560813062313,0.5375,0.7622461170848268,0.35201793721973096,0.7730857288221826,0.4628099173553719,0.6414201183431952,0.7298050139275766,0.7101303911735206,0.6575757575757576,0.22004410683655967,0.6838842975206612,0.5296803652968036,0.7438854643070193,0.6265060240963856,0.6948620148081669
21,0.5922,0.5922,0.856180727481842,0.4205399453639984,0.6057561039924622,0.008805121017860055,0.014511796354288415,0.6123481781376519,0.5607043558850788,0.40762298159969956,0.2524271844660194,0.7697434188603799,0.5555555555555556,0.7759856630824373,0.3834080717488789,0.7845331976596286,0.45454545454545453,0.6840236686390533,0.7325905292479109,0.6990972918756269,0.6848484848484848,0.2555746140651801,0.6208677685950413,0.4672754946727549,0.7601908928216345,0.5542168674698795,0.6993493381198115
22,0.5968,0.5968,0.8542932868003845,0.40947282314300537,0.6087440252304077,0.008497187962402543,0.013935664165289128,0.618168016194332,0.5421686746987951,0.3924145700337965,0.2912621359223301,0.7750749750083306,0.5638888888888889,0.7780764635603346,0.4304932735426009,0.793945560925973,0.4628099173553719,0.7029585798816568,0.724233983286908,0.6960882647943831,0.6848484848484848,0.3053173241852487,0.606404958677686,0.4573820395738204,0.765758600119308,0.5542168674698795,0.6984518734574826
23,0.6015,0.6015,0.8545119166374207,0.39933887124061584,0.6116907000541687,0.007954766720577171,0.012983331915881668,0.6189271255060729,0.5264133456904542,0.3621855050694705,0.34951456310679613,0.7620793068977008,0.5430555555555555,0.7735961768219832,0.48038116591928254,0.8046298651742559,0.49586776859504134,0.7183431952662722,0.754874651810585,0.7131394182547643,0.6848484848484848,0.353099730458221,0.6309031877213696,0.4642313546423135,0.767349373632929,0.5662650602409639,0.7038366614314562
24,0.6085,0.6085,0.8507766127586365,0.39054909348487854,0.6145420670509338,0.007702901950449248,0.012514013846939662,0.6146255060728745,0.5131294408402842,0.3430341719864814,0.3656957928802589,0.7310896367877374,0.5402777777777777,0.7664277180406213,0.5095291479820628,0.8087000763164589,0.5371900826446281,0.6970414201183432,0.7632311977715878,0.7331995987963892,0.6818181818181818,0.38863023768684146,0.6798996458087367,0.5060882800608828,0.7695366872141579,0.6506024096385542,0.7098945479021763
25,0.6124,0.6124,0.8364524841308594,0.38178837299346924,0.6171563267707825,0.007466409490989205,0.012078513423931698,0.6141194331983806,0.5109669447018844,0.336838152459632,0.39158576051779936,0.6907697434188603,0.5166666666666667,0.7604540023894862,0.5190582959641256,0.8168404986008649,0.5702479338842975,0.6887573964497041,0.766016713091922,0.757271815446339,0.6424242424242425,0.39892183288409705,0.7356847697756789,0.5669710806697108,0.770530920660171,0.6626506024096386,0.7139331388826565
26,0.618,0.618,0.8428029417991638,0.37524285912513733,0.6198195815086365,0.007152784637614225,0.011521519054267652,0.6214574898785425,0.5196169292554834,0.34397296282388284,0.3851132686084142,0.6541152949016994,0.4986111111111111,0.7520908004778972,0.5095291479820628,0.8224370389213941,0.5619834710743802,0.663905325443787,0.7771587743732591,0.7592778335005015,0.6242424242424243,0.38544474393531,0.7870425029515938,0.6133942161339422,0.7757009345794392,0.6746987951807228,0.7137087727170742
27,0.6224,0.6224,0.8405085802078247,0.3683919608592987,0.6224139332771301,0.006965923427686718,0.011173833396806858,0.6366396761133604,0.5492740191535372,0.36087119789710853,0.3300970873786408,0.6241252915694768,0.5208333333333334,0.7482078853046595,0.48878923766816146,0.8221826507250064,0.5785123966942148,0.6568047337278107,0.7883008356545961,0.765295887662989,0.6303030303030303,0.3584905660377358,0.8186245572609209,0.6385083713850838,0.780075561741897,0.6987951807228916,0.7056315907561139
28,0.6261,0.6261,0.8181347250938416,0.3609965145587921,0.6246747374534607,0.006602483913842168,0.010552581906558563,0.6467611336032388,0.5699721964782206,0.3740142696207285,0.29449838187702265,0.6331222925691437,0.5347222222222222,0.758363201911589,0.46580717488789236,0.8160773340117019,0.5537190082644629,0.6485207100591716,0.7743732590529248,0.757271815446339,0.6575757575757576,0.3293310463121784,0.8240850059031877,0.647640791476408,0.7826605687015311,0.7108433734939759,0.7065290554184429
29,0.6268,0.6268,0.7894487380981445,0.3507890999317169,0.626537024974823,0.006259791075372352,0.009975174095302977,0.6523279352226721,0.5971578622181032,0.3897859556890725,0.2750809061488673,0.6871042985671443,0.5569444444444445,0.7837514934289128,0.437219730941704,0.8104807936911728,0.5537190082644629,0.6473372781065089,0.7632311977715878,0.7562688064192578,0.6818181818181818,0.3065425140896839,0.805047225501771,0.6385083713850838,0.7794790216742892,0.6987951807228916,0.7087727170742651
30,0.6323,0.6323,0.7892829179763794,0.3424699008464813,0.6283732056617737,0.006107742392832422,0.009704484299439233,0.6589068825910931,0.6138399752857584,0.39279008636875706,0.27184466019417475,0.7447517494168611,0.575,0.803763440860215,0.4260089686098655,0.8064105825489697,0.5454545454545454,0.6674556213017752,0.7576601671309192,0.7502507522567703,0.7121212121212122,0.2982112227395246,0.7752361275088547,0.60882800608828,0.7824617220123284,0.6506024096385542,0.7065290554184429
31,0.6348,0.6348,0.7151955962181091,0.32974278926849365,0.6293007135391235,0.005942670574206074,0.00942831008525775,0.6586538461538461,0.615075687364844,0.39654524971836275,0.2815533980582524,0.7890703098967011,0.5944444444444444,0.8186977299880526,0.437780269058296,0.8010684304248283,0.5371900826446281,0.6875739644970414,0.7520891364902507,0.7442326980942828,0.7272727272727273,0.31315853957363393,0.7393742621015348,0.5837138508371386,0.786438655796381,0.6385542168674698,0.7139331388826565
32,0.6364,0.6364,0.7289462089538574,0.3191443979740143,0.6303750872612,0.006083836238861026,0.009635850957077979,0.6611842105263158,0.6129131912264443,0.4023657529102516,0.32038834951456313,0.8000666444518494,0.5972222222222222,0.8225806451612904,0.45739910313901344,0.802085983210379,0.5702479338842975,0.7029585798816568,0.766016713091922,0.7452357071213641,0.7363636363636363,0.3317814261210488,0.7203364817001181,0.5639269406392694,0.7920063630940545,0.6385542168674698,0.7208884900157057
33,0.642,0.642,0.7147825360298157,0.307573139667511,0.6312750577926636,0.0063014244908476185,0.009966270870855685,0.6629554655870445,0.606425702811245,0.41212917761922646,0.3333333333333333,0.7800733088970343,0.5819444444444445,0.8157108721624851,0.48038116591928254,0.8094632409056219,0.5702479338842975,0.7088757396449704,0.766016713091922,0.753259779338014,0.7363636363636363,0.3580004900759618,0.7327331759149941,0.5821917808219178,0.8019486975541857,0.6867469879518072,0.7231321516715279
34,0.6478,0.6478,0.8024501800537109,0.30338340997695923,0.6332159638404846,0.006782300981158134,0.01069399284762247,0.6621963562753036,0.5956132221192462,0.4310927525347353,0.35275080906148865,0.7397534155281573,0.5680555555555555,0.8019713261648745,0.4943946188340807,0.8191299923683542,0.5702479338842975,0.6911242603550296,0.7827298050139275,0.7612838515546639,0.7151515151515152,0.36755697133055626,0.7718417945690673,0.621765601217656,0.805527937959833,0.7108433734939759,0.7262732779896791
35,0.6521,0.6521,0.8080358505249023,0.29951995611190796,0.6352024078369141,0.006775759998342242,0.010650321210477343,0.6639676113360324,0.5807846771702193,0.4423582425835524,0.34627831715210355,0.6931022992335888,0.5555555555555556,0.7783751493428913,0.5033632286995515,0.8318494021877385,0.5785123966942148,0.6733727810650888,0.7966573816155988,0.7632898696088265,0.693939393939394,0.36902719921587845,0.8077036599763873,0.6621004566210046,0.8083117916086697,0.7228915662650602,0.7242539824994391
36,0.6532,0.6532,0.7980145812034607,0.2963905930519104,0.6370365023612976,0.006706185143901439,0.010510660626911849,0.6753542510121457,0.594686438059932,0.4508073601201652,0.3365695792880259,0.6531156281239587,0.5472222222222223,0.764336917562724,0.5095291479820628,0.8364283897227168,0.5702479338842975,0.6686390532544378,0.7938718662952646,0.7703109327983951,0.6636363636363637,0.3709875030629748,0.8221664698937426,0.6727549467275494,0.8061244780274408,0.7108433734939759,0.7123625757235809
37,0.6544,0.6544,0.7821974754333496,0.2916392683982849,0.638651430606842,0.006644282756915517,0.010387349170175445,0.694331983805668,0.6132221192462156,0.44892977844536236,0.33980582524271846,0.6441186271242919,0.55,0.7646356033452808,0.5128923766816144,0.8438056474179598,0.6033057851239669,0.6781065088757396,0.7938718662952646,0.7642928786359077,0.6818181818181818,0.3673119333496692,0.8240850059031877,0.669710806697108,0.8061244780274408,0.7108433734939759,0.7116894772268342
38,0.6556,0.6556,0.6669837832450867,0.2805238664150238,0.6389409899711609,0.006331904316401246,0.0098945127998233,0.7024291497975709,0.6305220883534136,0.4417949680811115,0.3365695792880259,0.6664445184938353,0.5736111111111111,0.7771804062126643,0.5011210762331838,0.8435512592215721,0.6033057851239669,0.685207100591716,0.7855153203342619,0.7673019057171514,0.6818181818181818,0.3629012496937025,0.8258559622195986,0.6666666666666666,0.8033406243786041,0.7108433734939759,0.7080996185775185
39,0.659,0.659,0.7949433326721191,0.27760016918182373,0.6406890153884888,0.0066096242464065156,0.010300354358419153,0.6996457489878543,0.637936360827927,0.4340968832144198,0.313915857605178,0.7057647450849717,0.5972222222222222,0.7959976105137395,0.4854260089686099,0.8438056474179598,0.6198347107438017,0.7017751479289941,0.7910863509749304,0.7773319959879639,0.693939393939394,0.353099730458221,0.8186245572609209,0.6582952815829528,0.8053290912706303,0.7349397590361446,0.7155037020417321
40,0.6591,0.6591,0.8211578726768494,0.27690863609313965,0.6427446007728577,0.00679625646784347,0.010557380146853455,0.694585020242915,0.6333024405313562,0.4280886218550507,0.32362459546925565,0.7424191936021326,0.6013888888888889,0.8172043010752689,0.4826233183856502,0.8407529890613076,0.5702479338842975,0.7183431952662722,0.7910863509749304,0.7893681043129388,0.7121212121212122,0.34476843910806176,0.8059327036599764,0.6575342465753424,0.8081129449194671,0.7228915662650602,0.7258245456585147
41,0.6639,0.6639,0.8107742667198181,0.2753223776817322,0.6446417570114136,0.006613742322851646,0.010243671898586215,0.6905364372469636,0.629286376274328,0.4316560270371761,0.31715210355987056,0.7634121959346885,0.5986111111111111,0.8321385902031063,0.4663677130044843,0.8389722716865937,0.5537190082644629,0.7183431952662722,0.7966573816155988,0.7923771313941825,0.7242424242424242,0.33643714775790245,0.7953069657615112,0.6468797564687976,0.8114933386359117,0.7108433734939759,0.733901727619475
42,0.6622,0.6622,0.7831970453262329,0.27178359031677246,0.646174430847168,0.006497492854186885,0.010039786098597096,0.6837044534412956,0.6190917516218721,0.43879083740142694,0.313915857605178,0.7760746417860713,0.5958333333333333,0.8393070489844683,0.45908071748878926,0.8407529890613076,0.5785123966942148,0.7183431952662722,0.8022284122562674,0.7993981945837513,0.7333333333333333,0.3288409703504043,0.7916174734356553,0.6415525114155252,0.8130841121495327,0.7108433734939759,0.7399596140901952
43,0.6653,0.6653,0.799702525138855,0.2693305015563965,0.6478897929191589,0.006506565622556298,0.010027227571704014,0.680161943319838,0.6076614148903305,0.44029290274126925,0.32038834951456313,0.7794068643785405,0.5847222222222223,0.8363201911589009,0.4742152466367713,0.8407529890613076,0.5537190082644629,0.7183431952662722,0.7855153203342619,0.7933801404212638,0.7303030303030303,0.33545699583435434,0.7929456906729634,0.6484018264840182,0.823026446609664,0.7349397590361446,0.7464662328920799
44,0.6702,0.6702,0.7877315282821655,0.2661360204219818,0.6494373083114624,0.006397383650737907,0.009835511538145833,0.6910425101214575,0.6163113994439295,0.44892977844536236,0.3300970873786408,0.7710763078973676,0.5847222222222223,0.8255675029868578,0.4910313901345291,0.8445688120071229,0.5702479338842975,0.7100591715976331,0.7855153203342619,0.7843530591775326,0.7272727272727273,0.35187454055378586,0.7963400236127509,0.6506849315068494,0.8307814674885663,0.7469879518072289,0.7493829930446488
45,0.6742,0.6742,0.7994971871376038,0.2646214962005615,0.6511091589927673,0.0065165385840123555,0.009993018031026661,0.6961032388663968,0.620636391720729,0.45794217048441604,0.33980582524271846,0.7514161946017994,0.5875,0.8148148148148148,0.5,0.8478758585601628,0.6033057851239669,0.7230769230769231,0.7827298050139275,0.765295887662989,0.7181818181818181,0.3616760597892673,0.8046044864226682,0.6643835616438356,0.836746868164645,0.7710843373493976,0.7516266547004712
46,0.6738,0.6738,0.8151890635490417,0.26335832476615906,0.6529540419578552,0.006713266854211204,0.010265655418403007,0.7034412955465587,0.6234167438986716,0.46507698084866694,0.343042071197411,0.7377540819726758,0.5958333333333333,0.8046594982078853,0.49831838565022424,0.850165352327652,0.6033057851239669,0.714792899408284,0.7883008356545961,0.7482447342026078,0.7090909090909091,0.3665768194070081,0.8137544273907911,0.6773211567732116,0.8381387949890634,0.7590361445783133,0.7514022885348889
47,0.6751,0.6751,0.8023262023925781,0.26162654161453247,0.6546164751052856,0.006685270441983204,0.010196922584823107,0.707995951417004,0.6305220883534136,0.4727750657153586,0.33980582524271846,0.7360879706764412,0.6097222222222223,0.8022700119474313,0.5011210762331838,0.8476214703637751,0.5867768595041323,0.7124260355029586,0.7910863509749304,0.7502507522567703,0.703030303030303,0.3670668953687822,0.8187721369539551,0.6811263318112634,0.8369457148538477,0.7590361445783133,0.75050482387256
48,0.6768,0.6768,0.7764065861701965,0.2577992379665375,0.6559463143348694,0.006566875399062862,0.009996060950142552,0.7069838056680162,0.6289774482545567,0.4746526473901615,0.3592233009708738,0.7324225258247251,0.6208333333333333,0.8007765830346476,0.5089686098654709,0.8483846349529381,0.5867768595041323,0.7207100591715976,0.7910863509749304,0.7602808425275828,0.7121212121212122,0.37564322469982847,0.8218713105076741,0.684931506849315,0.836746868164645,0.7590361445783133,0.75050482387256
49,0.6751,0.6751,0.7783553004264832,0.2536286413669586,0.6572833061218262,0.006510109881605847,0.00988952601571981,0.7036943319838057,0.6240345999382144,0.4677055951933909,0.3365695792880259,0.7337554148617128,0.6097222222222223,0.803763440860215,0.5112107623318386,0.8483846349529381,0.5785123966942148,0.7242603550295857,0.8133704735376045,0.7733199598796389,0.7090909090909091,0.3758882626807155,0.8267414403778041,0.693302891933029,0.8397295685026844,0.7710843373493976,0.7547677810186224
50,0.6741,0.6741,0.801764965057373,0.25076836347579956,0.6588849425315857,0.006623604157606184,0.010037513709883056,0.6996457489878543,0.6172381835032438,0.4577544123169358,0.3333333333333333,0.7454181939353549,0.6013888888888889,0.8183990442054958,0.5072869955156951,0.8572882218265072,0.5454545454545454,0.7313609467455622,0.8161559888579387,0.7803410230692076,0.7181818181818181,0.36902719921587845,0.8277744982290437,0.6841704718417048,0.8407238019486976,0.7831325301204819,0.7590307381646848
51,0.6712,0.6712,0.8223294019699097,0.24914351105690002,0.660719633102417,0.00669394289741406,0.010115980488639986,0.6973684210526315,0.6132221192462156,0.4474277131055201,0.3300970873786408,0.7580806397867378,0.5972222222222222,0.8276583034647551,0.5028026905829597,0.8611040447723226,0.5289256198347108,0.7195266272189349,0.8272980501392758,0.7913741223671013,0.7333333333333333,0.36412643959813773,0.8254132231404959,0.6659056316590564,0.8443030423543448,0.7831325301204819,0.7561139780121158
52,0.6695,0.6695,0.7527656555175781,0.24517856538295746,0.6617034077644348,0.006429366347233234,0.009701725193962821,0.701163967611336,0.6163113994439295,0.4410439354111904,0.3559870550161812,0.7647450849716761,0.6,0.8342293906810035,0.5011210762331838,0.8588145510048334,0.5289256198347108,0.7254437869822485,0.8245125348189415,0.7923771313941825,0.7393939393939394,0.3678020093114433,0.8220188902007084,0.662861491628615,0.843109962219129,0.7951807228915663,0.7444469374018398
53,0.6726,0.6726,0.8194097280502319,0.24462014436721802,0.6634660959243774,0.006739061954559808,0.010142070447077826,0.7047064777327935,0.6178560395427866,0.44292151708599325,0.36893203883495146,0.7704098633788737,0.6055555555555555,0.8375149342891278,0.507847533632287,0.8595777155939964,0.5371900826446281,0.7289940828402367,0.8133704735376045,0.7843530591775326,0.7454545454545455,0.37882871845135996,0.8181818181818182,0.6590563165905632,0.8391330284350765,0.7951807228915663,0.7401839802557775
54,0.6735,0.6735,0.8300713896751404,0.2445005476474762,0.6653387546539307,0.006835914257858992,0.010258917420178103,0.7117914979757085,0.6305220883534136,0.4476154712730004,0.3786407766990291,0.7757414195268244,0.6083333333333333,0.8393070489844683,0.5117713004484304,0.8605952683795471,0.5702479338842975,0.7254437869822485,0.8022284122562674,0.7923771313941825,0.7515151515151515,0.3822592501837785,0.8162632821723731,0.6643835616438356,0.8377411016106582,0.7710843373493976,0.7345748261162217
55,0.674,0.674,0.8105226755142212,0.24382732808589935,0.6669470071792603,0.006794086582637011,0.010171595215806765,0.7196356275303644,0.6434970651838122,0.4575666541494555,0.37216828478964403,0.7720759746751082,0.6166666666666667,0.8387096774193549,0.5168161434977578,0.8575426100228949,0.5702479338842975,0.7337278106508875,0.7938718662952646,0.7963891675025075,0.7575757575757576,0.38421955403087477,0.8193624557260921,0.6735159817351598,0.8371445615430503,0.7710843373493976,0.7321067982948172
56,0.6786,0.6786,0.8334112763404846,0.24405239522457123,0.6688167452812195,0.006861098944996827,0.010243247863437971,0.7231781376518218,0.6459684893419834,0.45944423582425836,0.36245954692556637,0.7617460846384538,0.6222222222222222,0.8354241338112306,0.5218609865470852,0.8598321037903841,0.5867768595041323,0.7349112426035503,0.7966573816155988,0.8014042126379137,0.7515151515151515,0.385689781916197,0.8270365997638724,0.6864535768645358,0.8361503280970372,0.7469879518072289,0.7406327125869419
57,0.6803,0.6803,0.8265625834465027,0.24262800812721252,0.6705779433250427,0.006772241717644862,0.010084074060137956,0.7259615384615384,0.6530738337967253,0.46751783702591065,0.34951456310679613,0.7454181939353549,0.625,0.8252688172043011,0.5218609865470852,0.8621215975578733,0.6198347107438017,0.727810650887574,0.8050139275766016,0.7963891675025075,0.7151515151515152,0.3839745160499877,0.836629279811098,0.6940639269406392,0.8385364883674686,0.7590361445783133,0.7511779223693067
58,0.6816,0.6816,0.8098000884056091,0.24001912772655487,0.6721128821372986,0.006688065457905771,0.009936023563639908,0.7302631578947368,0.6567809700339821,0.4669545625234698,0.3592233009708738,0.7197600799733422,0.6236111111111111,0.8124253285543608,0.5196188340807175,0.8644110913253625,0.6198347107438017,0.7313609467455622,0.8050139275766016,0.7913741223671013,0.6909090909090909,0.3812790982602303,0.8416469893742621,0.7024353120243532,0.8423145754623186,0.7710843373493976,0.762171864482836
59,0.682,0.682,0.8116697669029236,0.237839937210083,0.6736515760421753,0.006687819960936663,0.009912998351194215,0.7376012145748988,0.6577077540932963,0.45812992865189633,0.3592233009708738,0.7050983005664778,0.6166666666666667,0.8055555555555556,0.5224215246636771,0.8667005850928516,0.628099173553719,0.7218934911242604,0.8050139275766016,0.7763289869608826,0.696969696969697,0.3861798578779711,0.8475501770956316,0.7047184170471842,0.8468880493139789,0.7590361445783133,0.7718196096028719
60,0.6811,0.6811,0.8267849087715149,0.2367924004793167,0.6753548383712769,0.006701805856742354,0.009908712818379335,0.7406376518218624,0.6549274019153537,0.45399924896733007,0.3656957928802589,0.704431856047984,0.6208333333333333,0.8025686977299881,0.5263452914798207,0.8661918087000763,0.6198347107438017,0.727810650887574,0.8105849582172702,0.7733199598796389,0.693939393939394,0.38470962999264885,0.8425324675324676,0.6986301369863014,0.851660369854842,0.7590361445783133,0.7776531299080098
61,0.6783,0.6783,0.7744346261024475,0.23314984142780304,0.6764175295829773,0.0064520743801359266,0.009524516414725593,0.7348178137651822,0.6475131294408403,0.45174615095756665,0.36893203883495146,0.7130956347884039,0.6125,0.8085424133811231,0.5302690582959642,0.8707707962350547,0.628099173553719,0.7254437869822485,0.8050139275766016,0.7763289869608826,0.6757575757575758,0.38863023768684146,0.8381050767414404,0.6925418569254186,0.8562338437065022,0.7469879518072289,0.7769800314112632
62,0.6775,0.6775,0.7389432191848755,0.22780466079711914,0.6770713329315186,0.006293841909851644,0.009281976105141268,0.7320344129554656,0.642570281124498,0.45212166729252723,0.3818770226537217,0.7240919693435521,0.6069444444444444,0.8198924731182796,0.5263452914798207,0.8735690663953193,0.5950413223140496,0.7301775147928994,0.8105849582172702,0.7853560682046138,0.6909090909090909,0.3866699338397452,0.832939787485242,0.684931506849315,0.8568303837741101,0.7469879518072289,0.7689028494503028
63,0.6747,0.6747,0.832028865814209,0.22804486751556396,0.6787960529327393,0.006671012561058746,0.009813255802647022,0.7267206477732794,0.6397899289465554,0.44667668043559894,0.37216828478964403,0.7507497500833056,0.6208333333333333,0.8297491039426523,0.5224215246636771,0.8768761129483592,0.5867768595041323,0.7301775147928994,0.8161559888579387,0.7993981945837513,0.7090909090909091,0.379073756432247,0.8265938606847698,0.6742770167427702,0.8534499900576655,0.7590361445783133,0.7648642584698228
64,0.6736,0.6736,0.8260623216629028,0.22759714722633362,0.6804265379905701,0.0066868604021651104,0.009813031969496977,0.7254554655870445,0.6431881371640408,0.45700337964701465,0.3592233009708738,0.7617460846384538,0.6083333333333333,0.8369175627240143,0.5106502242152466,0.873823454591707,0.5702479338842975,0.7313609467455622,0.8245125348189415,0.8034102306920762,0.7212121212121212,0.3692722371967655,0.8254132231404959,0.669710806697108,0.8502684430304236,0.7590361445783133,0.7500560915413955
65,0.6744,0.6744,0.8232930302619934,0.22648395597934723,0.6820032596588135,0.006697667873366629,0.009806201915803994,0.7203947368421053,0.6453506333024406,0.47333834021779947,0.34627831715210355,0.7697434188603799,0.6125,0.8410991636798089,0.500560538116592,0.8712795726278301,0.5702479338842975,0.7266272189349112,0.8161559888579387,0.8114343029087262,0.7333333333333333,0.3626562117128155,0.831021251475797,0.6818873668188736,0.8500695963412209,0.7710843373493976,0.7431007404083464
66,0.6782,0.6782,0.8269764184951782,0.22540803253650665,0.6836052536964417,0.0066246746368368295,0.009676634237128208,0.7138157894736842,0.6447327772628978,0.485542621104018,0.343042071197411,0.7747417527490836,0.6152777777777778,0.8446833930704899,0.5039237668161435,0.8689900788603409,0.5867768595041323,0.7254437869822485,0.807799442896936,0.8054162487462387,0.7272727272727273,0.36241117373192844,0.8379574970484062,0.69558599695586,0.8460926625571684,0.7710843373493976,0.7496073592102311
67,0.6819,0.6819,0.8470560312271118,0.22456836700439453,0.6854327321052551,0.006676031699293986,0.00972568962266547,0.7163461538461539,0.6509113376583257,0.49662035298535484,0.34951456310679613,0.769410196601133,0.6208333333333333,0.8363201911589009,0.5134529147982063,0.8656830323073009,0.5867768595041323,0.7195266272189349,0.8022284122562674,0.8014042126379137,0.7151515151515152,0.37613330066160255,0.8443034238488784,0.7070015220700152,0.8429111155299265,0.7831325301204819,0.7554408795153691
68,0.6832,0.6832,0.8508121967315674,0.22538775205612183,0.6872835159301758,0.006746805276339946,0.009802363590274315,0.7193825910931174,0.6506024096385542,0.49924896733007884,0.3559870550161812,0.7697434188603799,0.6277777777777778,0.8324372759856631,0.5162556053811659,0.8672093614856271,0.6033057851239669,0.7289940828402367,0.7966573816155988,0.7933801404212638,0.7212121212121212,0.38470962999264885,0.8454840613931524,0.7161339421613394,0.8425134221515211,0.7951807228915663,0.7608256674893427
69,0.6837,0.6837,0.7953916192054749,0.2236739844083786,0.6884486675262451,0.006481263552905083,0.009400647007064325,0.7259615384615384,0.6592523941921532,0.48742020277882087,0.37216828478964403,0.7667444185271576,0.6361111111111111,0.8318399044205496,0.5252242152466368,0.8669549732892394,0.5950413223140496,0.7349112426035503,0.7994428969359332,0.7923771313941825,0.7242424242424242,0.39206076941926,0.8429752066115702,0.7161339421613394,0.8496719029628157,0.8072289156626506,0.7597038366614315
70,0.682,0.682,0.8140460252761841,0.22246570885181427,0.6898177862167358,0.006377081150744149,0.009231205794031793,0.7343117408906883,0.6589434661723819,0.4720240330454375,0.3851132686084142,0.7644118627124292,0.6361111111111111,0.8300477897252091,0.5353139013452914,0.870516408038667,0.5702479338842975,0.7349112426035503,0.8022284122562674,0.794383149448345,0.7333333333333333,0.4018622886547415,0.836038961038961,0.7115677321156774,0.8524557566116524,0.8072289156626506,0.7632936953107471
71,0.6826,0.6826,0.7943740487098694,0.220439150929451,0.6909417510032654,0.006343910801388904,0.009168272896079322,0.7386133603238867,0.659870250231696,0.4645137063462261,0.40129449838187703,0.7640786404531823,0.6347222222222222,0.8294504181600956,0.5493273542600897,0.8725515136097685,0.5702479338842975,0.7467455621301775,0.807799442896936,0.7863590772316951,0.7363636363636363,0.40627297231070814,0.8348583234946871,0.7009132420091324,0.855836150328097,0.8192771084337349,0.762171864482836
72,0.6835,0.6835,0.8458963632583618,0.22078223526477814,0.6926629543304443,0.006462103740244224,0.009315913009195865,0.7391194331983806,0.6641952425084955,0.45944423582425836,0.39158576051779936,0.7414195268243918,0.6319444444444444,0.8243727598566308,0.5493273542600897,0.8720427372169931,0.5702479338842975,0.7384615384615385,0.8022284122562674,0.7863590772316951,0.7363636363636363,0.40431266846361186,0.839728453364817,0.7077625570776256,0.8639888645854047,0.8192771084337349,0.7579089073367736
73,0.685,0.685,0.8523889183998108,0.22044889628887177,0.694442093372345,0.00662752884970552,0.009529950678664328,0.742661943319838,0.6675934507259809,0.45812992865189633,0.37540453074433655,0.7244251916027991,0.625,0.818100358422939,0.5510089686098655,0.8761129483591962,0.5785123966942148,0.7372781065088757,0.8050139275766016,0.7893681043129388,0.7393939393939394,0.40112717471208037,0.8488783943329398,0.7047184170471842,0.8677669516802545,0.8072289156626506,0.7527484855283824
74,0.6837,0.6837,0.7902304530143738,0.21736133098602295,0.6954652667045593,0.006416084558550162,0.009212353961180185,0.7419028340080972,0.6595613222119246,0.46301164100638376,0.3883495145631068,0.7204265244918361,0.6180555555555556,0.8222819593787336,0.5515695067264574,0.881963876876113,0.5702479338842975,0.736094674556213,0.8161559888579387,0.7833500501504513,0.7272727272727273,0.3981867189414359,0.8561097992916175,0.7168949771689498,0.8723404255319149,0.7951807228915663,0.7516266547004712
75,0.684,0.684,0.8340858221054077,0.21709245443344116,0.6969879865646362,0.006518838696836361,0.00933947119766465,0.7376012145748988,0.6484399135001545,0.4697709350356741,0.39158576051779936,0.7217594135288238,0.6055555555555555,0.8273596176821983,0.5459641255605381,0.8847621470363776,0.5950413223140496,0.7266272189349112,0.8189415041782729,0.7873620862587764,0.706060606060606,0.3947561872090174,0.8593565525383707,0.7146118721461188,0.871743885464307,0.7831325301204819,0.7554408795153691
76,0.6853,0.6853,0.8306039571762085,0.21573664247989655,0.6984506249427795,0.006509094834015163,0.009306010462922464,0.7335526315789473,0.6499845535990114,0.4667668043559895,0.39158576051779936,0.7314228590469843,0.6069444444444444,0.8303464755077659,0.5409192825112108,0.8812007122869498,0.5950413223140496,0.7325443786982249,0.8133704735376045,0.7883650952858575,0.7181818181818181,0.3927958833619211,0.8596517119244392,0.715372907153729,0.8703519586398887,0.7951807228915663,0.7579089073367736
77,0.6829,0.6829,0.8417494297027588,0.2151157557964325,0.7000288963317871,0.006541353987607574,0.009331076110893498,0.7274797570850202,0.6496756255792401,0.46751783702591065,0.40129449838187703,0.7464178607130957,0.6097222222222223,0.8408004778972521,0.5257847533632287,0.8804375476977868,0.5950413223140496,0.7313609467455622,0.8161559888579387,0.7953861584754263,0.7242424242424242,0.3849546679735359,0.8530106257378984,0.7062404870624048,0.8713461920859018,0.7590361445783133,0.7659860892977339
78,0.6815,0.6815,0.8157756328582764,0.21360182762145996,0.7012808918952942,0.006382841380875069,0.009088729957680113,0.7234311740890689,0.6459684893419834,0.47728126173488544,0.3818770226537217,0.76107964011996,0.6055555555555555,0.8446833930704899,0.515695067264574,0.881963876876113,0.6033057851239669,0.7420118343195267,0.8217270194986073,0.7953861584754263,0.7363636363636363,0.3783386424895859,0.8507969303423849,0.693302891933029,0.8729369655995227,0.7469879518072289,0.7684541171191385
79,0.6813,0.6813,0.8096067309379578,0.21199840307235718,0.7024468183517456,0.006228575589671941,0.00885436599779666,0.7262145748987854,0.6472042014210689,0.48028539241457,0.3818770226537217,0.7670776407864045,0.6194444444444445,0.8449820788530465,0.5173766816143498,0.8776392775375222,0.6033057851239669,0.7408284023668639,0.8245125348189415,0.802407221664995,0.7393939393939394,0.37760352854692475,0.8450413223140496,0.6902587519025876,0.8735335056671306,0.7590361445783133,0.7736145389275297
80,0.6796,0.6796,0.8240255117416382,0.21018101274967194,0.7037665843963623,0.006207378075958525,0.00880770770548832,0.7282388663967612,0.6493666975594686,0.490799849793466,0.36893203883495146,0.7704098633788737,0.6291666666666667,0.8476702508960573,0.5168161434977578,0.8763673365555839,0.6033057851239669,0.749112426035503,0.8161559888579387,0.8014042126379137,0.7454545454545455,0.3839745160499877,0.839728453364817,0.6971080669710806,0.8743288924239412,0.7469879518072289,0.7698003141126318
81,0.6813,0.6813,0.8455233573913574,0.21105298399925232,0.7053252458572388,0.0063664903147690735,0.009013539232966702,0.7317813765182186,0.6573988260735248,0.4924896733007886,0.3851132686084142,0.7650783072309231,0.6388888888888888,0.8449820788530465,0.5151345291479821,0.8748410073772577,0.6363636363636364,0.7514792899408284,0.8272980501392758,0.8074222668004012,0.7454545454545455,0.3866699338397452,0.8386953955135773,0.7024353120243532,0.8697554185722808,0.7349397590361446,0.765088624635405
82,0.6814,0.6814,0.7491331100463867,0.2068248987197876,0.7057768106460571,0.005934023574140529,0.008395894552222647,0.7368421052631579,0.6620327463700958,0.49342846413819,0.3883495145631068,0.757080973008997,0.6402777777777777,0.8384109916367981,0.5218609865470852,0.8758585601628085,0.628099173553719,0.7538461538461538,0.841225626740947,0.8154463390170511,0.7363636363636363,0.39181573143837295,0.8474025974025974,0.7070015220700152,0.865380791409823,0.7469879518072289,0.7588063719991025
83,0.6829,0.6829,0.8695509433746338,0.21019642055034637,0.7076021432876587,0.006361808537891916,0.008977969652159695,0.7393724696356275,0.6595613222119246,0.489485542621104,0.39805825242718446,0.7494168610463179,0.6375,0.8366188769414575,0.5325112107623319,0.8756041719664207,0.5867768595041323,0.7479289940828402,0.8440111420612814,0.8204613841524574,0.7181818181818181,0.39941190884587113,0.85271546635183,0.715372907153729,0.8641877112746073,0.7228915662650602,0.7547677810186224
84,0.6853,0.6853,0.8479998111724854,0.20957353711128235,0.7091438174247742,0.00640359093653535,0.009017315618907975,0.7370951417004049,0.6577077540932963,0.492114156965828,0.3851132686084142,0.7387537487504166,0.6305555555555555,0.8327359617682198,0.5397982062780269,0.8789112185194607,0.5785123966942148,0.744378698224852,0.8467966573816156,0.8194583751253761,0.7272727272727273,0.41068365596667483,0.8559622195985832,0.7252663622526636,0.8625969377609862,0.7349397590361446,0.74848552838232
85,0.686,0.686,0.8415045738220215,0.20917905867099762,0.7105894088745117,0.0063478526983446635,0.008920667760337763,0.7368421052631579,0.6586345381526104,0.4919263987983477,0.39805825242718446,0.7324225258247251,0.6361111111111111,0.8336320191158901,0.5532511210762332,0.8814551004833375,0.5950413223140496,0.7502958579881657,0.8328690807799443,0.8154463390170511,0.7303030303030303,0.41950502327860817,0.859504132231405,0.7351598173515982,0.8616027043149732,0.7469879518072289,0.7498317253758133
86,0.6861,0.6861,0.878753662109375,0.21054694056510925,0.712467610836029,0.006608885750296427,0.009263049436192694,0.7345647773279352,0.6561631139944393,0.49643259481787455,0.4110032362459547,0.732755748083972,0.6263888888888889,0.8264635603345281,0.5577354260089686,0.8809463240905622,0.5950413223140496,0.7431952662721893,0.8272980501392758,0.8134403209628887,0.7121212121212122,0.42979661847586376,0.8615702479338843,0.7336377473363774,0.8606084708689601,0.7590361445783133,0.7522997531972179
87,0.6884,0.6884,0.729054868221283,0.20545758306980133,0.712635338306427,0.0058748358963962265,0.008232265950195473,0.7307692307692307,0.6549274019153537,0.5009387908374014,0.41423948220064727,0.7374208597134289,0.6291666666666667,0.8246714456391876,0.5639013452914798,0.8806919358941745,0.5950413223140496,0.7420118343195267,0.8161559888579387,0.8044132397191575,0.7181818181818181,0.4398431756922323,0.86142266824085,0.7359208523592086,0.8616027043149732,0.7590361445783133,0.7574601750056091
88,0.6901,0.6901,0.858025312423706,0.20550058782100677,0.714235782623291,0.006281710171223615,0.00878271239196675,0.7302631578947368,0.6499845535990114,0.4996244836650394,0.4110032362459547,0.7354215261579473,0.625,0.8195937873357229,0.5728699551569507,0.8845077588399898,0.6115702479338843,0.7396449704142012,0.8217270194986073,0.7873620862587764,0.7121212121212122,0.4349424160744915,0.8567001180637545,0.7351598173515982,0.862199244382581,0.7590361445783133,0.7738389050931119
89,0.6891,0.6891,0.8449540138244629,0.2056516706943512,0.7156611680984497,0.006230760669762777,0.008694151360670402,0.7315283400809717,0.6484399135001545,0.4998122418325197,0.4174757281553398,0.7350883038987004,0.6416666666666667,0.8163082437275986,0.570067264573991,0.8885779699821929,0.5867768595041323,0.7455621301775148,0.8272980501392758,0.7823470411233701,0.7242424242424242,0.4256309728007841,0.8525678866587958,0.7290715372907154,0.8627957844501889,0.7590361445783133,0.7881983396903747
90,0.6875,0.6875,0.8504061698913574,0.20671921968460083,0.7171339988708496,0.00628639298642496,0.008753788285068391,0.7317813765182186,0.651220265678097,0.497371385655276,0.40129449838187703,0.728757080973009,0.6458333333333334,0.8169056152927121,0.5650224215246636,0.8926481811243958,0.6033057851239669,0.7431952662721893,0.8272980501392758,0.7813440320962889,0.7181818181818181,0.411663807890223,0.8487308146399055,0.7245053272450532,0.8643865579638099,0.7710843373493976,0.7958267893201705
91,0.6884,0.6884,0.897153913974762,0.21000070869922638,0.7191572189331055,0.006612735883359313,0.009182350338938368,0.7401315789473685,0.6546184738955824,0.49549380398047316,0.37540453074433655,0.7377540819726758,0.6333333333333333,0.8225806451612904,0.5532511210762332,0.8954464512846604,0.5950413223140496,0.7479289940828402,0.8245125348189415,0.7933801404212638,0.7272727272727273,0.3964714530752267,0.8474025974025974,0.710806697108067,0.865977331477431,0.7831325301204819,0.8021090419564729
92,0.6911,0.6911,0.8534903526306152,0.2107420712709427,0.720624566078186,0.006436864687869639,0.008919963358304271,0.7396255060728745,0.6573988260735248,0.49399173864063084,0.37216828478964403,0.7440853048983672,0.6375,0.8267622461170848,0.5375560538116592,0.8957008394810481,0.5867768595041323,0.7526627218934911,0.8217270194986073,0.8034102306920762,0.7303030303030303,0.3888752756677285,0.8457792207792207,0.7047184170471842,0.8715450387751044,0.7831325301204819,0.7996410141350684
93,0.688,0.688,0.856633186340332,0.21104462444782257,0.7221114039421082,0.0062979194690178705,0.008709473304782894,0.7469635627530364,0.6549274019153537,0.49530604581299287,0.3656957928802589,0.7544151949350216,0.6375,0.8327359617682198,0.5269058295964125,0.8931569575171712,0.5702479338842975,0.7633136094674556,0.8272980501392758,0.8054162487462387,0.7333333333333333,0.37931879441313404,0.8447461629279811,0.7115677321156774,0.8741300457347385,0.7710843373493976,0.7913394660085259
94,0.6876,0.6876,0.8861772418022156,0.2118910253047943,0.7239362597465515,0.006533254215989342,0.00901217745443367,0.7507591093117408,0.6641952425084955,0.49267743146826887,0.34627831715210355,0.7650783072309231,0.6361111111111111,0.8381123058542413,0.5280269058295964,0.8908674637496821,0.5785123966942148,0.7644970414201183,0.8384401114206128,0.8124373119358074,0.7303030303030303,0.3771134525851507,0.8463695395513577,0.713089802130898,0.8745277391131437,0.7831325301204819,0.7798967915638322
95,0.6863,0.6863,0.8487232327461243,0.21032990515232086,0.7252903580665588,0.006269528307079188,0.008632261515586078,0.7494939271255061,0.6604881062712388,0.4861058956064589,0.3656957928802589,0.7687437520826391,0.6333333333333333,0.8476702508960573,0.5297085201793722,0.8895955227677436,0.5702479338842975,0.7609467455621302,0.8384401114206128,0.8164493480441324,0.7303030303030303,0.38642489585885814,0.8493211334120425,0.7176560121765602,0.8769138993835752,0.7831325301204819,0.770024680278214
96,0.6856,0.6856,0.8332836031913757,0.2086479365825653,0.7264497876167297,0.006125990059351672,0.008421186126703856,0.7487348178137652,0.6577077540932963,0.4806609087495306,0.3786407766990291,0.7630789736754415,0.6263888888888889,0.8473715651135006,0.5291479820627802,0.886797252607479,0.5619834710743802,0.7514792899408284,0.8217270194986073,0.8164493480441324,0.7333333333333333,0.3876500857632933,0.8543388429752066,0.7275494672754946,0.8798965997216146,0.7951807228915663,0.7644155261386583
97,0.6858,0.6858,0.8813695907592773,0.21013173460960388,0.7281621694564819,0.0063502551263945745,0.008708975029694779,0.7474696356275303,0.6589434661723819,0.4810364250844912,0.3786407766990291,0.7537487504165278,0.6152777777777778,0.8467741935483871,0.5319506726457399,0.8893411345713559,0.5702479338842975,0.7550295857988165,0.8245125348189415,0.8114343029087262,0.7242424242424242,0.39500122518990444,0.8596517119244392,0.741248097412481,0.8802942931000198,0.7590361445783133,0.7623962306484182
98,0.6863,0.6863,0.8798454999923706,0.21116486191749573,0.7298350930213928,0.006415642397343029,0.008778508939437631,0.7494939271255061,0.6645041705282669,0.4864814119414195,0.4077669902912621,0.7494168610463179,0.6180555555555556,0.8378136200716846,0.5431614349775785,0.8908674637496821,0.5950413223140496,0.7585798816568048,0.8217270194986073,0.802407221664995,0.7303030303030303,0.39941190884587113,0.8623081463990555,0.7427701674277016,0.8785046728971962,0.7590361445783133,0.7570114426744446
99,0.6847,0.6847,0.8748859167098999,0.2112841159105301,0.7314279675483704,0.006325750373141003,0.008636685999737229,0.7532894736842105,0.6706827309236948,0.4844160720991363,0.39158576051779936,0.7340886371209597,0.6055555555555555,0.8297491039426523,0.5426008968609866,0.8969727804629866,0.5950413223140496,0.757396449704142,0.8050139275766016,0.79839518555667,0.7121212121212122,0.40553785836804707,0.8639315230224321,0.741248097412481,0.8769138993835752,0.7710843373493976,0.7540946825218757
100,0.6838,0.6838,0.8774018287658691,0.21092192828655243,0.7330316305160522,0.006366804975681652,0.008673747439474161,0.7550607287449392,0.6734630831016373,0.47934660157716863,0.43042071197411,0.728757080973009,0.6111111111111112,0.820489844683393,0.5437219730941704,0.898244721444925,0.5867768595041323,0.744378698224852,0.8105849582172702,0.8004012036108324,0.703030303030303,0.41999509924038225,0.8624557260920898,0.7382039573820396,0.87651620600517,0.7831325301204819,0.756338344177698
101,0.6836,0.6836,0.8625970482826233,0.21074125170707703,0.7344403862953186,0.006283088010985019,0.008543300215854645,0.7583502024291497,0.6734630831016373,0.4819752159218926,0.4336569579288026,0.7220926357880706,0.6222222222222222,0.8148148148148148,0.5504484304932735,0.8995166624268633,0.5785123966942148,0.7408284023668639,0.8161559888579387,0.7993981945837513,0.7151515151515152,0.431266846361186,0.8587662337662337,0.7427701674277016,0.8739311990455358,0.7831325301204819,0.7662104554633161
102,0.6856,0.6856,0.8728217482566833,0.2096591591835022,0.7359530329704285,0.006244805010180809,0.008473816825218757,0.7578441295546559,0.678714859437751,0.4889222681186632,0.43042071197411,0.7250916361212929,0.625,0.8186977299880526,0.5403587443946188,0.899007886034088,0.6033057851239669,0.7431952662721893,0.8133704735376045,0.7853560682046138,0.7121212121212122,0.4320019603038471,0.8596517119244392,0.7473363774733638,0.8713461920859018,0.7710843373493976,0.7655373569665694
103,0.6871,0.6871,0.870882511138916,0.2087688446044922,0.7374244928359985,0.006192899056352029,0.008386638195826272,0.7593623481781376,0.6784059314179796,0.48742020277882087,0.4401294498381877,0.7300899700099966,0.6305555555555555,0.8195937873357229,0.54652466367713,0.8964640040702111,0.6033057851239669,0.744378698224852,0.8050139275766016,0.7923771313941825,0.7121212121212122,0.4305317324185249,0.8605371900826446,0.745814307458143,0.8709484987074965,0.7831325301204819,0.7740632712586942
104,0.6887,0.6887,0.802335798740387,0.20546451210975647,0.7381018996238708,0.00568756072304444,0.007695232181027868,0.7575910931174089,0.6743898671609515,0.4836650394292152,0.4045307443365696,0.7350883038987004,0.6361111111111111,0.8258661887694145,0.547085201793722,0.8951920630882727,0.6033057851239669,0.7431952662721893,0.807799442896936,0.7913741223671013,0.7212121212121212,0.42489585885812303,0.858913813459268,0.7397260273972602,0.8729369655995227,0.7951807228915663,0.7798967915638322
105,0.6858,0.6858,0.8996222019195557,0.208255335688591,0.739891767501831,0.006258502371543819,0.008447255923286193,0.7510121457489879,0.6635773864689527,0.48479158843409687,0.40129449838187703,0.7410863045651449,0.6291666666666667,0.8315412186379928,0.5442825112107623,0.8926481811243958,0.5867768595041323,0.7408284023668639,0.8161559888579387,0.7963891675025075,0.7121212121212122,0.41729968145062485,0.855814639905549,0.7366818873668188,0.8739311990455358,0.7590361445783133,0.7839353825443123
106,0.6855,0.6855,0.8679191470146179,0.2095954418182373,0.7412813901901245,0.006128541345514769,0.008256358608081273,0.7408906882591093,0.6493666975594686,0.4844160720991363,0.39158576051779936,0.7514161946017994,0.6236111111111111,0.8425925925925926,0.5330717488789237,0.8944288984991097,0.5785123966942148,0.7396449704142012,0.8161559888579387,0.802407221664995,0.7090909090909091,0.41411418769909336,0.8538961038961039,0.7275494672754946,0.8773115927619806,0.7710843373493976,0.7852815795378058
107,0.6875,0.6875,0.8663857579231262,0.20871791243553162,0.7426367998123169,0.006029535675159436,0.008108172802477234,0.7345647773279352,0.6422613531047267,0.48779571911378145,0.37216828478964403,0.7664111962679107,0.6194444444444445,0.8479689366786141,0.5252242152466368,0.8901042991605189,0.5867768595041323,0.7479289940828402,0.8245125348189415,0.8094282848545636,0.7090909090909091,0.40872335211957855,0.8550767414403778,0.7222222222222222,0.8767150526943727,0.7831325301204819,0.7805698900605789
108,0.6912,0.6912,0.8719647526741028,0.20815648138523102,0.7440414428710938,0.0061058179680899246,0.00819527292946353,0.7332995951417004,0.6360827927092987,0.4943672549755914,0.3656957928802589,0.769410196601133,0.6152777777777778,0.8491636798088411,0.531390134529148,0.887560417196642,0.6033057851239669,0.749112426035503,0.8161559888579387,0.8104312938816449,0.7242424242424242,0.40112717471208037,0.8555194805194806,0.723744292237443,0.8798965997216146,0.7951807228915663,0.7812429885573255
109,0.6926,0.6926,0.87540203332901,0.20703889429569244,0.7454695105552673,0.00609476629968721,0.008164789336343514,0.7368421052631579,0.6329935125115848,0.5043184378520466,0.3656957928802589,0.7650783072309231,0.6138888888888889,0.8458781362007168,0.5347533632286996,0.8918850165352328,0.6033057851239669,0.749112426035503,0.8133704735376045,0.8034102306920762,0.7242424242424242,0.39573633913256556,0.8556670602125147,0.723744292237443,0.8806919864784252,0.7831325301204819,0.7812429885573255
110,0.6935,0.6935,0.8302783370018005,0.2053951621055603,0.7463653087615967,0.005906030131381898,0.007902467591342098,0.7393724696356275,0.6376274328081557,0.5075103266992114,0.3883495145631068,0.7594135288237254,0.6166666666666667,0.8399044205495818,0.5448430493273543,0.8951920630882727,0.5785123966942148,0.7514792899408284,0.8050139275766016,0.7863590772316951,0.7121212121212122,0.4001470227885322,0.859504132231405,0.7321156773211568,0.8826804533704514,0.8072289156626506,0.7772043975768455
111,0.6918,0.6918,0.881973385810852,0.2059554159641266,0.7478430867195129,0.006171439385015304,0.00824129847021861,0.750253036437247,0.6493666975594686,0.5140818625610214,0.3818770226537217,0.7520826391202933,0.625,0.8306451612903226,0.5515695067264574,0.9007886034088018,0.5950413223140496,0.7502958579881657,0.8105849582172702,0.7883650952858575,0.7121212121212122,0.40970350404312667,0.8621605667060213,0.7313546423135464,0.879697753032412,0.7951807228915663,0.7742876374242764
112,0.6944,0.6944,0.8477780222892761,0.20509716868400574,0.7489085793495178,0.005933418361163327,0.007912188931496244,0.7543016194331984,0.6567809700339821,0.5122042808862185,0.40129449838187703,0.7420859713428857,0.6194444444444445,0.8246714456391876,0.5532511210762332,0.9000254388196388,0.6115702479338843,0.749112426035503,0.8189415041782729,0.7843530591775326,0.7090909090909091,0.4187699093359471,0.8676210153482881,0.7420091324200914,0.87651620600517,0.7831325301204819,0.7794480592326677
113,0.6917,0.6917,0.8702706098556519,0.20560480654239655,0.7502192854881287,0.005984950865918541,0.007966982453105724,0.7618927125506073,0.6660488106271238,0.5020653398422832,0.42394822006472493,0.7404198600466512,0.625,0.8261648745519713,0.5554932735426009,0.9030780971762911,0.5950413223140496,0.7479289940828402,0.8105849582172702,0.7823470411233701,0.7090909090909091,0.43371722617005637,0.8679161747343566,0.7351598173515982,0.8745277391131437,0.7590361445783133,0.77967242539825
114,0.6916,0.6916,0.867956817150116,0.2057708352804184,0.7514880895614624,0.006030173721963997,0.008013646734898199,0.7649291497975709,0.6743898671609515,0.49924896733007884,0.42718446601941745,0.7337554148617128,0.6305555555555555,0.8192951015531661,0.5577354260089686,0.9028237089799034,0.6033057851239669,0.7479289940828402,0.8105849582172702,0.7883650952858575,0.706060606060606,0.4339622641509434,0.8661452184179457,0.7382039573820396,0.8687611851262677,0.7710843373493976,0.7754094682521876
115,0.6921,0.6921,0.8678196668624878,0.20430131256580353,0.7527404427528381,0.006044433039713802,0.008019249992262728,0.7694838056680162,0.6805684275563794,0.49849793466015774,0.42071197411003236,0.7257580806397868,0.6305555555555555,0.8139187574671446,0.5616591928251121,0.8997710506232511,0.6033057851239669,0.7526627218934911,0.8133704735376045,0.7843530591775326,0.706060606060606,0.42857142857142855,0.8646694214876033,0.7328767123287672,0.8681646450586598,0.7710843373493976,0.7731658065963652
116,0.6898,0.6898,0.9050944447517395,0.20506466925144196,0.754416286945343,0.006260348281356035,0.008287282640768629,0.7656882591093117,0.6818041396354649,0.5024408561772437,0.4174757281553398,0.716427857380873,0.625,0.8127240143369175,0.554372197309417,0.8984991096413126,0.6033057851239669,0.7514792899408284,0.8161559888579387,0.7903711133400201,0.706060606060606,0.42759127664788044,0.8630460448642266,0.723744292237443,0.8681646450586598,0.7590361445783133,0.7702490464437963
117,0.6875,0.6875,0.898829460144043,0.20602527260780334,0.7559969425201416,0.006341977927493049,0.008377811813056704,0.7659412955465587,0.6879827000308928,0.5046939541870071,0.42071197411003236,0.7184271909363545,0.6222222222222222,0.8157108721624851,0.5521300448430493,0.8979903332485373,0.6198347107438017,0.7514792899408284,0.8217270194986073,0.7933801404212638,0.7090909090909091,0.42122028914481746,0.8592089728453365,0.7290715372907154,0.8667727182342414,0.7951807228915663,0.7659860892977339
118,0.6894,0.6894,0.8696385025978088,0.2056707739830017,0.7572177052497864,0.0060667532049510494,0.008001334132592465,0.770495951417004,0.6879827000308928,0.5054449868569283,0.42394822006472493,0.7214261912695769,0.6333333333333333,0.8178016726403823,0.547645739910314,0.8967183922665989,0.6033057851239669,0.7514792899408284,0.8189415041782729,0.794383149448345,0.7121212121212122,0.418279833374173,0.8623081463990555,0.7336377473363774,0.8661761781666335,0.7951807228915663,0.7659860892977339
119,0.6898,0.6898,0.8896141052246094,0.20712964236736298,0.7586560845375061,0.006075185370947906,0.007997283895444083,0.7735323886639676,0.6882916280506642,0.5063837776943297,0.4174757281553398,0.7334221926024659,0.6361111111111111,0.8273596176821983,0.5454035874439462,0.8964640040702111,0.5950413223140496,0.7585798816568048,0.8050139275766016,0.7973921765295887,0.7242424242424242,0.4170546434697378,0.8628984651711924,0.7420091324200914,0.8689600318154703,0.7951807228915663,0.7675566524568095
120,0.689,0.689,0.8969180583953857,0.2075272649526596,0.7601632475852966,0.006186287633283981,0.008127412421591915,0.7725202429149798,0.6814952116156936,0.5035674051821254,0.43042071197411,0.740753082305898,0.6361111111111111,0.8315412186379928,0.5426008968609866,0.8929025693207835,0.6033057851239669,0.7562130177514793,0.8133704735376045,0.7993981945837513,0.7333333333333333,0.4111737319284489,0.8624557260920898,0.7397260273972602,0.8727381189103202,0.7831325301204819,0.7702490464437963
121,0.6859,0.6859,0.9118825197219849,0.20943717658519745,0.7618300318717957,0.00629161627767473,0.00824773018209137,0.7679655870445344,0.6768612913191226,0.49586932031543374,0.42071197411003236,0.7394201932689104,0.6416666666666667,0.8378136200716846,0.5375560538116592,0.8921394047316205,0.5785123966942148,0.7538461538461538,0.8217270194986073,0.8004012036108324,0.7151515151515152,0.4038225925018378,0.8665879574970484,0.7366818873668188,0.871743885464307,0.7831325301204819,0.7769800314112632
122,0.6845,0.6845,0.8650033473968506,0.2081018090248108,0.7629308700561523,0.005973807694324838,0.007819827589747403,0.763663967611336,0.6703738029039233,0.48141194141945176,0.4174757281553398,0.7477507497500833,0.6472222222222223,0.8413978494623656,0.5325112107623319,0.8893411345713559,0.5785123966942148,0.7562130177514793,0.8050139275766016,0.8054162487462387,0.7181818181818181,0.405047782406273,0.8686540731995277,0.7404870624048706,0.8785046728971962,0.7831325301204819,0.7850572133722235
123,0.6846,0.6846,0.9091536402702332,0.20807695388793945,0.7645314931869507,0.006196630661204157,0.008094547012569312,0.7621457489878543,0.6657398826073525,0.4864814119414195,0.4110032362459547,0.7564145284905032,0.6361111111111111,0.8428912783751493,0.5364349775784754,0.8888323581785805,0.6198347107438017,0.749112426035503,0.807799442896936,0.8054162487462387,0.7090909090909091,0.4109286939475619,0.8685064935064936,0.7351598173515982,0.8806919864784252,0.7831325301204819,0.7866277765312991
124,0.6853,0.6853,0.8635402917861938,0.20612339675426483,0.7655850052833557,0.005802906610736081,0.0075698149203833305,0.7596153846153846,0.6567809700339821,0.49267743146826887,0.42394822006472493,0.7564145284905032,0.6319444444444444,0.839605734767025,0.5397982062780269,0.886034088018316,0.6363636363636364,0.7585798816568048,0.8105849582172702,0.8044132397191575,0.693939393939394,0.4148493016417545,0.8680637544273908,0.7382039573820396,0.8850666136408829,0.7710843373493976,0.7859546780345524
125,0.6875,0.6875,0.8234145045280457,0.20317715406417847,0.7661848664283752,0.0055648626349323075,0.00725361367050877,0.7520242914979757,0.6481309854803831,0.498685692827638,0.43042071197411,0.7497500833055648,0.6263888888888889,0.8378136200716846,0.5504484304932735,0.8885779699821929,0.6198347107438017,0.762130177514793,0.8133704735376045,0.8044132397191575,0.693939393939394,0.4273462386669934,0.8696871310507674,0.7473363774733638,0.8840723801948698,0.7590361445783133,0.7841597487098946
126,0.6904,0.6904,0.9092614054679871,0.20465268194675446,0.767747700214386,0.006020748479337794,0.007831891370418079,0.7477226720647774,0.6444238492431263,0.50657153586181,0.43042071197411,0.7400866377874042,0.6319444444444444,0.8300477897252091,0.5594170403587444,0.8936657339099465,0.628099173553719,0.7633136094674556,0.8189415041782729,0.7933801404212638,0.6878787878787879,0.4386179857877971,0.8720484061393152,0.758751902587519,0.8842712268840723,0.7349397590361446,0.780794256226161
127,0.6904,0.6904,0.8360218405723572,0.20164209604263306,0.7684603929519653,0.005719014376418613,0.007432500007541819,0.7454453441295547,0.6400988569663268,0.5146451370634623,0.46601941747572817,0.7344218593802065,0.6222222222222222,0.8264635603345281,0.577354260089686,0.8995166624268633,0.628099173553719,0.762130177514793,0.8161559888579387,0.7883650952858575,0.696969696969697,0.4474393530997305,0.8736717827626919,0.7557077625570776,0.8810896798568304,0.7590361445783133,0.7785505945703388
128,0.6893,0.6893,0.7575414180755615,0.19648712873458862,0.7683520317077637,0.0050240861752493225,0.006530282586109695,0.7419028340080972,0.6407167130058696,0.5129553135561397,0.4563106796116505,0.7250916361212929,0.6138888888888889,0.8225806451612904,0.577914798206278,0.9018061561943526,0.628099173553719,0.7597633136094675,0.8105849582172702,0.7863590772316951,0.703030303030303,0.451114922813036,0.8745572609208973,0.7534246575342466,0.879697753032412,0.7469879518072289,0.78169172088849
129,0.6894,0.6894,0.8558206558227539,0.1973014920949936,0.7692759037017822,0.00545109837344707,0.007076812798180821,0.7464574898785425,0.6490577695396973,0.5114532482162975,0.4563106796116505,0.7184271909363545,0.6263888888888889,0.8201911589008363,0.5767937219730942,0.9043500381582295,0.6115702479338843,0.7467455621301775,0.8189415041782729,0.7923771313941825,0.703030303030303,0.4516049987748101,0.8769185360094451,0.7534246575342466,0.871743885464307,0.7710843373493976,0.772941440430783
130,0.6898,0.6898,0.9063294529914856,0.199285089969635,0.770767092704773,0.005853522915217888,0.0075845717840901244,0.7505060728744939,0.6604881062712388,0.5191513330829891,0.45307443365695793,0.7240919693435521,0.6402777777777777,0.820489844683393,0.5639013452914798,0.8992622742304757,0.6115702479338843,0.7502958579881657,0.8189415041782729,0.79839518555667,0.7181818181818181,0.444253859348199,0.8747048406139315,0.7480974124809742,0.8699542652614835,0.7590361445783133,0.7668835539600628
131,0.6886,0.6886,0.9385966658592224,0.2024981826543808,0.7726259231567383,0.006508756486868345,0.008413312289626646,0.7606275303643725,0.6694470188446092,0.5260983852797597,0.4336569579288026,0.7294235254915028,0.6472222222222223,0.8237753882915173,0.5510089686098655,0.8995166624268633,0.5867768595041323,0.7502958579881657,0.8133704735376045,0.7973921765295887,0.7151515151515152,0.4288164665523156,0.8682113341204251,0.7496194824961948,0.8707496520182939,0.7469879518072289,0.7677810186223918
132,0.6905,0.6905,0.8661417365074158,0.202714741230011,0.7736170887947083,0.005908059144877501,0.0076270704975930055,0.7694838056680162,0.6827309236947792,0.5234697709350357,0.4336569579288026,0.7360879706764412,0.6638888888888889,0.8336320191158901,0.5437219730941704,0.8992622742304757,0.6198347107438017,0.7455621301775148,0.8050139275766016,0.7953861584754263,0.7212121212121212,0.4165645675079637,0.8593565525383707,0.745814307458143,0.8709484987074965,0.7469879518072289,0.7646398923042406
133,0.6876,0.6876,0.8701419234275818,0.2030421495437622,0.7746416926383972,0.0057503175444798315,0.007413626161481522,0.7740384615384616,0.6944701884460921,0.514457378895982,0.43042071197411,0.753082305898034,0.6680555555555555,0.8419952210274791,0.5414798206278026,0.8954464512846604,0.5950413223140496,0.7585798816568048,0.807799442896936,0.7853560682046138,0.7272727272727273,0.40602793432982115,0.8510920897284534,0.7313546423135464,0.8751242791807516,0.7469879518072289,0.7617231321516715
134,0.6879,0.6879,0.7914417386054993,0.1987806260585785,0.7748115658760071,0.0051355424840270145,0.006619574533189925,0.7793522267206477,0.6953969725054062,0.5073225685317311,0.4368932038834951,0.7600799733422192,0.6680555555555555,0.8470728793309439,0.5414798206278026,0.8916306283388451,0.6033057851239669,0.7680473372781065,0.8050139275766016,0.7843530591775326,0.7272727272727273,0.40700808625336926,0.843417945690673,0.7245053272450532,0.878106979518791,0.7710843373493976,0.7639667938074939
135,0.6891,0.6891,0.918581485748291,0.20054133236408234,0.7763810753822327,0.005865199033527364,0.0075448183899299165,0.7758097165991903,0.6913809082483782,0.49887345099511826,0.42071197411003236,0.7600799733422192,0.6583333333333333,0.8467741935483871,0.5442825112107623,0.8901042991605189,0.6033057851239669,0.7644970414201183,0.8189415041782729,0.7913741223671013,0.7212121212121212,0.40749816221514334,0.8475501770956316,0.7229832572298326,0.8832769934380592,0.7831325301204819,0.7682297509535562
136,0.6898,0.6898,0.8969640731811523,0.20244517922401428,0.7776795029640198,0.00592336774273933,0.007606939337933272,0.771002024291498,0.6811862835959221,0.4846038302666166,0.41423948220064727,0.7617460846384538,0.6527777777777778,0.8500597371565114,0.5588565022421524,0.8931569575171712,0.6033057851239669,0.7656804733727811,0.8189415041782729,0.7963891675025075,0.7181818181818181,0.41509433962264153,0.8561097992916175,0.7359208523592086,0.886060847086896,0.8072289156626506,0.7742876374242764
137,0.6899,0.6899,0.7602933645248413,0.19783355295658112,0.7775076031684875,0.0050950868477370485,0.006544684762230062,0.763917004048583,0.6648130985480383,0.4720240330454375,0.43042071197411,0.7580806397867378,0.6472222222222223,0.8506571087216248,0.5695067264573991,0.9005342152124142,0.6115702479338843,0.7656804733727811,0.8245125348189415,0.8004012036108324,0.7151515151515152,0.4307767703994119,0.8646694214876033,0.741248097412481,0.8904354742493538,0.8072289156626506,0.7789993269015033
138,0.6908,0.6908,0.8986631631851196,0.1986280232667923,0.7788124084472656,0.005705329036101331,0.007316283986121197,0.756831983805668,0.6564720420142107,0.47108524220803605,0.4368932038834951,0.7470843052315894,0.6333333333333333,0.8464755077658304,0.5801569506726457,0.9033324853726787,0.6115702479338843,0.7633136094674556,0.8245125348189415,0.8064192577733199,0.7,0.43518745405537856,0.874409681227863,0.7480974124809742,0.8928216345197852,0.8072289156626506,0.7821404532196545
139,0.6902,0.6902,0.830946683883667,0.19739584624767303,0.7793510556221008,0.0053489951163585665,0.0068546009873649925,0.7451923076923077,0.6465863453815262,0.4746526473901615,0.4368932038834951,0.7437520826391203,0.6333333333333333,0.8446833930704899,0.5829596412556054,0.9068939201221063,0.6198347107438017,0.7644970414201183,0.8133704735376045,0.8174523570712137,0.6909090909090909,0.4425385934819897,0.8782467532467533,0.7519025875190258,0.8912308610061642,0.8192771084337349,0.788422705855957
140,0.6877,0.6877,0.8466668725013733,0.19616404175758362,0.7800529599189758,0.0052750390402793315,0.006753753344493501,0.7451923076923077,0.6382452888476985,0.496057078482914,0.43042071197411,0.7454181939353549,0.6333333333333333,0.8419952210274791,0.5790358744394619,0.9048588145510048,0.628099173553719,0.762130177514793,0.8133704735376045,0.8204613841524574,0.7,0.4371477579024749,0.8785419126328218,0.7519025875190258,0.886060847086896,0.8192771084337349,0.7866277765312991
141,0.686,0.686,0.8887155652046204,0.19840092957019806,0.7812143564224243,0.005631000077749715,0.007198794079290421,0.7396255060728745,0.6385542168674698,0.5142696207285017,0.42071197411003236,0.7440853048983672,0.6319444444444444,0.8387096774193549,0.5767937219730942,0.9058763673365556,0.6198347107438017,0.757396449704142,0.807799442896936,0.8124373119358074,0.7090909090909091,0.4320019603038471,0.8761806375442739,0.76103500761035,0.8793000596540068,0.8072289156626506,0.7852815795378058
142,0.6904,0.6904,0.9455767273902893,0.20155006647109985,0.7830288410186768,0.00629720396092517,0.008031852441478183,0.7403846153846154,0.6438059932035836,0.540743522343222,0.4174757281553398,0.7484171942685771,0.6416666666666667,0.8387096774193549,0.554932735426009,0.9030780971762911,0.6115702479338843,0.7514792899408284,0.8022284122562674,0.8044132397191575,0.7181818181818181,0.4214653271257045,0.8705726092089728,0.758751902587519,0.8745277391131437,0.8072289156626506,0.780794256226161
143,0.6903,0.6903,0.8743476867675781,0.20255127549171448,0.7839946746826172,0.005857458928678946,0.007461781738898021,0.7492408906882592,0.6521470497374112,0.5525722868944799,0.39805825242718446,0.745084971676108,0.6541666666666667,0.8363201911589009,0.5414798206278026,0.8962096158738234,0.6033057851239669,0.7514792899408284,0.8022284122562674,0.8044132397191575,0.7181818181818181,0.4109286939475619,0.868801652892562,0.7549467275494672,0.8755219725591569,0.7951807228915663,0.7722683419340364
144,0.6907,0.6907,0.9047725200653076,0.20445960760116577,0.7852944135665894,0.005863093097329163,0.007456612938065383,0.7586032388663968,0.6620327463700958,0.5473150582050319,0.3851132686084142,0.7477507497500833,0.6513888888888889,0.8393070489844683,0.5403587443946188,0.8957008394810481,0.6115702479338843,0.7479289940828402,0.7827298050139275,0.8054162487462387,0.7212121212121212,0.40749816221514334,0.8671782762691853,0.7519025875190258,0.8773115927619806,0.7831325301204819,0.7635180614763294
145,0.6885,0.6885,0.8980837464332581,0.20430846512317657,0.7865024209022522,0.005815955424531564,0.007385317517967938,0.7634109311740891,0.6703738029039233,0.5291025159594442,0.39158576051779936,0.7454181939353549,0.6597222222222222,0.8410991636798089,0.5515695067264574,0.8954464512846604,0.6115702479338843,0.749112426035503,0.7855153203342619,0.7993981945837513,0.7181818181818181,0.41852487135506006,0.8673258559622196,0.7488584474885844,0.8834758401272619,0.7831325301204819,0.7556652456809513
146,0.6873,0.6873,0.8631550073623657,0.20361480116844177,0.7873058319091797,0.0055431511933348625,0.007031726734673563,0.7692307692307693,0.6774791473586654,0.5142696207285017,0.43042071197411,0.7437520826391203,0.6569444444444444,0.8405017921146953,0.5588565022421524,0.894937674891885,0.6198347107438017,0.7455621301775148,0.7938718662952646,0.7953861584754263,0.7151515151515152,0.4288164665523156,0.8680637544273908,0.7503805175038052,0.8856631537084908,0.7831325301204819,0.7482611622167377
147,0.6873,0.6873,0.9206528067588806,0.20460939407348633,0.7887510061264038,0.0059420004603343846,0.007523890965937353,0.7715080971659919,0.6799505715168366,0.49662035298535484,0.4368932038834951,0.7427524158613795,0.6583333333333333,0.8375149342891278,0.5689461883408071,0.9000254388196388,0.6198347107438017,0.7467455621301775,0.8022284122562674,0.7923771313941825,0.7181818181818181,0.4437637833864249,0.8727863046044865,0.7465753424657534,0.8880493139789223,0.7831325301204819,0.7478124298855733
148,0.688,0.688,0.8790080547332764,0.2037968933582306,0.7897045612335205,0.005621624221122291,0.007109639297327949,0.7725202429149798,0.6827309236947792,0.47615471273000376,0.44660194174757284,0.740753082305898,0.6555555555555556,0.8381123058542413,0.5807174887892377,0.9023149325871279,0.6198347107438017,0.749112426035503,0.8189415041782729,0.8004012036108324,0.7212121212121212,0.45307522666013234,0.8736717827626919,0.7359208523592086,0.8906343209385563,0.7831325301204819,0.7482611622167377
149,0.6882,0.6882,0.9036771655082703,0.20482569932937622,0.7909256219863892,0.005741361102187858,0.007249874158367028,0.77834008097166,0.6855112758727216,0.45981975215921894,0.4563106796116505,0.7424191936021326,0.65,0.8390083632019116,0.5880044843049327,0.9038412617654541,0.6115702479338843,0.757396449704142,0.8272980501392758,0.7953861584754263,0.7121212121212122,0.4523401127174712,0.8773612750885478,0.7382039573820396,0.8902366275601511,0.8072289156626506,0.7480367960511555
150,0.6889,0.6889,0.9098018407821655,0.2054421305656433,0.7922026515007019,0.005870182006318898,0.007400608148766008,0.7813765182186235,0.691998764287921,0.4560645888096132,0.4336569579288026,0.7410863045651449,0.6486111111111111,0.8381123058542413,0.593609865470852,0.9030780971762911,0.5950413223140496,0.7609467455621302,0.8245125348189415,0.794383149448345,0.706060606060606,0.44988973290860085,0.880608028335301,0.7359208523592086,0.8914297076953669,0.8072289156626506,0.7498317253758133
151,0.6896,0.6896,0.9199048280715942,0.20659951865673065,0.7935813665390015,0.005946576521291464,0.007483911367306876,0.7765688259109311,0.6898362681495211,0.4613218174990612,0.43042071197411,0.7417527490836388,0.6416666666666667,0.8375149342891278,0.5812780269058296,0.9066395319257187,0.5950413223140496,0.7585798816568048,0.8272980501392758,0.7953861584754263,0.706060606060606,0.44082332761578047,0.8814935064935064,0.7366818873668188,0.8862596937760986,0.8072289156626506,0.7500560915413955
152,0.69,0.69,0.8940055966377258,0.2058146744966507,0.7946484684944153,0.005810067632760195,0.0073023048027157445,0.7720141700404858,0.683348779734322,0.47671798723244463,0.42394822006472493,0.7470843052315894,0.6416666666666667,0.8419952210274791,0.5790358744394619,0.9068939201221063,0.5785123966942148,0.7715976331360946,0.8189415041782729,0.79839518555667,0.7151515151515152,0.4339622641509434,0.8789846517119244,0.7351598173515982,0.8856631537084908,0.7951807228915663,0.7610500336549249
153,0.6908,0.6908,0.918755829334259,0.20618097484111786,0.7959854006767273,0.005983555241374792,0.007507735068037762,0.7687246963562753,0.6762434352795799,0.49267743146826887,0.4336569579288026,0.7510829723425525,0.6388888888888888,0.8408004778972521,0.5678251121076233,0.9068939201221063,0.5867768595041323,0.770414201183432,0.8272980501392758,0.802407221664995,0.7242424242424242,0.4256309728007841,0.8745572609208973,0.7366818873668188,0.8870550805329092,0.7951807228915663,0.7720439757684541
154,0.6915,0.6915,0.8388532400131226,0.20339249074459076,0.796425461769104,0.005438815607654681,0.00682046895717195,0.7682186234817814,0.670064874884152,0.5058205031918889,0.44336569579288027,0.753082305898034,0.6416666666666667,0.8428912783751493,0.5667040358744395,0.9099465784787586,0.5785123966942148,0.7680473372781065,0.8356545961002786,0.8004012036108324,0.7242424242424242,0.41778975741239893,0.8689492325855962,0.7420091324200914,0.8874527739113144,0.7951807228915663,0.7821404532196545
155,0.6941,0.6941,0.9121440052986145,0.20397062599658966,0.7976657152175903,0.005655830486920072,0.007081599196203363,0.7667004048582996,0.6648130985480383,0.5182125422455877,0.41423948220064727,0.7547484171942686,0.6388888888888888,0.8402031063321386,0.5571748878923767,0.911218519460697,0.6033057851239669,0.7609467455621302,0.8245125348189415,0.8074222668004012,0.7121212121212122,0.41068365596667483,0.8680637544273908,0.745814307458143,0.8884470073573275,0.7951807228915663,0.7964998878169172
156,0.6958,0.6958,0.7385584712028503,0.19532795250415802,0.797096312046051,0.004601215275524339,0.005765238112338055,0.756831983805668,0.659870250231696,0.5242208036049568,0.42071197411003236,0.7537487504165278,0.6416666666666667,0.8372162485065711,0.5526905829596412,0.9094378020859832,0.6115702479338843,0.7467455621301775,0.8217270194986073,0.794383149448345,0.7151515151515152,0.40823327615780447,0.8674734356552538,0.756468797564688,0.8890435474249354,0.7951807228915663,0.8016603096253085
157,0.6947,0.6947,0.8782842755317688,0.19571225345134735,0.7979491949081421,0.005257163151065229,0.006580096938040802,0.756578947368421,0.6601791782514674,0.5300413067968457,0.43042071197411,0.7477507497500833,0.6458333333333334,0.8300477897252091,0.5504484304932735,0.9081658611040447,0.6115702479338843,0.7420118343195267,0.8133704735376045,0.7933801404212638,0.7212121212121212,0.4089683901004656,0.8738193624557261,0.7656012176560122,0.8920262477629748,0.8072289156626506,0.801211577294144
158,0.6945,0.6945,0.8887160420417786,0.19673854112625122,0.7989079356193542,0.005622554083894741,0.007029001505706152,0.7563259109311741,0.6595613222119246,0.5332331956440105,0.42718446601941745,0.7360879706764412,0.6402777777777777,0.8264635603345281,0.5605381165919282,0.910455354871534,0.6446280991735537,0.7396449704142012,0.8050139275766016,0.7833500501504513,0.7181818181818181,0.41778975741239893,0.8766233766233766,0.7656012176560122,0.8900377808709485,0.8072289156626506,0.8016603096253085
159,0.6934,0.6934,0.8897415995597839,0.19749577343463898,0.7998672723770142,0.0055617560761340255,0.00694466644844464,0.756831983805668,0.6641952425084955,0.5276004506196019,0.4336569579288026,0.7337554148617128,0.6486111111111111,0.8270609318996416,0.5622197309417041,0.9074026965148817,0.6446280991735537,0.7313609467455622,0.7966573816155988,0.7763289869608826,0.703030303030303,0.42538593481989706,0.8783943329397875,0.7709284627092846,0.8922250944521773,0.8192771084337349,0.7929100291676016
160,0.6959,0.6959,0.8698148131370544,0.19751882553100586,0.8005970120429993,0.005338586953245662,0.006659938688692729,0.7616396761133604,0.6706827309236948,0.5152084115659031,0.43042071197411,0.7294235254915028,0.6430555555555556,0.8291517323775388,0.5689461883408071,0.906385143729331,0.6528925619834711,0.7384615384615385,0.8022284122562674,0.7793380140421263,0.703030303030303,0.4410683655966675,0.8783943329397875,0.7663622526636226,0.89242394114138,0.8192771084337349,0.7803455238949967
161,0.6934,0.6934,0.8620478510856628,0.19683051109313965,0.8012348413467407,0.005204256576479461,0.006487198396597793,0.771002024291498,0.6777880753784368,0.49793466015771687,0.4563106796116505,0.7354215261579473,0.6527777777777778,0.8375149342891278,0.5807174887892377,0.9033324853726787,0.6446280991735537,0.7420118343195267,0.8050139275766016,0.7823470411233701,0.7090909090909091,0.4543004165645675,0.8769185360094451,0.7617960426179604,0.8936170212765957,0.8192771084337349,0.7772043975768455
162,0.692,0.692,0.848902702331543,0.1964379996061325,0.8017255663871765,0.005063041450726788,0.006307313062811737,0.7760627530364372,0.6836577077540933,0.48479158843409687,0.44336569579288027,0.7417527490836388,0.6541666666666667,0.8345280764635603,0.5840807174887892,0.9035868735690664,0.628099173553719,0.7479289940828402,0.7994428969359332,0.7843530591775326,0.7121212121212122,0.457730948296986,0.8769185360094451,0.7572298325722984,0.8920262477629748,0.8313253012048193,0.7711465111061252
163,0.6932,0.6932,0.8740971088409424,0.19727443158626556,0.8024815320968628,0.005345324532953042,0.006652703664517634,0.7790991902834008,0.6886005560704356,0.47859556890724747,0.45307443365695793,0.7464178607130957,0.6666666666666666,0.8384109916367981,0.5812780269058296,0.9046044263546171,0.6198347107438017,0.7526627218934911,0.8022284122562674,0.7903711133400201,0.7181818181818181,0.4489095809850527,0.8779515938606848,0.758751902587519,0.8922250944521773,0.8192771084337349,0.768005384787974
164,0.6919,0.6919,0.8963991403579712,0.19918052852153778,0.8034752011299133,0.005579604902019179,0.0069357077684712104,0.7803643724696356,0.6852023478529503,0.4859181374389786,0.4174757281553398,0.7524158613795402,0.6652777777777777,0.8416965352449224,0.577354260089686,0.9051132027473925,0.628099173553719,0.7562130177514793,0.7994428969359332,0.7933801404212638,0.7272727272727273,0.43886302376868414,0.8747048406139315,0.7503805175038052,0.8914297076953669,0.8072289156626506,0.7641911599730761
165,0.6923,0.6923,0.8805097937583923,0.19918212294578552,0.8042819499969482,0.005431304228544546,0.006744599489116984,0.7773279352226721,0.6818041396354649,0.5018775816748029,0.40129449838187703,0.7560813062312562,0.6694444444444444,0.8408004778972521,0.5627802690582959,0.9086746374968201,0.6198347107438017,0.762130177514793,0.807799442896936,0.7903711133400201,0.7424242424242424,0.4263660867434452,0.8702774498229043,0.743531202435312,0.8880493139789223,0.8313253012048193,0.7606013013237604
166,0.6926,0.6926,0.9293662309646606,0.20302529633045197,0.8056289553642273,0.005665060276469773,0.007023130323795229,0.7720141700404858,0.6805684275563794,0.5137063462260608,0.3948220064724919,0.7504165278240587,0.6666666666666666,0.8357228195937874,0.5655829596412556,0.9114729076570847,0.6115702479338843,0.7656804733727811,0.8217270194986073,0.7883650952858575,0.7393939393939394,0.42048517520215634,0.8630460448642266,0.7366818873668188,0.8870550805329092,0.8313253012048193,0.7632936953107471
167,0.6914,0.6914,0.9147307872772217,0.2032339870929718,0.8067930340766907,0.005668528688218838,0.0070173032560227255,0.7679655870445344,0.6675934507259809,0.5182125422455877,0.3818770226537217,0.7557480839720093,0.6597222222222222,0.8339307048984468,0.5644618834080718,0.9114729076570847,0.6033057851239669,0.762130177514793,0.8133704735376045,0.7903711133400201,0.7303030303030303,0.42048517520215634,0.8584710743801653,0.7336377473363774,0.8832769934380592,0.8072289156626506,0.7698003141126318
168,0.6917,0.6917,0.8890640139579773,0.20226745307445526,0.8076572418212891,0.005483767907508932,0.006781325416882656,0.7664473684210527,0.6675934507259809,0.510514457378896,0.39158576051779936,0.7544151949350216,0.6583333333333333,0.8351254480286738,0.5566143497757847,0.9091834138895956,0.5867768595041323,0.7597633136094675,0.807799442896936,0.7913741223671013,0.7333333333333333,0.41607449154618964,0.8553719008264463,0.7374429223744292,0.8862596937760986,0.8072289156626506,0.776755665245681
169,0.6884,0.6884,0.9053692817687988,0.20191481709480286,0.8086928725242615,0.005645509351094178,0.006972408357126815,0.7646761133603239,0.6663577386468953,0.5028163725122042,0.39805825242718446,0.7477507497500833,0.6486111111111111,0.8348267622461171,0.5526905829596412,0.9114729076570847,0.5950413223140496,0.7550295857988165,0.8050139275766016,0.7953861584754263,0.7121212121212122,0.4148493016417545,0.86142266824085,0.7488584474885844,0.8874527739113144,0.7951807228915663,0.7825891855508189
170,0.6897,0.6897,0.900989830493927,0.201915442943573,0.8096677660942078,0.0055908355977558645,0.006896580611182403,0.7623987854251012,0.6635773864689527,0.4977469019902366,0.3851132686084142,0.7434188603798734,0.6430555555555556,0.8354241338112306,0.5493273542600897,0.9117272958534725,0.6115702479338843,0.7585798816568048,0.8022284122562674,0.79839518555667,0.693939393939394,0.4089683901004656,0.8655548996458088,0.7511415525114156,0.890833167627759,0.7831325301204819,0.784608481041059
171,0.6907,0.6907,0.8867736458778381,0.2009277194738388,0.8104751706123352,0.00545659618170848,0.00672429222645341,0.7641700404858299,0.6629595304294099,0.4969958693203154,0.3948220064724919,0.7357547484171942,0.6486111111111111,0.8324372759856631,0.5442825112107623,0.911218519460697,0.6115702479338843,0.7609467455621302,0.8022284122562674,0.8064192577733199,0.693939393939394,0.40357755452095073,0.8698347107438017,0.7572298325722984,0.8910320143169617,0.7831325301204819,0.784608481041059
172,0.6905,0.6905,0.8805494904518127,0.20097506046295166,0.8112059831619263,0.00540282852795865,0.0066520422650980515,0.7659412955465587,0.6691380908248378,0.49342846413819,0.3948220064724919,0.7314228590469843,0.6458333333333334,0.8315412186379928,0.5442825112107623,0.910455354871534,0.5867768595041323,0.7514792899408284,0.7938718662952646,0.8124373119358074,0.6909090909090909,0.4065180102915952,0.8714580873671782,0.7549467275494672,0.8910320143169617,0.7951807228915663,0.784608481041059
173,0.689,0.689,0.8626201152801514,0.20099502801895142,0.8117361664772034,0.005177292300633847,0.0063702004588706415,0.763663967611336,0.670064874884152,0.49568156214795345,0.39158576051779936,0.7350883038987004,0.6388888888888888,0.8321385902031063,0.5510089686098655,0.9066395319257187,0.5785123966942148,0.7479289940828402,0.7910863509749304,0.8154463390170511,0.6878787878787879,0.4126439598137711,0.8769185360094451,0.7549467275494672,0.8898389341817459,0.7951807228915663,0.7798967915638322
174,0.6896,0.6896,0.9086504578590393,0.20276980102062225,0.8127625584602356,0.005483203720369318,0.006738087988152694,0.7669534412955465,0.6728452270620945,0.5005632745024409,0.4077669902912621,0.7434188603798734,0.6305555555555555,0.8351254480286738,0.5554932735426009,0.9028237089799034,0.5950413223140496,0.7585798816568048,0.7966573816155988,0.8104312938816449,0.693939393939394,0.42048517520215634,0.8814935064935064,0.7519025875190258,0.886060847086896,0.7831325301204819,0.7668835539600628
175,0.6906,0.6906,0.8607204556465149,0.20000499486923218,0.8132561445236206,0.005180948218007986,0.006362799044076103,0.771002024291498,0.6740809391411801,0.5108899737138566,0.42394822006472493,0.7414195268243918,0.6430555555555556,0.8357228195937874,0.5588565022421524,0.9015517679979649,0.5785123966942148,0.757396449704142,0.7966573816155988,0.8114343029087262,0.696969696969697,0.4307767703994119,0.8863636363636364,0.7526636225266362,0.881288526546033,0.7951807228915663,0.7619474983172537
176,0.6932,0.6932,0.8968490958213806,0.19948942959308624,0.8141346573829651,0.005269165085272093,0.006464165199635897,0.7720141700404858,0.6790237874575223,0.5155839279008637,0.42394822006472493,0.7417527490836388,0.6458333333333334,0.8384109916367981,0.5532511210762332,0.9038412617654541,0.5950413223140496,0.7479289940828402,0.8050139275766016,0.8134403209628887,0.703030303030303,0.4344523401127175,0.8872491145218417,0.7625570776255708,0.8771127460727779,0.8072289156626506,0.7659860892977339
177,0.6963,0.6963,0.9058352112770081,0.19989320635795593,0.8151025772094727,0.005406775200106027,0.0066251171741101445,0.770242914979757,0.6830398517145505,0.5167104769057455,0.42394822006472493,0.745084971676108,0.6444444444444445,0.8375149342891278,0.5521300448430493,0.9040956499618418,0.5950413223140496,0.7526627218934911,0.8105849582172702,0.8114343029087262,0.7181818181818181,0.43690271992158786,0.890495867768595,0.7663622526636226,0.8775104394511831,0.8192771084337349,0.7689028494503028
178,0.698,0.698,0.8768599629402161,0.20021164417266846,0.8157433271408081,0.005239965742763823,0.006415682343077708,0.7720141700404858,0.6861291319122644,0.518400300413068,0.43042071197411,0.7460846384538488,0.6555555555555556,0.8408004778972521,0.5594170403587444,0.9061307555329433,0.6115702479338843,0.7479289940828402,0.8050139275766016,0.8114343029087262,0.7181818181818181,0.438127909826023,0.8881345926800472,0.7671232876712328,0.87651620600517,0.8192771084337349,0.7706977787749607
179,0.7007,0.7007,0.8328341245651245,0.19805611670017242,0.8159160614013672,0.004909759209048434,0.006010114675216516,0.7773279352226721,0.6892184121099784,0.5232820127675554,0.44336569579288027,0.7467510829723426,0.6736111111111112,0.8452807646356033,0.5594170403587444,0.9066395319257187,0.6115702479338843,0.762130177514793,0.8022284122562674,0.8034102306920762,0.7090909090909091,0.4354324920362656,0.8823789846517119,0.7625570776255708,0.8743288924239412,0.8313253012048193,0.7745120035898586
180,0.699,0.699,0.9210372567176819,0.19995509088039398,0.8170343041419983,0.005479260940331029,0.006698082112923119,0.7740384615384616,0.6963237565647205,0.5199023657529103,0.42718446601941745,0.7557480839720093,0.6708333333333333,0.8479689366786141,0.5667040358744395,0.9066395319257187,0.5950413223140496,0.7644970414201183,0.8245125348189415,0.802407221664995,0.7212121212121212,0.4430286694437638,0.8764757969303424,0.7640791476407914,0.8715450387751044,0.8192771084337349,0.7711465111061252
181,0.7006,0.7006,0.8514299988746643,0.19859929382801056,0.8173853754997253,0.004962227515544252,0.006063436205118156,0.7735323886639676,0.6855112758727216,0.5221554637626736,0.4368932038834951,0.7637454181939354,0.6666666666666666,0.8509557945041816,0.5728699551569507,0.9030780971762911,0.6033057851239669,0.7692307692307693,0.8161559888579387,0.7963891675025075,0.7090909090909091,0.45209507473658417,0.8704250295159386,0.7602739726027398,0.8737323523563333,0.8192771084337349,0.7745120035898586
182,0.6994,0.6994,0.8377485275268555,0.19565542042255402,0.8175914883613586,0.0046721086337040306,0.00570749720725361,0.7661943319838057,0.6734630831016373,0.510514457378896,0.45307443365695793,0.7664111962679107,0.6722222222222223,0.8467741935483871,0.5723094170403588,0.9040956499618418,0.6033057851239669,0.7715976331360946,0.8189415041782729,0.8004012036108324,0.693939393939394,0.45454545454545453,0.8705726092089728,0.7640791476407914,0.8769138993835752,0.8192771084337349,0.7749607359210231
183,0.6978,0.6978,0.9098643660545349,0.19688621163368225,0.8185656666755676,0.00546632488017572,0.006669782669580293,0.7586032388663968,0.6672845227062094,0.5080736012016522,0.46601941747572817,0.7680773075641453,0.6597222222222222,0.8509557945041816,0.5790358744394619,0.9038412617654541,0.5702479338842975,0.7538461538461538,0.8105849582172702,0.8034102306920762,0.696969696969697,0.4589561382014212,0.8710153482880756,0.7579908675799086,0.8804931397892225,0.8072289156626506,0.7852815795378058
184,0.6959,0.6959,0.8813284039497375,0.19771388173103333,0.8192171454429626,0.005287624062224409,0.006446614889242286,0.7555668016194332,0.6617238183503243,0.5075103266992114,0.47896440129449835,0.7617460846384538,0.6555555555555556,0.8500597371565114,0.577914798206278,0.9046044263546171,0.5867768595041323,0.7538461538461538,0.7855153203342619,0.8034102306920762,0.703030303030303,0.4543004165645675,0.8713105076741441,0.7579908675799086,0.8868562338437065,0.8072289156626506,0.7828135517164012
185,0.6936,0.6936,0.8907936215400696,0.19954989850521088,0.8199638724327087,0.005359189890182996,0.006527924151281418,0.7563259109311741,0.6645041705282669,0.5084491175366128,0.48220064724919093,0.7617460846384538,0.6375,0.8458781362007168,0.5695067264573991,0.9048588145510048,0.5785123966942148,0.7502958579881657,0.7827298050139275,0.8014042126379137,0.703030303030303,0.4410683655966675,0.8699822904368358,0.756468797564688,0.8856631537084908,0.8072289156626506,0.7873008750280458
186,0.6929,0.6929,0.8630321025848389,0.19778379797935486,0.8204057216644287,0.005141693153402516,0.006259626659263845,0.7583502024291497,0.6635773864689527,0.507885843034172,0.4627831715210356,0.7574141952682439,0.6375,0.8464755077658304,0.5661434977578476,0.9076570847112694,0.5867768595041323,0.7479289940828402,0.7799442896935933,0.794383149448345,0.706060606060606,0.43420730213183045,0.8668831168831169,0.7465753424657534,0.8882481606681248,0.8072289156626506,0.787525241193628
187,0.6899,0.6899,0.8862893581390381,0.19829139113426208,0.8210907578468323,0.005267942884872262,0.006407982129211284,0.7621457489878543,0.6660488106271238,0.5046939541870071,0.4563106796116505,0.7557480839720093,0.6333333333333333,0.8443847072879331,0.5633408071748879,0.9056219791401678,0.5785123966942148,0.7514792899408284,0.7771587743732591,0.7883650952858575,0.706060606060606,0.4339622641509434,0.8680637544273908,0.7572298325722984,0.8922250944521773,0.8192771084337349,0.77967242539825
188,0.6935,0.6935,0.9185678362846375,0.1996953934431076,0.8221227526664734,0.005633857982236606,0.006844493077109031,0.7646761133603239,0.6672845227062094,0.5122042808862185,0.4563106796116505,0.7504165278240587,0.6375,0.8419952210274791,0.5650224215246636,0.9053675909437802,0.5785123966942148,0.7597633136094675,0.7883008356545961,0.7813440320962889,0.7181818181818181,0.43518745405537856,0.869391971664699,0.754185692541857,0.8942135613442036,0.8072289156626506,0.7785505945703388
189,0.6938,0.6938,0.8766956329345703,0.1992528736591339,0.8226863741874695,0.005386476426823253,0.006539474969628794,0.7667004048582996,0.6765523632993512,0.5122042808862185,0.4627831715210356,0.7444185271576141,0.6416666666666667,0.8393070489844683,0.570627802690583,0.9076570847112694,0.5785123966942148,0.7680473372781065,0.7855153203342619,0.7723169508525577,0.7151515151515152,0.44278363146287675,0.8735242030696576,0.7602739726027398,0.8964008749254325,0.7951807228915663,0.7789993269015033
190,0.695,0.695,0.911422848701477,0.20051883161067963,0.8236210942268372,0.00551211048078504,0.006684416054082611,0.7689777327935222,0.6716095149830089,0.5084491175366128,0.47249190938511326,0.7430856381206264,0.6375,0.8366188769414575,0.5756726457399103,0.9107097430679216,0.5867768595041323,0.7668639053254438,0.7827298050139275,0.7683049147442327,0.7242424242424242,0.4484195050232786,0.8760330578512396,0.7633181126331812,0.8965997216146351,0.7710843373493976,0.7805698900605789
191,0.6969,0.6969,0.9065305590629578,0.20112402737140656,0.8244913220405579,0.00544367575413451,0.0065944675719644364,0.7674595141700404,0.6654309545875811,0.5069470521967706,0.4886731391585761,0.7384205264911696,0.6402777777777777,0.8306451612903226,0.5812780269058296,0.9107097430679216,0.6115702479338843,0.7644970414201183,0.7938718662952646,0.7662988966900702,0.7151515151515152,0.4543004165645675,0.881198347107438,0.7648401826484018,0.8952077947902167,0.7710843373493976,0.7848328472066413
192,0.6958,0.6958,0.9067030549049377,0.20250508189201355,0.8253540992736816,0.0055199152961286505,0.006679842577147427,0.7672064777327935,0.6604881062712388,0.49793466015771687,0.5080906148867314,0.7394201932689104,0.6361111111111111,0.8345280764635603,0.5795964125560538,0.9145255660137369,0.6115702479338843,0.762130177514793,0.7966573816155988,0.7743229689067201,0.7090909090909091,0.4604263660867434,0.8845926800472255,0.7701674277016742,0.8934181745873931,0.7831325301204819,0.7897689028494503
193,0.6961,0.6961,0.8531538844108582,0.1999068260192871,0.8256366848945618,0.005064733209358315,0.006126915611063554,0.7621457489878543,0.6607970342910102,0.4909876079609463,0.511326860841424,0.7454181939353549,0.6416666666666667,0.8416965352449224,0.5790358744394619,0.9145255660137369,0.6115702479338843,0.7562130177514793,0.8050139275766016,0.7883650952858575,0.706060606060606,0.45650575839255086,0.8851829988193625,0.7633181126331812,0.8914297076953669,0.7831325301204819,0.7908907336773614
194,0.6959,0.6959,0.7723261117935181,0.19474820792675018,0.8251206874847412,0.004343105592140079,0.005257228947217592,0.7593623481781376,0.661414890330553,0.488171235448742,0.49514563106796117,0.7540819726757747,0.6361111111111111,0.8485663082437276,0.5739910313901345,0.9147799542101247,0.6115702479338843,0.7609467455621302,0.807799442896936,0.7963891675025075,0.7151515151515152,0.4491546189659397,0.8847402597402597,0.7640791476407914,0.8894412408033406,0.7831325301204819,0.7886470720215392
195,0.6954,0.6954,0.8812500834465027,0.19488157331943512,0.8257008790969849,0.004841107783348428,0.005855936416369155,0.7616396761133604,0.6645041705282669,0.488171235448742,0.4854368932038835,0.7660779740086637,0.6347222222222222,0.8572281959378734,0.5627802690582959,0.9135080132281862,0.6033057851239669,0.7680473372781065,0.807799442896936,0.8054162487462387,0.7242424242424242,0.4410683655966675,0.8814935064935064,0.7519025875190258,0.8836746868164645,0.8072289156626506,0.7913394660085259
196,0.6946,0.6946,0.8806083798408508,0.1953679621219635,0.8262679576873779,0.004979150047000585,0.006018787504981778,0.7634109311740891,0.6669755946864381,0.49324070597070974,0.47572815533980584,0.7807397534155281,0.6513888888888889,0.8620071684587813,0.5594170403587444,0.9140167896209616,0.5950413223140496,0.7692307692307693,0.7994428969359332,0.8034102306920762,0.7333333333333333,0.4371477579024749,0.875590318772137,0.754185692541857,0.8820839133028435,0.8072289156626506,0.7881983396903747
197,0.6958,0.6958,0.933973491191864,0.19696550071239471,0.8274143934249878,0.0056423690587324125,0.006811046625354565,0.7644230769230769,0.6765523632993512,0.4943672549755914,0.47249190938511326,0.7887370876374542,0.6625,0.8617084826762246,0.5582959641255605,0.9091834138895956,0.5950413223140496,0.7727810650887574,0.7966573816155988,0.8044132397191575,0.7272727272727273,0.43298211222739524,0.8726387249114522,0.756468797564688,0.8794989063432094,0.8192771084337349,0.7888714381871214
198,0.6958,0.6958,0.909308135509491,0.1979682445526123,0.8282734155654907,0.005581518086218156,0.006730612583802722,0.7667004048582996,0.6796416434970651,0.5022530980097635,0.4692556634304207,0.7830723092302566,0.6652777777777777,0.8533452807646356,0.5526905829596412,0.906385143729331,0.6198347107438017,0.7644970414201183,0.807799442896936,0.8094282848545636,0.7090909090909091,0.43469737809360454,0.8690968122786304,0.7549467275494672,0.8794989063432094,0.8192771084337349,0.7926856630020193
199,0.6959,0.6959,0.8645694255828857,0.19687554240226746,0.828644335269928,0.005094437164637381,0.0061405073813707006,0.770495951417004,0.6892184121099784,0.5075103266992114,0.4563106796116505,0.773075641452849,0.6569444444444444,0.8500597371565114,0.5577354260089686,0.9051132027473925,0.6446280991735537,0.770414201183432,0.7966573816155988,0.8034102306920762,0.703030303030303,0.43371722617005637,0.8705726092089728,0.754185692541857,0.881288526546033,0.8192771084337349,0.7931343953331838
