round,global_acc,per_client_gen_acc,base_lr,mean_client_lr,min_client_lr,max_client_lr,local_c00,local_c01,local_c02,local_c03,local_c04,local_c05,local_c06,local_c07,local_c08,local_c09,local_c10,local_c11,local_c12,local_c13,local_c14,local_c15,local_c16,local_c17,local_c18,local_c19
0,0.1,0.1,0.099,0.10000000000000002,0.1,0.1,0.002045512656609563,0.004319654427645789,0.0009389671361502347,0.016181229773462782,0.8805031446540881,0.20658682634730538,0.0070921985815602835,0.0030845157310302285,0.002379819133745835,0.5223214285714286,0.7062726176115802,0.013966480446927373,0.0025367833587011668,0.03937007874015748,0.0019455252918287938,0.0009721952167995333,0.0013468013468013469,0.0009778994719342852,0.08287292817679558,0.1682278006744099
1,0.1,0.1,0.09801,0.10000000000000002,0.1,0.1,0.002045512656609563,0.004319654427645789,0.0009389671361502347,0.016181229773462782,0.8805031446540881,0.20658682634730538,0.0070921985815602835,0.0030845157310302285,0.002379819133745835,0.5223214285714286,0.7062726176115802,0.013966480446927373,0.0025367833587011668,0.03937007874015748,0.0019455252918287938,0.0009721952167995333,0.0013468013468013469,0.0009778994719342852,0.08287292817679558,0.1682278006744099
2,0.1,0.1,0.0970299,0.10000000000000002,0.1,0.1,0.002045512656609563,0.004319654427645789,0.0009389671361502347,0.016181229773462782,0.8805031446540881,0.20658682634730538,0.0070921985815602835,0.0030845157310302285,0.002379819133745835,0.5223214285714286,0.7062726176115802,0.013966480446927373,0.0025367833587011668,0.03937007874015748,0.0019455252918287938,0.0009721952167995333,0.0013468013468013469,0.0009778994719342852,0.08287292817679558,0.1682278006744099
3,0.1,0.1,0.096059601,0.10000000000000002,0.1,0.1,0.002045512656609563,0.004319654427645789,0.0009389671361502347,0.016181229773462782,0.8805031446540881,0.20658682634730538,0.0070921985815602835,0.0030845157310302285,0.002379819133745835,0.5223214285714286,0.7062726176115802,0.013966480446927373,0.0025367833587011668,0.03937007874015748,0.0019455252918287938,0.0009721952167995333,0.0013468013468013469,0.0009778994719342852,0.08287292817679558,0.1682278006744099
4,0.1,0.1,0.09509900499,0.10000000000000002,0.1,0.1,0.002045512656609563,0.004319654427645789,0.0009389671361502347,0.016181229773462782,0.8805031446540881,0.20658682634730538,0.0070921985815602835,0.0030845157310302285,0.002379819133745835,0.5223214285714286,0.7062726176115802,0.013966480446927373,0.0025367833587011668,0.03937007874015748,0.0019455252918287938,0.0009721952167995333,0.0013468013468013469,0.0009778994719342852,0.08287292817679558,0.1682278006744099
5,0.1,0.1,0.0941480149401,0.10000000000000002,0.1,0.1,0.002045512656609563,0.004319654427645789,0.0009389671361502347,0.016181229773462782,0.8805031446540881,0.20658682634730538,0.0070921985815602835,0.0030845157310302285,0.002379819133745835,0.5223214285714286,0.7062726176115802,0.013966480446927373,0.0025367833587011668,0.03937007874015748,0.0019455252918287938,0.0009721952167995333,0.0013468013468013469,0.0009778994719342852,0.08287292817679558,0.1682278006744099
6,0.1,0.1,0.093206534790699,0.10000000000000002,0.1,0.1,0.002045512656609563,0.004319654427645789,0.0009389671361502347,0.016181229773462782,0.8805031446540881,0.20658682634730538,0.0070921985815602835,0.0030845157310302285,0.002379819133745835,0.5223214285714286,0.7062726176115802,0.013966480446927373,0.0025367833587011668,0.03937007874015748,0.0019455252918287938,0.0009721952167995333,0.0013468013468013469,0.0009778994719342852,0.08287292817679558,0.1682278006744099
7,0.1,0.1,0.09227446944279201,0.10000000000000002,0.1,0.1,0.002045512656609563,0.004319654427645789,0.0009389671361502347,0.016181229773462782,0.8805031446540881,0.20658682634730538,0.0070921985815602835,0.0030845157310302285,0.002379819133745835,0.5223214285714286,0.7062726176115802,0.013966480446927373,0.0025367833587011668,0.03937007874015748,0.0019455252918287938,0.0009721952167995333,0.0013468013468013469,0.0009778994719342852,0.08287292817679558,0.1682278006744099
8,0.1,0.1,0.09135172474836409,0.10000000000000002,0.1,0.1,0.002045512656609563,0.004319654427645789,0.0009389671361502347,0.016181229773462782,0.8805031446540881,0.20658682634730538,0.0070921985815602835,0.0030845157310302285,0.002379819133745835,0.5223214285714286,0.7062726176115802,0.013966480446927373,0.0025367833587011668,0.03937007874015748,0.0019455252918287938,0.0009721952167995333,0.0013468013468013469,0.0009778994719342852,0.08287292817679558,0.1682278006744099
9,0.1,0.1,0.09043820750088044,0.10000000000000002,0.1,0.1,0.002045512656609563,0.004319654427645789,0.0009389671361502347,0.016181229773462782,0.8805031446540881,0.20658682634730538,0.0070921985815602835,0.0030845157310302285,0.002379819133745835,0.5223214285714286,0.7062726176115802,0.013966480446927373,0.0025367833587011668,0.03937007874015748,0.0019455252918287938,0.0009721952167995333,0.0013468013468013469,0.0009778994719342852,0.08287292817679558,0.1682278006744099
10,0.1,0.1,0.08953382542587164,0.10000000000000002,0.1,0.1,0.002045512656609563,0.004319654427645789,0.0009389671361502347,0.016181229773462782,0.8805031446540881,0.20658682634730538,0.0070921985815602835,0.0030845157310302285,0.002379819133745835,0.5223214285714286,0.7062726176115802,0.013966480446927373,0.0025367833587011668,0.03937007874015748,0.0019455252918287938,0.0009721952167995333,0.0013468013468013469,0.0009778994719342852,0.08287292817679558,0.1682278006744099
11,0.1,0.1,0.08863848717161292,0.10000000000000002,0.1,0.1,0.002045512656609563,0.004319654427645789,0.0009389671361502347,0.016181229773462782,0.8805031446540881,0.20658682634730538,0.0070921985815602835,0.0030845157310302285,0.002379819133745835,0.5223214285714286,0.7062726176115802,0.013966480446927373,0.0025367833587011668,0.03937007874015748,0.0019455252918287938,0.0009721952167995333,0.0013468013468013469,0.0009778994719342852,0.08287292817679558,0.1682278006744099
12,0.1,0.1,0.08775210229989679,0.10000000000000002,0.1,0.1,0.002045512656609563,0.004319654427645789,0.0009389671361502347,0.016181229773462782,0.8805031446540881,0.20658682634730538,0.0070921985815602835,0.0030845157310302285,0.002379819133745835,0.5223214285714286,0.7062726176115802,0.013966480446927373,0.0025367833587011668,0.03937007874015748,0.0019455252918287938,0.0009721952167995333,0.0013468013468013469,0.0009778994719342852,0.08287292817679558,0.1682278006744099
13,0.1,0.1,0.08687458127689782,0.10000000000000002,0.1,0.1,0.002045512656609563,0.004319654427645789,0.0009389671361502347,0.016181229773462782,0.8805031446540881,0.20658682634730538,0.0070921985815602835,0.0030845157310302285,0.002379819133745835,0.5223214285714286,0.7062726176115802,0.013966480446927373,0.0025367833587011668,0.03937007874015748,0.0019455252918287938,0.0009721952167995333,0.0013468013468013469,0.0009778994719342852,0.08287292817679558,0.1682278006744099
14,0.1,0.1,0.08600583546412884,0.10000000000000002,0.1,0.1,0.002045512656609563,0.004319654427645789,0.0009389671361502347,0.016181229773462782,0.8805031446540881,0.20658682634730538,0.0070921985815602835,0.0030845157310302285,0.002379819133745835,0.5223214285714286,0.7062726176115802,0.013966480446927373,0.0025367833587011668,0.03937007874015748,0.0019455252918287938,0.0009721952167995333,0.0013468013468013469,0.0009778994719342852,0.08287292817679558,0.1682278006744099
15,0.1,0.1,0.08514577710948755,0.10000000000000002,0.1,0.1,0.002045512656609563,0.004319654427645789,0.0009389671361502347,0.016181229773462782,0.8805031446540881,0.20658682634730538,0.0070921985815602835,0.0030845157310302285,0.002379819133745835,0.5223214285714286,0.7062726176115802,0.013966480446927373,0.0025367833587011668,0.03937007874015748,0.0019455252918287938,0.0009721952167995333,0.0013468013468013469,0.0009778994719342852,0.08287292817679558,0.1682278006744099
16,0.1,0.1,0.08429431933839267,0.10000000000000002,0.1,0.1,0.002045512656609563,0.004319654427645789,0.0009389671361502347,0.016181229773462782,0.8805031446540881,0.20658682634730538,0.0070921985815602835,0.0030845157310302285,0.002379819133745835,0.5223214285714286,0.7062726176115802,0.013966480446927373,0.0025367833587011668,0.03937007874015748,0.0019455252918287938,0.0009721952167995333,0.0013468013468013469,0.0009778994719342852,0.08287292817679558,0.1682278006744099
17,0.1,0.1,0.08345137614500873,0.10000000000000002,0.1,0.1,0.002045512656609563,0.004319654427645789,0.0009389671361502347,0.016181229773462782,0.8805031446540881,0.20658682634730538,0.0070921985815602835,0.0030845157310302285,0.002379819133745835,0.5223214285714286,0.7062726176115802,0.013966480446927373,0.0025367833587011668,0.03937007874015748,0.0019455252918287938,0.0009721952167995333,0.0013468013468013469,0.0009778994719342852,0.08287292817679558,0.1682278006744099
18,0.1,0.1,0.08261686238355864,0.10000000000000002,0.1,0.1,0.002045512656609563,0.004319654427645789,0.0009389671361502347,0.016181229773462782,0.8805031446540881,0.20658682634730538,0.0070921985815602835,0.0030845157310302285,0.002379819133745835,0.5223214285714286,0.7062726176115802,0.013966480446927373,0.0025367833587011668,0.03937007874015748,0.0019455252918287938,0.0009721952167995333,0.0013468013468013469,0.0009778994719342852,0.08287292817679558,0.1682278006744099
19,0.1,0.1,0.08179069375972306,0.10000000000000002,0.1,0.1,0.002045512656609563,0.004319654427645789,0.0009389671361502347,0.016181229773462782,0.8805031446540881,0.20658682634730538,0.0070921985815602835,0.0030845157310302285,0.002379819133745835,0.5223214285714286,0.7062726176115802,0.013966480446927373,0.0025367833587011668,0.03937007874015748,0.0019455252918287938,0.0009721952167995333,0.0013468013468013469,0.0009778994719342852,0.08287292817679558,0.1682278006744099
20,0.1,0.1,0.08097278682212583,0.10000000000000002,0.1,0.1,0.002045512656609563,0.004319654427645789,0.0009389671361502347,0.016181229773462782,0.8805031446540881,0.20658682634730538,0.0070921985815602835,0.0030845157310302285,0.002379819133745835,0.5223214285714286,0.7062726176115802,0.013966480446927373,0.0025367833587011668,0.03937007874015748,0.0019455252918287938,0.0009721952167995333,0.0013468013468013469,0.0009778994719342852,0.08287292817679558,0.1682278006744099
21,0.1,0.1,0.08016305895390458,0.10000000000000002,0.1,0.1,0.002045512656609563,0.004319654427645789,0.0009389671361502347,0.016181229773462782,0.8805031446540881,0.20658682634730538,0.0070921985815602835,0.0030845157310302285,0.002379819133745835,0.5223214285714286,0.7062726176115802,0.013966480446927373,0.0025367833587011668,0.03937007874015748,0.0019455252918287938,0.0009721952167995333,0.0013468013468013469,0.0009778994719342852,0.08287292817679558,0.1682278006744099
22,0.1,0.1,0.07936142836436554,0.10000000000000002,0.1,0.1,0.002045512656609563,0.004319654427645789,0.0009389671361502347,0.016181229773462782,0.8805031446540881,0.20658682634730538,0.0070921985815602835,0.0030845157310302285,0.002379819133745835,0.5223214285714286,0.7062726176115802,0.013966480446927373,0.0025367833587011668,0.03937007874015748,0.0019455252918287938,0.0009721952167995333,0.0013468013468013469,0.0009778994719342852,0.08287292817679558,0.1682278006744099
23,0.1,0.1,0.07856781408072187,0.10000000000000002,0.1,0.1,0.002045512656609563,0.004319654427645789,0.0009389671361502347,0.016181229773462782,0.8805031446540881,0.20658682634730538,0.0070921985815602835,0.0030845157310302285,0.002379819133745835,0.5223214285714286,0.7062726176115802,0.013966480446927373,0.0025367833587011668,0.03937007874015748,0.0019455252918287938,0.0009721952167995333,0.0013468013468013469,0.0009778994719342852,0.08287292817679558,0.1682278006744099
24,0.1,0.1,0.07778213593991465,0.10000000000000002,0.1,0.1,0.002045512656609563,0.004319654427645789,0.0009389671361502347,0.016181229773462782,0.8805031446540881,0.20658682634730538,0.0070921985815602835,0.0030845157310302285,0.002379819133745835,0.5223214285714286,0.7062726176115802,0.013966480446927373,0.0025367833587011668,0.03937007874015748,0.0019455252918287938,0.0009721952167995333,0.0013468013468013469,0.0009778994719342852,0.08287292817679558,0.1682278006744099
25,0.1,0.1,0.0770043145805155,0.10000000000000002,0.1,0.1,0.002045512656609563,0.004319654427645789,0.0009389671361502347,0.016181229773462782,0.8805031446540881,0.20658682634730538,0.0070921985815602835,0.0030845157310302285,0.002379819133745835,0.5223214285714286,0.7062726176115802,0.013966480446927373,0.0025367833587011668,0.03937007874015748,0.0019455252918287938,0.0009721952167995333,0.0013468013468013469,0.0009778994719342852,0.08287292817679558,0.1682278006744099
26,0.1,0.1,0.07623427143471034,0.10000000000000002,0.1,0.1,0.002045512656609563,0.004319654427645789,0.0009389671361502347,0.016181229773462782,0.8805031446540881,0.20658682634730538,0.0070921985815602835,0.0030845157310302285,0.002379819133745835,0.5223214285714286,0.7062726176115802,0.013966480446927373,0.0025367833587011668,0.03937007874015748,0.0019455252918287938,0.0009721952167995333,0.0013468013468013469,0.0009778994719342852,0.08287292817679558,0.1682278006744099
27,0.1,0.1,0.07547192872036323,0.10000000000000002,0.1,0.1,0.002045512656609563,0.004319654427645789,0.0009389671361502347,0.016181229773462782,0.8805031446540881,0.20658682634730538,0.0070921985815602835,0.0030845157310302285,0.002379819133745835,0.5223214285714286,0.7062726176115802,0.013966480446927373,0.0025367833587011668,0.03937007874015748,0.0019455252918287938,0.0009721952167995333,0.0013468013468013469,0.0009778994719342852,0.08287292817679558,0.1682278006744099
28,0.1,0.1,0.0747172094331596,0.10000000000000002,0.1,0.1,0.002045512656609563,0.004319654427645789,0.0009389671361502347,0.016181229773462782,0.8805031446540881,0.20658682634730538,0.0070921985815602835,0.0030845157310302285,0.002379819133745835,0.5223214285714286,0.7062726176115802,0.013966480446927373,0.0025367833587011668,0.03937007874015748,0.0019455252918287938,0.0009721952167995333,0.0013468013468013469,0.0009778994719342852,0.08287292817679558,0.1682278006744099
29,0.1,0.1,0.073970037338828,0.10000000000000002,0.1,0.1,0.002045512656609563,0.004319654427645789,0.0009389671361502347,0.016181229773462782,0.8805031446540881,0.20658682634730538,0.0070921985815602835,0.0030845157310302285,0.002379819133745835,0.5223214285714286,0.7062726176115802,0.013966480446927373,0.0025367833587011668,0.03937007874015748,0.0019455252918287938,0.0009721952167995333,0.0013468013468013469,0.0009778994719342852,0.08287292817679558,0.1682278006744099
30,0.1,0.1,0.07323033696543972,0.10000000000000002,0.1,0.1,0.002045512656609563,0.004319654427645789,0.0009389671361502347,0.016181229773462782,0.8805031446540881,0.20658682634730538,0.0070921985815602835,0.0030845157310302285,0.002379819133745835,0.5223214285714286,0.7062726176115802,0.013966480446927373,0.0025367833587011668,0.03937007874015748,0.0019455252918287938,0.0009721952167995333,0.0013468013468013469,0.0009778994719342852,0.08287292817679558,0.1682278006744099
31,0.1,0.1,0.07249803359578533,0.10000000000000002,0.1,0.1,0.002045512656609563,0.004319654427645789,0.0009389671361502347,0.016181229773462782,0.8805031446540881,0.20658682634730538,0.0070921985815602835,0.0030845157310302285,0.002379819133745835,0.5223214285714286,0.7062726176115802,0.013966480446927373,0.0025367833587011668,0.03937007874015748,0.0019455252918287938,0.0009721952167995333,0.0013468013468013469,0.0009778994719342852,0.08287292817679558,0.1682278006744099
32,0.1,0.1,0.07177305325982747,0.10000000000000002,0.1,0.1,0.002045512656609563,0.004319654427645789,0.0009389671361502347,0.016181229773462782,0.8805031446540881,0.20658682634730538,0.0070921985815602835,0.0030845157310302285,0.002379819133745835,0.5223214285714286,0.7062726176115802,0.013966480446927373,0.0025367833587011668,0.03937007874015748,0.0019455252918287938,0.0009721952167995333,0.0013468013468013469,0.0009778994719342852,0.08287292817679558,0.1682278006744099
33,0.1,0.1,0.0710553227272292,0.10000000000000002,0.1,0.1,0.002045512656609563,0.004319654427645789,0.0009389671361502347,0.016181229773462782,0.8805031446540881,0.20658682634730538,0.0070921985815602835,0.0030845157310302285,0.002379819133745835,0.5223214285714286,0.7062726176115802,0.013966480446927373,0.0025367833587011668,0.03937007874015748,0.0019455252918287938,0.0009721952167995333,0.0013468013468013469,0.0009778994719342852,0.08287292817679558,0.1682278006744099
34,0.1,0.1,0.07034476949995691,0.10000000000000002,0.1,0.1,0.002045512656609563,0.004319654427645789,0.0009389671361502347,0.016181229773462782,0.8805031446540881,0.20658682634730538,0.0070921985815602835,0.0030845157310302285,0.002379819133745835,0.5223214285714286,0.7062726176115802,0.013966480446927373,0.0025367833587011668,0.03937007874015748,0.0019455252918287938,0.0009721952167995333,0.0013468013468013469,0.0009778994719342852,0.08287292817679558,0.1682278006744099
35,0.1,0.1,0.06964132180495734,0.10000000000000002,0.1,0.1,0.002045512656609563,0.004319654427645789,0.0009389671361502347,0.016181229773462782,0.8805031446540881,0.20658682634730538,0.0070921985815602835,0.0030845157310302285,0.002379819133745835,0.5223214285714286,0.7062726176115802,0.013966480446927373,0.0025367833587011668,0.03937007874015748,0.0019455252918287938,0.0009721952167995333,0.0013468013468013469,0.0009778994719342852,0.08287292817679558,0.1682278006744099
36,0.1,0.1,0.06894490858690777,0.10000000000000002,0.1,0.1,0.002045512656609563,0.004319654427645789,0.0009389671361502347,0.016181229773462782,0.8805031446540881,0.20658682634730538,0.0070921985815602835,0.0030845157310302285,0.002379819133745835,0.5223214285714286,0.7062726176115802,0.013966480446927373,0.0025367833587011668,0.03937007874015748,0.0019455252918287938,0.0009721952167995333,0.0013468013468013469,0.0009778994719342852,0.08287292817679558,0.1682278006744099
37,0.1,0.1,0.06825545950103869,0.10000000000000002,0.1,0.1,0.002045512656609563,0.004319654427645789,0.0009389671361502347,0.016181229773462782,0.8805031446540881,0.20658682634730538,0.0070921985815602835,0.0030845157310302285,0.002379819133745835,0.5223214285714286,0.7062726176115802,0.013966480446927373,0.0025367833587011668,0.03937007874015748,0.0019455252918287938,0.0009721952167995333,0.0013468013468013469,0.0009778994719342852,0.08287292817679558,0.1682278006744099
38,0.1,0.1,0.0675729049060283,0.10000000000000002,0.1,0.1,0.002045512656609563,0.004319654427645789,0.0009389671361502347,0.016181229773462782,0.8805031446540881,0.20658682634730538,0.0070921985815602835,0.0030845157310302285,0.002379819133745835,0.5223214285714286,0.7062726176115802,0.013966480446927373,0.0025367833587011668,0.03937007874015748,0.0019455252918287938,0.0009721952167995333,0.0013468013468013469,0.0009778994719342852,0.08287292817679558,0.1682278006744099
39,0.1,0.1,0.06689717585696801,0.10000000000000002,0.1,0.1,0.002045512656609563,0.004319654427645789,0.0009389671361502347,0.016181229773462782,0.8805031446540881,0.20658682634730538,0.0070921985815602835,0.0030845157310302285,0.002379819133745835,0.5223214285714286,0.7062726176115802,0.013966480446927373,0.0025367833587011668,0.03937007874015748,0.0019455252918287938,0.0009721952167995333,0.0013468013468013469,0.0009778994719342852,0.08287292817679558,0.1682278006744099
40,0.1,0.1,0.06622820409839833,0.10000000000000002,0.1,0.1,0.002045512656609563,0.004319654427645789,0.0009389671361502347,0.016181229773462782,0.8805031446540881,0.20658682634730538,0.0070921985815602835,0.0030845157310302285,0.002379819133745835,0.5223214285714286,0.7062726176115802,0.013966480446927373,0.0025367833587011668,0.03937007874015748,0.0019455252918287938,0.0009721952167995333,0.0013468013468013469,0.0009778994719342852,0.08287292817679558,0.1682278006744099
41,0.1,0.1,0.06556592205741435,0.10000000000000002,0.1,0.1,0.002045512656609563,0.004319654427645789,0.0009389671361502347,0.016181229773462782,0.8805031446540881,0.20658682634730538,0.0070921985815602835,0.0030845157310302285,0.002379819133745835,0.5223214285714286,0.7062726176115802,0.013966480446927373,0.0025367833587011668,0.03937007874015748,0.0019455252918287938,0.0009721952167995333,0.0013468013468013469,0.0009778994719342852,0.08287292817679558,0.1682278006744099
42,0.1,0.1,0.0649102628368402,0.10000000000000002,0.1,0.1,0.002045512656609563,0.004319654427645789,0.0009389671361502347,0.016181229773462782,0.8805031446540881,0.20658682634730538,0.0070921985815602835,0.0030845157310302285,0.002379819133745835,0.5223214285714286,0.7062726176115802,0.013966480446927373,0.0025367833587011668,0.03937007874015748,0.0019455252918287938,0.0009721952167995333,0.0013468013468013469,0.0009778994719342852,0.08287292817679558,0.1682278006744099
43,0.1,0.1,0.06426116020847181,0.10000000000000002,0.1,0.1,0.002045512656609563,0.004319654427645789,0.0009389671361502347,0.016181229773462782,0.8805031446540881,0.20658682634730538,0.0070921985815602835,0.0030845157310302285,0.002379819133745835,0.5223214285714286,0.7062726176115802,0.013966480446927373,0.0025367833587011668,0.03937007874015748,0.0019455252918287938,0.0009721952167995333,0.0013468013468013469,0.0009778994719342852,0.08287292817679558,0.1682278006744099
44,0.1,0.1,0.06361854860638709,0.10000000000000002,0.1,0.1,0.002045512656609563,0.004319654427645789,0.0009389671361502347,0.016181229773462782,0.8805031446540881,0.20658682634730538,0.0070921985815602835,0.0030845157310302285,0.002379819133745835,0.5223214285714286,0.7062726176115802,0.013966480446927373,0.0025367833587011668,0.03937007874015748,0.0019455252918287938,0.0009721952167995333,0.0013468013468013469,0.0009778994719342852,0.08287292817679558,0.1682278006744099
45,0.1,0.1,0.06298236312032322,0.10000000000000002,0.1,0.1,0.002045512656609563,0.004319654427645789,0.0009389671361502347,0.016181229773462782,0.8805031446540881,0.20658682634730538,0.0070921985815602835,0.0030845157310302285,0.002379819133745835,0.5223214285714286,0.7062726176115802,0.013966480446927373,0.0025367833587011668,0.03937007874015748,0.0019455252918287938,0.0009721952167995333,0.0013468013468013469,0.0009778994719342852,0.08287292817679558,0.1682278006744099
46,0.1,0.1,0.06235253948911999,0.10000000000000002,0.1,0.1,0.002045512656609563,0.004319654427645789,0.0009389671361502347,0.016181229773462782,0.8805031446540881,0.20658682634730538,0.0070921985815602835,0.0030845157310302285,0.002379819133745835,0.5223214285714286,0.7062726176115802,0.013966480446927373,0.0025367833587011668,0.03937007874015748,0.0019455252918287938,0.0009721952167995333,0.0013468013468013469,0.0009778994719342852,0.08287292817679558,0.1682278006744099
47,0.1,0.1,0.06172901409422879,0.10000000000000002,0.1,0.1,0.002045512656609563,0.004319654427645789,0.0009389671361502347,0.016181229773462782,0.8805031446540881,0.20658682634730538,0.0070921985815602835,0.0030845157310302285,0.002379819133745835,0.5223214285714286,0.7062726176115802,0.013966480446927373,0.0025367833587011668,0.03937007874015748,0.0019455252918287938,0.0009721952167995333,0.0013468013468013469,0.0009778994719342852,0.08287292817679558,0.1682278006744099
48,0.1,0.1,0.061111723953286505,0.10000000000000002,0.1,0.1,0.002045512656609563,0.004319654427645789,0.0009389671361502347,0.016181229773462782,0.8805031446540881,0.20658682634730538,0.0070921985815602835,0.0030845157310302285,0.002379819133745835,0.5223214285714286,0.7062726176115802,0.013966480446927373,0.0025367833587011668,0.03937007874015748,0.0019455252918287938,0.0009721952167995333,0.0013468013468013469,0.0009778994719342852,0.08287292817679558,0.1682278006744099
49,0.1,0.1,0.06050060671375364,0.10000000000000002,0.1,0.1,0.002045512656609563,0.004319654427645789,0.0009389671361502347,0.016181229773462782,0.8805031446540881,0.20658682634730538,0.0070921985815602835,0.0030845157310302285,0.002379819133745835,0.5223214285714286,0.7062726176115802,0.013966480446927373,0.0025367833587011668,0.03937007874015748,0.0019455252918287938,0.0009721952167995333,0.0013468013468013469,0.0009778994719342852,0.08287292817679558,0.1682278006744099
50,0.1,0.1,0.0598956006466161,0.10000000000000002,0.1,0.1,0.002045512656609563,0.004319654427645789,0.0009389671361502347,0.016181229773462782,0.8805031446540881,0.20658682634730538,0.0070921985815602835,0.0030845157310302285,0.002379819133745835,0.5223214285714286,0.7062726176115802,0.013966480446927373,0.0025367833587011668,0.03937007874015748,0.0019455252918287938,0.0009721952167995333,0.0013468013468013469,0.0009778994719342852,0.08287292817679558,0.1682278006744099
51,0.1,0.1,0.05929664464014994,0.10000000000000002,0.1,0.1,0.002045512656609563,0.004319654427645789,0.0009389671361502347,0.016181229773462782,0.8805031446540881,0.20658682634730538,0.0070921985815602835,0.0030845157310302285,0.002379819133745835,0.5223214285714286,0.7062726176115802,0.013966480446927373,0.0025367833587011668,0.03937007874015748,0.0019455252918287938,0.0009721952167995333,0.0013468013468013469,0.0009778994719342852,0.08287292817679558,0.1682278006744099
52,0.1,0.1,0.05870367819374844,0.10000000000000002,0.1,0.1,0.002045512656609563,0.004319654427645789,0.0009389671361502347,0.016181229773462782,0.8805031446540881,0.20658682634730538,0.0070921985815602835,0.0030845157310302285,0.002379819133745835,0.5223214285714286,0.7062726176115802,0.013966480446927373,0.0025367833587011668,0.03937007874015748,0.0019455252918287938,0.0009721952167995333,0.0013468013468013469,0.0009778994719342852,0.08287292817679558,0.1682278006744099
53,0.1,0.1,0.05811664141181096,0.10000000000000002,0.1,0.1,0.002045512656609563,0.004319654427645789,0.0009389671361502347,0.016181229773462782,0.8805031446540881,0.20658682634730538,0.0070921985815602835,0.0030845157310302285,0.002379819133745835,0.5223214285714286,0.7062726176115802,0.013966480446927373,0.0025367833587011668,0.03937007874015748,0.0019455252918287938,0.0009721952167995333,0.0013468013468013469,0.0009778994719342852,0.08287292817679558,0.1682278006744099
54,0.1,0.1,0.05753547499769285,0.10000000000000002,0.1,0.1,0.002045512656609563,0.004319654427645789,0.0009389671361502347,0.016181229773462782,0.8805031446540881,0.20658682634730538,0.0070921985815602835,0.0030845157310302285,0.002379819133745835,0.5223214285714286,0.7062726176115802,0.013966480446927373,0.0025367833587011668,0.03937007874015748,0.0019455252918287938,0.0009721952167995333,0.0013468013468013469,0.0009778994719342852,0.08287292817679558,0.1682278006744099
55,0.1,0.1,0.05696012024771592,0.10000000000000002,0.1,0.1,0.002045512656609563,0.004319654427645789,0.0009389671361502347,0.016181229773462782,0.8805031446540881,0.20658682634730538,0.0070921985815602835,0.0030845157310302285,0.002379819133745835,0.5223214285714286,0.7062726176115802,0.013966480446927373,0.0025367833587011668,0.03937007874015748,0.0019455252918287938,0.0009721952167995333,0.0013468013468013469,0.0009778994719342852,0.08287292817679558,0.1682278006744099
56,0.1,0.1,0.05639051904523876,0.10000000000000002,0.1,0.1,0.002045512656609563,0.004319654427645789,0.0009389671361502347,0.016181229773462782,0.8805031446540881,0.20658682634730538,0.0070921985815602835,0.0030845157310302285,0.002379819133745835,0.5223214285714286,0.7062726176115802,0.013966480446927373,0.0025367833587011668,0.03937007874015748,0.0019455252918287938,0.0009721952167995333,0.0013468013468013469,0.0009778994719342852,0.08287292817679558,0.1682278006744099
57,0.1,0.1,0.05582661385478637,0.10000000000000002,0.1,0.1,0.002045512656609563,0.004319654427645789,0.0009389671361502347,0.016181229773462782,0.8805031446540881,0.20658682634730538,0.0070921985815602835,0.0030845157310302285,0.002379819133745835,0.5223214285714286,0.7062726176115802,0.013966480446927373,0.0025367833587011668,0.03937007874015748,0.0019455252918287938,0.0009721952167995333,0.0013468013468013469,0.0009778994719342852,0.08287292817679558,0.1682278006744099
58,0.1,0.1,0.05526834771623851,0.10000000000000002,0.1,0.1,0.002045512656609563,0.004319654427645789,0.0009389671361502347,0.016181229773462782,0.8805031446540881,0.20658682634730538,0.0070921985815602835,0.0030845157310302285,0.002379819133745835,0.5223214285714286,0.7062726176115802,0.013966480446927373,0.0025367833587011668,0.03937007874015748,0.0019455252918287938,0.0009721952167995333,0.0013468013468013469,0.0009778994719342852,0.08287292817679558,0.1682278006744099
59,0.1,0.1,0.054715664239076124,0.10000000000000002,0.1,0.1,0.002045512656609563,0.004319654427645789,0.0009389671361502347,0.016181229773462782,0.8805031446540881,0.20658682634730538,0.0070921985815602835,0.0030845157310302285,0.002379819133745835,0.5223214285714286,0.7062726176115802,0.013966480446927373,0.0025367833587011668,0.03937007874015748,0.0019455252918287938,0.0009721952167995333,0.0013468013468013469,0.0009778994719342852,0.08287292817679558,0.1682278006744099
60,0.1,0.1,0.054168507596685365,0.10000000000000002,0.1,0.1,0.002045512656609563,0.004319654427645789,0.0009389671361502347,0.016181229773462782,0.8805031446540881,0.20658682634730538,0.0070921985815602835,0.0030845157310302285,0.002379819133745835,0.5223214285714286,0.7062726176115802,0.013966480446927373,0.0025367833587011668,0.03937007874015748,0.0019455252918287938,0.0009721952167995333,0.0013468013468013469,0.0009778994719342852,0.08287292817679558,0.1682278006744099
61,0.1,0.1,0.053626822520718515,0.10000000000000002,0.1,0.1,0.002045512656609563,0.004319654427645789,0.0009389671361502347,0.016181229773462782,0.8805031446540881,0.20658682634730538,0.0070921985815602835,0.0030845157310302285,0.002379819133745835,0.5223214285714286,0.7062726176115802,0.013966480446927373,0.0025367833587011668,0.03937007874015748,0.0019455252918287938,0.0009721952167995333,0.0013468013468013469,0.0009778994719342852,0.08287292817679558,0.1682278006744099
62,0.1,0.1,0.05309055429551133,0.10000000000000002,0.1,0.1,0.002045512656609563,0.004319654427645789,0.0009389671361502347,0.016181229773462782,0.8805031446540881,0.20658682634730538,0.0070921985815602835,0.0030845157310302285,0.002379819133745835,0.5223214285714286,0.7062726176115802,0.013966480446927373,0.0025367833587011668,0.03937007874015748,0.0019455252918287938,0.0009721952167995333,0.0013468013468013469,0.0009778994719342852,0.08287292817679558,0.1682278006744099
63,0.1,0.1,0.05255964875255621,0.10000000000000002,0.1,0.1,0.002045512656609563,0.004319654427645789,0.0009389671361502347,0.016181229773462782,0.8805031446540881,0.20658682634730538,0.0070921985815602835,0.0030845157310302285,0.002379819133745835,0.5223214285714286,0.7062726176115802,0.013966480446927373,0.0025367833587011668,0.03937007874015748,0.0019455252918287938,0.0009721952167995333,0.0013468013468013469,0.0009778994719342852,0.08287292817679558,0.1682278006744099
64,0.1,0.1,0.05203405226503065,0.10000000000000002,0.1,0.1,0.002045512656609563,0.004319654427645789,0.0009389671361502347,0.016181229773462782,0.8805031446540881,0.20658682634730538,0.0070921985815602835,0.0030845157310302285,0.002379819133745835,0.5223214285714286,0.7062726176115802,0.013966480446927373,0.0025367833587011668,0.03937007874015748,0.0019455252918287938,0.0009721952167995333,0.0013468013468013469,0.0009778994719342852,0.08287292817679558,0.1682278006744099
65,0.1,0.1,0.05151371174238034,0.10000000000000002,0.1,0.1,0.002045512656609563,0.004319654427645789,0.0009389671361502347,0.016181229773462782,0.8805031446540881,0.20658682634730538,0.0070921985815602835,0.0030845157310302285,0.002379819133745835,0.5223214285714286,0.7062726176115802,0.013966480446927373,0.0025367833587011668,0.03937007874015748,0.0019455252918287938,0.0009721952167995333,0.0013468013468013469,0.0009778994719342852,0.08287292817679558,0.1682278006744099
66,0.1,0.1,0.050998574624956536,0.10000000000000002,0.1,0.1,0.002045512656609563,0.004319654427645789,0.0009389671361502347,0.016181229773462782,0.8805031446540881,0.20658682634730538,0.0070921985815602835,0.0030845157310302285,0.002379819133745835,0.5223214285714286,0.7062726176115802,0.013966480446927373,0.0025367833587011668,0.03937007874015748,0.0019455252918287938,0.0009721952167995333,0.0013468013468013469,0.0009778994719342852,0.08287292817679558,0.1682278006744099
67,0.1,0.1,0.05048858887870697,0.10000000000000002,0.1,0.1,0.002045512656609563,0.004319654427645789,0.0009389671361502347,0.016181229773462782,0.8805031446540881,0.20658682634730538,0.0070921985815602835,0.0030845157310302285,0.002379819133745835,0.5223214285714286,0.7062726176115802,0.013966480446927373,0.0025367833587011668,0.03937007874015748,0.0019455252918287938,0.0009721952167995333,0.0013468013468013469,0.0009778994719342852,0.08287292817679558,0.1682278006744099
68,0.1,0.1,0.0499837029899199,0.10000000000000002,0.1,0.1,0.002045512656609563,0.004319654427645789,0.0009389671361502347,0.016181229773462782,0.8805031446540881,0.20658682634730538,0.0070921985815602835,0.0030845157310302285,0.002379819133745835,0.5223214285714286,0.7062726176115802,0.013966480446927373,0.0025367833587011668,0.03937007874015748,0.0019455252918287938,0.0009721952167995333,0.0013468013468013469,0.0009778994719342852,0.08287292817679558,0.1682278006744099
69,0.1,0.1,0.049483865960020704,0.10000000000000002,0.1,0.1,0.002045512656609563,0.004319654427645789,0.0009389671361502347,0.016181229773462782,0.8805031446540881,0.20658682634730538,0.0070921985815602835,0.0030845157310302285,0.002379819133745835,0.5223214285714286,0.7062726176115802,0.013966480446927373,0.0025367833587011668,0.03937007874015748,0.0019455252918287938,0.0009721952167995333,0.0013468013468013469,0.0009778994719342852,0.08287292817679558,0.1682278006744099
70,0.1,0.1,0.0489890273004205,0.10000000000000002,0.1,0.1,0.002045512656609563,0.004319654427645789,0.0009389671361502347,0.016181229773462782,0.8805031446540881,0.20658682634730538,0.0070921985815602835,0.0030845157310302285,0.002379819133745835,0.5223214285714286,0.7062726176115802,0.013966480446927373,0.0025367833587011668,0.03937007874015748,0.0019455252918287938,0.0009721952167995333,0.0013468013468013469,0.0009778994719342852,0.08287292817679558,0.1682278006744099
71,0.1,0.1,0.048499137027416296,0.10000000000000002,0.1,0.1,0.002045512656609563,0.004319654427645789,0.0009389671361502347,0.016181229773462782,0.8805031446540881,0.20658682634730538,0.0070921985815602835,0.0030845157310302285,0.002379819133745835,0.5223214285714286,0.7062726176115802,0.013966480446927373,0.0025367833587011668,0.03937007874015748,0.0019455252918287938,0.0009721952167995333,0.0013468013468013469,0.0009778994719342852,0.08287292817679558,0.1682278006744099
72,0.1,0.1,0.048014145657142134,0.10000000000000002,0.1,0.1,0.002045512656609563,0.004319654427645789,0.0009389671361502347,0.016181229773462782,0.8805031446540881,0.20658682634730538,0.0070921985815602835,0.0030845157310302285,0.002379819133745835,0.5223214285714286,0.7062726176115802,0.013966480446927373,0.0025367833587011668,0.03937007874015748,0.0019455252918287938,0.0009721952167995333,0.0013468013468013469,0.0009778994719342852,0.08287292817679558,0.1682278006744099
73,0.1,0.1,0.04753400420057071,0.10000000000000002,0.1,0.1,0.002045512656609563,0.004319654427645789,0.0009389671361502347,0.016181229773462782,0.8805031446540881,0.20658682634730538,0.0070921985815602835,0.0030845157310302285,0.002379819133745835,0.5223214285714286,0.7062726176115802,0.013966480446927373,0.0025367833587011668,0.03937007874015748,0.0019455252918287938,0.0009721952167995333,0.0013468013468013469,0.0009778994719342852,0.08287292817679558,0.1682278006744099
74,0.1,0.1,0.047058664158565,0.10000000000000002,0.1,0.1,0.002045512656609563,0.004319654427645789,0.0009389671361502347,0.016181229773462782,0.8805031446540881,0.20658682634730538,0.0070921985815602835,0.0030845157310302285,0.002379819133745835,0.5223214285714286,0.7062726176115802,0.013966480446927373,0.0025367833587011668,0.03937007874015748,0.0019455252918287938,0.0009721952167995333,0.0013468013468013469,0.0009778994719342852,0.08287292817679558,0.1682278006744099
75,0.1,0.1,0.046588077516979354,0.10000000000000002,0.1,0.1,0.002045512656609563,0.004319654427645789,0.0009389671361502347,0.016181229773462782,0.8805031446540881,0.20658682634730538,0.0070921985815602835,0.0030845157310302285,0.002379819133745835,0.5223214285714286,0.7062726176115802,0.013966480446927373,0.0025367833587011668,0.03937007874015748,0.0019455252918287938,0.0009721952167995333,0.0013468013468013469,0.0009778994719342852,0.08287292817679558,0.1682278006744099
76,0.1,0.1,0.04612219674180956,0.10000000000000002,0.1,0.1,0.002045512656609563,0.004319654427645789,0.0009389671361502347,0.016181229773462782,0.8805031446540881,0.20658682634730538,0.0070921985815602835,0.0030845157310302285,0.002379819133745835,0.5223214285714286,0.7062726176115802,0.013966480446927373,0.0025367833587011668,0.03937007874015748,0.0019455252918287938,0.0009721952167995333,0.0013468013468013469,0.0009778994719342852,0.08287292817679558,0.1682278006744099
77,0.1,0.1,0.04566097477439147,0.10000000000000002,0.1,0.1,0.002045512656609563,0.004319654427645789,0.0009389671361502347,0.016181229773462782,0.8805031446540881,0.20658682634730538,0.0070921985815602835,0.0030845157310302285,0.002379819133745835,0.5223214285714286,0.7062726176115802,0.013966480446927373,0.0025367833587011668,0.03937007874015748,0.0019455252918287938,0.0009721952167995333,0.0013468013468013469,0.0009778994719342852,0.08287292817679558,0.1682278006744099
78,0.1,0.1,0.045204365026647556,0.10000000000000002,0.1,0.1,0.002045512656609563,0.004319654427645789,0.0009389671361502347,0.016181229773462782,0.8805031446540881,0.20658682634730538,0.0070921985815602835,0.0030845157310302285,0.002379819133745835,0.5223214285714286,0.7062726176115802,0.013966480446927373,0.0025367833587011668,0.03937007874015748,0.0019455252918287938,0.0009721952167995333,0.0013468013468013469,0.0009778994719342852,0.08287292817679558,0.1682278006744099
79,0.1,0.1,0.04475232137638108,0.10000000000000002,0.1,0.1,0.002045512656609563,0.004319654427645789,0.0009389671361502347,0.016181229773462782,0.8805031446540881,0.20658682634730538,0.0070921985815602835,0.0030845157310302285,0.002379819133745835,0.5223214285714286,0.7062726176115802,0.013966480446927373,0.0025367833587011668,0.03937007874015748,0.0019455252918287938,0.0009721952167995333,0.0013468013468013469,0.0009778994719342852,0.08287292817679558,0.1682278006744099
80,0.1,0.1,0.044304798162617266,0.10000000000000002,0.1,0.1,0.002045512656609563,0.004319654427645789,0.0009389671361502347,0.016181229773462782,0.8805031446540881,0.20658682634730538,0.0070921985815602835,0.0030845157310302285,0.002379819133745835,0.5223214285714286,0.7062726176115802,0.013966480446927373,0.0025367833587011668,0.03937007874015748,0.0019455252918287938,0.0009721952167995333,0.0013468013468013469,0.0009778994719342852,0.08287292817679558,0.1682278006744099
81,0.1,0.1,0.043861750180991095,0.10000000000000002,0.1,0.1,0.002045512656609563,0.004319654427645789,0.0009389671361502347,0.016181229773462782,0.8805031446540881,0.20658682634730538,0.0070921985815602835,0.0030845157310302285,0.002379819133745835,0.5223214285714286,0.7062726176115802,0.013966480446927373,0.0025367833587011668,0.03937007874015748,0.0019455252918287938,0.0009721952167995333,0.0013468013468013469,0.0009778994719342852,0.08287292817679558,0.1682278006744099
82,0.1,0.1,0.04342313267918119,0.10000000000000002,0.1,0.1,0.002045512656609563,0.004319654427645789,0.0009389671361502347,0.016181229773462782,0.8805031446540881,0.20658682634730538,0.0070921985815602835,0.0030845157310302285,0.002379819133745835,0.5223214285714286,0.7062726176115802,0.013966480446927373,0.0025367833587011668,0.03937007874015748,0.0019455252918287938,0.0009721952167995333,0.0013468013468013469,0.0009778994719342852,0.08287292817679558,0.1682278006744099
83,0.1,0.1,0.04298890135238938,0.10000000000000002,0.1,0.1,0.002045512656609563,0.004319654427645789,0.0009389671361502347,0.016181229773462782,0.8805031446540881,0.20658682634730538,0.0070921985815602835,0.0030845157310302285,0.002379819133745835,0.5223214285714286,0.7062726176115802,0.013966480446927373,0.0025367833587011668,0.03937007874015748,0.0019455252918287938,0.0009721952167995333,0.0013468013468013469,0.0009778994719342852,0.08287292817679558,0.1682278006744099
84,0.1,0.1,0.042559012338865485,0.10000000000000002,0.1,0.1,0.002045512656609563,0.004319654427645789,0.0009389671361502347,0.016181229773462782,0.8805031446540881,0.20658682634730538,0.0070921985815602835,0.0030845157310302285,0.002379819133745835,0.5223214285714286,0.7062726176115802,0.013966480446927373,0.0025367833587011668,0.03937007874015748,0.0019455252918287938,0.0009721952167995333,0.0013468013468013469,0.0009778994719342852,0.08287292817679558,0.1682278006744099
85,0.1,0.1,0.04213342221547683,0.10000000000000002,0.1,0.1,0.002045512656609563,0.004319654427645789,0.0009389671361502347,0.016181229773462782,0.8805031446540881,0.20658682634730538,0.0070921985815602835,0.0030845157310302285,0.002379819133745835,0.5223214285714286,0.7062726176115802,0.013966480446927373,0.0025367833587011668,0.03937007874015748,0.0019455252918287938,0.0009721952167995333,0.0013468013468013469,0.0009778994719342852,0.08287292817679558,0.1682278006744099
86,0.1,0.1,0.04171208799332206,0.10000000000000002,0.1,0.1,0.002045512656609563,0.004319654427645789,0.0009389671361502347,0.016181229773462782,0.8805031446540881,0.20658682634730538,0.0070921985815602835,0.0030845157310302285,0.002379819133745835,0.5223214285714286,0.7062726176115802,0.013966480446927373,0.0025367833587011668,0.03937007874015748,0.0019455252918287938,0.0009721952167995333,0.0013468013468013469,0.0009778994719342852,0.08287292817679558,0.1682278006744099
87,0.1,0.1,0.041294967113388835,0.10000000000000002,0.1,0.1,0.002045512656609563,0.004319654427645789,0.0009389671361502347,0.016181229773462782,0.8805031446540881,0.20658682634730538,0.0070921985815602835,0.0030845157310302285,0.002379819133745835,0.5223214285714286,0.7062726176115802,0.013966480446927373,0.0025367833587011668,0.03937007874015748,0.0019455252918287938,0.0009721952167995333,0.0013468013468013469,0.0009778994719342852,0.08287292817679558,0.1682278006744099
88,0.1,0.1,0.04088201744225495,0.10000000000000002,0.1,0.1,0.002045512656609563,0.004319654427645789,0.0009389671361502347,0.016181229773462782,0.8805031446540881,0.20658682634730538,0.0070921985815602835,0.0030845157310302285,0.002379819133745835,0.5223214285714286,0.7062726176115802,0.013966480446927373,0.0025367833587011668,0.03937007874015748,0.0019455252918287938,0.0009721952167995333,0.0013468013468013469,0.0009778994719342852,0.08287292817679558,0.1682278006744099
89,0.1,0.1,0.0404731972678324,0.10000000000000002,0.1,0.1,0.002045512656609563,0.004319654427645789,0.0009389671361502347,0.016181229773462782,0.8805031446540881,0.20658682634730538,0.0070921985815602835,0.0030845157310302285,0.002379819133745835,0.5223214285714286,0.7062726176115802,0.013966480446927373,0.0025367833587011668,0.03937007874015748,0.0019455252918287938,0.0009721952167995333,0.0013468013468013469,0.0009778994719342852,0.08287292817679558,0.1682278006744099
90,0.1,0.1,0.04006846529515407,0.10000000000000002,0.1,0.1,0.002045512656609563,0.004319654427645789,0.0009389671361502347,0.016181229773462782,0.8805031446540881,0.20658682634730538,0.0070921985815602835,0.0030845157310302285,0.002379819133745835,0.5223214285714286,0.7062726176115802,0.013966480446927373,0.0025367833587011668,0.03937007874015748,0.0019455252918287938,0.0009721952167995333,0.0013468013468013469,0.0009778994719342852,0.08287292817679558,0.1682278006744099
91,0.1,0.1,0.039667780642202534,0.10000000000000002,0.1,0.1,0.002045512656609563,0.004319654427645789,0.0009389671361502347,0.016181229773462782,0.8805031446540881,0.20658682634730538,0.0070921985815602835,0.0030845157310302285,0.002379819133745835,0.5223214285714286,0.7062726176115802,0.013966480446927373,0.0025367833587011668,0.03937007874015748,0.0019455252918287938,0.0009721952167995333,0.0013468013468013469,0.0009778994719342852,0.08287292817679558,0.1682278006744099
92,0.1,0.1,0.03927110283578051,0.10000000000000002,0.1,0.1,0.002045512656609563,0.004319654427645789,0.0009389671361502347,0.016181229773462782,0.8805031446540881,0.20658682634730538,0.0070921985815602835,0.0030845157310302285,0.002379819133745835,0.5223214285714286,0.7062726176115802,0.013966480446927373,0.0025367833587011668,0.03937007874015748,0.0019455252918287938,0.0009721952167995333,0.0013468013468013469,0.0009778994719342852,0.08287292817679558,0.1682278006744099
93,0.1,0.1,0.0388783918074227,0.10000000000000002,0.1,0.1,0.002045512656609563,0.004319654427645789,0.0009389671361502347,0.016181229773462782,0.8805031446540881,0.20658682634730538,0.0070921985815602835,0.0030845157310302285,0.002379819133745835,0.5223214285714286,0.7062726176115802,0.013966480446927373,0.0025367833587011668,0.03937007874015748,0.0019455252918287938,0.0009721952167995333,0.0013468013468013469,0.0009778994719342852,0.08287292817679558,0.1682278006744099
94,0.1,0.1,0.03848960788934848,0.10000000000000002,0.1,0.1,0.002045512656609563,0.004319654427645789,0.0009389671361502347,0.016181229773462782,0.8805031446540881,0.20658682634730538,0.0070921985815602835,0.0030845157310302285,0.002379819133745835,0.5223214285714286,0.7062726176115802,0.013966480446927373,0.0025367833587011668,0.03937007874015748,0.0019455252918287938,0.0009721952167995333,0.0013468013468013469,0.0009778994719342852,0.08287292817679558,0.1682278006744099
95,0.1,0.1,0.038104711810454994,0.10000000000000002,0.1,0.1,0.002045512656609563,0.004319654427645789,0.0009389671361502347,0.016181229773462782,0.8805031446540881,0.20658682634730538,0.0070921985815602835,0.0030845157310302285,0.002379819133745835,0.5223214285714286,0.7062726176115802,0.013966480446927373,0.0025367833587011668,0.03937007874015748,0.0019455252918287938,0.0009721952167995333,0.0013468013468013469,0.0009778994719342852,0.08287292817679558,0.1682278006744099
96,0.1,0.1,0.037723664692350445,0.10000000000000002,0.1,0.1,0.002045512656609563,0.004319654427645789,0.0009389671361502347,0.016181229773462782,0.8805031446540881,0.20658682634730538,0.0070921985815602835,0.0030845157310302285,0.002379819133745835,0.5223214285714286,0.7062726176115802,0.013966480446927373,0.0025367833587011668,0.03937007874015748,0.0019455252918287938,0.0009721952167995333,0.0013468013468013469,0.0009778994719342852,0.08287292817679558,0.1682278006744099
97,0.1,0.1,0.03734642804542694,0.10000000000000002,0.1,0.1,0.002045512656609563,0.004319654427645789,0.0009389671361502347,0.016181229773462782,0.8805031446540881,0.20658682634730538,0.0070921985815602835,0.0030845157310302285,0.002379819133745835,0.5223214285714286,0.7062726176115802,0.013966480446927373,0.0025367833587011668,0.03937007874015748,0.0019455252918287938,0.0009721952167995333,0.0013468013468013469,0.0009778994719342852,0.08287292817679558,0.1682278006744099
98,0.1,0.1,0.03697296376497267,0.10000000000000002,0.1,0.1,0.002045512656609563,0.004319654427645789,0.0009389671361502347,0.016181229773462782,0.8805031446540881,0.20658682634730538,0.0070921985815602835,0.0030845157310302285,0.002379819133745835,0.5223214285714286,0.7062726176115802,0.013966480446927373,0.0025367833587011668,0.03937007874015748,0.0019455252918287938,0.0009721952167995333,0.0013468013468013469,0.0009778994719342852,0.08287292817679558,0.1682278006744099
99,0.1,0.1,0.03660323412732295,0.10000000000000002,0.1,0.1,0.002045512656609563,0.004319654427645789,0.0009389671361502347,0.016181229773462782,0.8805031446540881,0.20658682634730538,0.0070921985815602835,0.0030845157310302285,0.002379819133745835,0.5223214285714286,0.7062726176115802,0.013966480446927373,0.0025367833587011668,0.03937007874015748,0.0019455252918287938,0.0009721952167995333,0.0013468013468013469,0.0009778994719342852,0.08287292817679558,0.1682278006744099
100,0.1,0.1,0.03623720178604972,0.10000000000000002,0.1,0.1,0.002045512656609563,0.004319654427645789,0.0009389671361502347,0.016181229773462782,0.8805031446540881,0.20658682634730538,0.0070921985815602835,0.0030845157310302285,0.002379819133745835,0.5223214285714286,0.7062726176115802,0.013966480446927373,0.0025367833587011668,0.03937007874015748,0.0019455252918287938,0.0009721952167995333,0.0013468013468013469,0.0009778994719342852,0.08287292817679558,0.1682278006744099
101,0.1,0.1,0.035874829768189224,0.10000000000000002,0.1,0.1,0.002045512656609563,0.004319654427645789,0.0009389671361502347,0.016181229773462782,0.8805031446540881,0.20658682634730538,0.0070921985815602835,0.0030845157310302285,0.002379819133745835,0.5223214285714286,0.7062726176115802,0.013966480446927373,0.0025367833587011668,0.03937007874015748,0.0019455252918287938,0.0009721952167995333,0.0013468013468013469,0.0009778994719342852,0.08287292817679558,0.1682278006744099
102,0.1,0.1,0.03551608147050733,0.10000000000000002,0.1,0.1,0.002045512656609563,0.004319654427645789,0.0009389671361502347,0.016181229773462782,0.8805031446540881,0.20658682634730538,0.0070921985815602835,0.0030845157310302285,0.002379819133745835,0.5223214285714286,0.7062726176115802,0.013966480446927373,0.0025367833587011668,0.03937007874015748,0.0019455252918287938,0.0009721952167995333,0.0013468013468013469,0.0009778994719342852,0.08287292817679558,0.1682278006744099
103,0.1,0.1,0.03516092065580226,0.10000000000000002,0.1,0.1,0.002045512656609563,0.004319654427645789,0.0009389671361502347,0.016181229773462782,0.8805031446540881,0.20658682634730538,0.0070921985815602835,0.0030845157310302285,0.002379819133745835,0.5223214285714286,0.7062726176115802,0.013966480446927373,0.0025367833587011668,0.03937007874015748,0.0019455252918287938,0.0009721952167995333,0.0013468013468013469,0.0009778994719342852,0.08287292817679558,0.1682278006744099
104,0.1,0.1,0.034809311449244235,0.10000000000000002,0.1,0.1,0.002045512656609563,0.004319654427645789,0.0009389671361502347,0.016181229773462782,0.8805031446540881,0.20658682634730538,0.0070921985815602835,0.0030845157310302285,0.002379819133745835,0.5223214285714286,0.7062726176115802,0.013966480446927373,0.0025367833587011668,0.03937007874015748,0.0019455252918287938,0.0009721952167995333,0.0013468013468013469,0.0009778994719342852,0.08287292817679558,0.1682278006744099
105,0.1,0.1,0.03446121833475179,0.10000000000000002,0.1,0.1,0.002045512656609563,0.004319654427645789,0.0009389671361502347,0.016181229773462782,0.8805031446540881,0.20658682634730538,0.0070921985815602835,0.0030845157310302285,0.002379819133745835,0.5223214285714286,0.7062726176115802,0.013966480446927373,0.0025367833587011668,0.03937007874015748,0.0019455252918287938,0.0009721952167995333,0.0013468013468013469,0.0009778994719342852,0.08287292817679558,0.1682278006744099
106,0.1,0.1,0.03411660615140427,0.10000000000000002,0.1,0.1,0.002045512656609563,0.004319654427645789,0.0009389671361502347,0.016181229773462782,0.8805031446540881,0.20658682634730538,0.0070921985815602835,0.0030845157310302285,0.002379819133745835,0.5223214285714286,0.7062726176115802,0.013966480446927373,0.0025367833587011668,0.03937007874015748,0.0019455252918287938,0.0009721952167995333,0.0013468013468013469,0.0009778994719342852,0.08287292817679558,0.1682278006744099
107,0.1,0.1,0.03377544008989023,0.10000000000000002,0.1,0.1,0.002045512656609563,0.004319654427645789,0.0009389671361502347,0.016181229773462782,0.8805031446540881,0.20658682634730538,0.0070921985815602835,0.0030845157310302285,0.002379819133745835,0.5223214285714286,0.7062726176115802,0.013966480446927373,0.0025367833587011668,0.03937007874015748,0.0019455252918287938,0.0009721952167995333,0.0013468013468013469,0.0009778994719342852,0.08287292817679558,0.1682278006744099
108,0.1,0.1,0.03343768568899133,0.10000000000000002,0.1,0.1,0.002045512656609563,0.004319654427645789,0.0009389671361502347,0.016181229773462782,0.8805031446540881,0.20658682634730538,0.0070921985815602835,0.0030845157310302285,0.002379819133745835,0.5223214285714286,0.7062726176115802,0.013966480446927373,0.0025367833587011668,0.03937007874015748,0.0019455252918287938,0.0009721952167995333,0.0013468013468013469,0.0009778994719342852,0.08287292817679558,0.1682278006744099
109,0.1,0.1,0.03310330883210142,0.10000000000000002,0.1,0.1,0.002045512656609563,0.004319654427645789,0.0009389671361502347,0.016181229773462782,0.8805031446540881,0.20658682634730538,0.0070921985815602835,0.0030845157310302285,0.002379819133745835,0.5223214285714286,0.7062726176115802,0.013966480446927373,0.0025367833587011668,0.03937007874015748,0.0019455252918287938,0.0009721952167995333,0.0013468013468013469,0.0009778994719342852,0.08287292817679558,0.1682278006744099
110,0.1,0.1,0.03277227574378041,0.10000000000000002,0.1,0.1,0.002045512656609563,0.004319654427645789,0.0009389671361502347,0.016181229773462782,0.8805031446540881,0.20658682634730538,0.0070921985815602835,0.0030845157310302285,0.002379819133745835,0.5223214285714286,0.7062726176115802,0.013966480446927373,0.0025367833587011668,0.03937007874015748,0.0019455252918287938,0.0009721952167995333,0.0013468013468013469,0.0009778994719342852,0.08287292817679558,0.1682278006744099
111,0.1,0.1,0.032444552986342606,0.10000000000000002,0.1,0.1,0.002045512656609563,0.004319654427645789,0.0009389671361502347,0.016181229773462782,0.8805031446540881,0.20658682634730538,0.0070921985815602835,0.0030845157310302285,0.002379819133745835,0.5223214285714286,0.7062726176115802,0.013966480446927373,0.0025367833587011668,0.03937007874015748,0.0019455252918287938,0.0009721952167995333,0.0013468013468013469,0.0009778994719342852,0.08287292817679558,0.1682278006744099
112,0.1,0.1,0.03212010745647918,0.10000000000000002,0.1,0.1,0.002045512656609563,0.004319654427645789,0.0009389671361502347,0.016181229773462782,0.8805031446540881,0.20658682634730538,0.0070921985815602835,0.0030845157310302285,0.002379819133745835,0.5223214285714286,0.7062726176115802,0.013966480446927373,0.0025367833587011668,0.03937007874015748,0.0019455252918287938,0.0009721952167995333,0.0013468013468013469,0.0009778994719342852,0.08287292817679558,0.1682278006744099
113,0.1,0.1,0.03179890638191439,0.10000000000000002,0.1,0.1,0.002045512656609563,0.004319654427645789,0.0009389671361502347,0.016181229773462782,0.8805031446540881,0.20658682634730538,0.0070921985815602835,0.0030845157310302285,0.002379819133745835,0.5223214285714286,0.7062726176115802,0.013966480446927373,0.0025367833587011668,0.03937007874015748,0.0019455252918287938,0.0009721952167995333,0.0013468013468013469,0.0009778994719342852,0.08287292817679558,0.1682278006744099
114,0.1,0.1,0.03148091731809525,0.10000000000000002,0.1,0.1,0.002045512656609563,0.004319654427645789,0.0009389671361502347,0.016181229773462782,0.8805031446540881,0.20658682634730538,0.0070921985815602835,0.0030845157310302285,0.002379819133745835,0.5223214285714286,0.7062726176115802,0.013966480446927373,0.0025367833587011668,0.03937007874015748,0.0019455252918287938,0.0009721952167995333,0.0013468013468013469,0.0009778994719342852,0.08287292817679558,0.1682278006744099
115,0.1,0.1,0.031166108144914297,0.10000000000000002,0.1,0.1,0.002045512656609563,0.004319654427645789,0.0009389671361502347,0.016181229773462782,0.8805031446540881,0.20658682634730538,0.0070921985815602835,0.0030845157310302285,0.002379819133745835,0.5223214285714286,0.7062726176115802,0.013966480446927373,0.0025367833587011668,0.03937007874015748,0.0019455252918287938,0.0009721952167995333,0.0013468013468013469,0.0009778994719342852,0.08287292817679558,0.1682278006744099
116,0.1,0.1,0.030854447063465153,0.10000000000000002,0.1,0.1,0.002045512656609563,0.004319654427645789,0.0009389671361502347,0.016181229773462782,0.8805031446540881,0.20658682634730538,0.0070921985815602835,0.0030845157310302285,0.002379819133745835,0.5223214285714286,0.7062726176115802,0.013966480446927373,0.0025367833587011668,0.03937007874015748,0.0019455252918287938,0.0009721952167995333,0.0013468013468013469,0.0009778994719342852,0.08287292817679558,0.1682278006744099
117,0.1,0.1,0.030545902592830503,0.10000000000000002,0.1,0.1,0.002045512656609563,0.004319654427645789,0.0009389671361502347,0.016181229773462782,0.8805031446540881,0.20658682634730538,0.0070921985815602835,0.0030845157310302285,0.002379819133745835,0.5223214285714286,0.7062726176115802,0.013966480446927373,0.0025367833587011668,0.03937007874015748,0.0019455252918287938,0.0009721952167995333,0.0013468013468013469,0.0009778994719342852,0.08287292817679558,0.1682278006744099
118,0.1,0.1,0.030240443566902198,0.10000000000000002,0.1,0.1,0.002045512656609563,0.004319654427645789,0.0009389671361502347,0.016181229773462782,0.8805031446540881,0.20658682634730538,0.0070921985815602835,0.0030845157310302285,0.002379819133745835,0.5223214285714286,0.7062726176115802,0.013966480446927373,0.0025367833587011668,0.03937007874015748,0.0019455252918287938,0.0009721952167995333,0.0013468013468013469,0.0009778994719342852,0.08287292817679558,0.1682278006744099
119,0.1,0.1,0.029938039131233177,0.10000000000000002,0.1,0.1,0.002045512656609563,0.004319654427645789,0.0009389671361502347,0.016181229773462782,0.8805031446540881,0.20658682634730538,0.0070921985815602835,0.0030845157310302285,0.002379819133745835,0.5223214285714286,0.7062726176115802,0.013966480446927373,0.0025367833587011668,0.03937007874015748,0.0019455252918287938,0.0009721952167995333,0.0013468013468013469,0.0009778994719342852,0.08287292817679558,0.1682278006744099
120,0.1,0.1,0.029638658739920845,0.10000000000000002,0.1,0.1,0.002045512656609563,0.004319654427645789,0.0009389671361502347,0.016181229773462782,0.8805031446540881,0.20658682634730538,0.0070921985815602835,0.0030845157310302285,0.002379819133745835,0.5223214285714286,0.7062726176115802,0.013966480446927373,0.0025367833587011668,0.03937007874015748,0.0019455252918287938,0.0009721952167995333,0.0013468013468013469,0.0009778994719342852,0.08287292817679558,0.1682278006744099
121,0.1,0.1,0.029342272152521637,0.10000000000000002,0.1,0.1,0.002045512656609563,0.004319654427645789,0.0009389671361502347,0.016181229773462782,0.8805031446540881,0.20658682634730538,0.0070921985815602835,0.0030845157310302285,0.002379819133745835,0.5223214285714286,0.7062726176115802,0.013966480446927373,0.0025367833587011668,0.03937007874015748,0.0019455252918287938,0.0009721952167995333,0.0013468013468013469,0.0009778994719342852,0.08287292817679558,0.1682278006744099
122,0.1,0.1,0.02904884943099642,0.10000000000000002,0.1,0.1,0.002045512656609563,0.004319654427645789,0.0009389671361502347,0.016181229773462782,0.8805031446540881,0.20658682634730538,0.0070921985815602835,0.0030845157310302285,0.002379819133745835,0.5223214285714286,0.7062726176115802,0.013966480446927373,0.0025367833587011668,0.03937007874015748,0.0019455252918287938,0.0009721952167995333,0.0013468013468013469,0.0009778994719342852,0.08287292817679558,0.1682278006744099
123,0.1,0.1,0.028758360936686458,0.10000000000000002,0.1,0.1,0.002045512656609563,0.004319654427645789,0.0009389671361502347,0.016181229773462782,0.8805031446540881,0.20658682634730538,0.0070921985815602835,0.0030845157310302285,0.002379819133745835,0.5223214285714286,0.7062726176115802,0.013966480446927373,0.0025367833587011668,0.03937007874015748,0.0019455252918287938,0.0009721952167995333,0.0013468013468013469,0.0009778994719342852,0.08287292817679558,0.1682278006744099
124,0.1,0.1,0.028470777327319594,0.10000000000000002,0.1,0.1,0.002045512656609563,0.004319654427645789,0.0009389671361502347,0.016181229773462782,0.8805031446540881,0.20658682634730538,0.0070921985815602835,0.0030845157310302285,0.002379819133745835,0.5223214285714286,0.7062726176115802,0.013966480446927373,0.0025367833587011668,0.03937007874015748,0.0019455252918287938,0.0009721952167995333,0.0013468013468013469,0.0009778994719342852,0.08287292817679558,0.1682278006744099
125,0.1,0.1,0.028186069554046397,0.10000000000000002,0.1,0.1,0.002045512656609563,0.004319654427645789,0.0009389671361502347,0.016181229773462782,0.8805031446540881,0.20658682634730538,0.0070921985815602835,0.0030845157310302285,0.002379819133745835,0.5223214285714286,0.7062726176115802,0.013966480446927373,0.0025367833587011668,0.03937007874015748,0.0019455252918287938,0.0009721952167995333,0.0013468013468013469,0.0009778994719342852,0.08287292817679558,0.1682278006744099
126,0.1,0.1,0.027904208858505933,0.10000000000000002,0.1,0.1,0.002045512656609563,0.004319654427645789,0.0009389671361502347,0.016181229773462782,0.8805031446540881,0.20658682634730538,0.0070921985815602835,0.0030845157310302285,0.002379819133745835,0.5223214285714286,0.7062726176115802,0.013966480446927373,0.0025367833587011668,0.03937007874015748,0.0019455252918287938,0.0009721952167995333,0.0013468013468013469,0.0009778994719342852,0.08287292817679558,0.1682278006744099
127,0.1,0.1,0.027625166769920873,0.10000000000000002,0.1,0.1,0.002045512656609563,0.004319654427645789,0.0009389671361502347,0.016181229773462782,0.8805031446540881,0.20658682634730538,0.0070921985815602835,0.0030845157310302285,0.002379819133745835,0.5223214285714286,0.7062726176115802,0.013966480446927373,0.0025367833587011668,0.03937007874015748,0.0019455252918287938,0.0009721952167995333,0.0013468013468013469,0.0009778994719342852,0.08287292817679558,0.1682278006744099
128,0.1,0.1,0.027348915102221663,0.10000000000000002,0.1,0.1,0.002045512656609563,0.004319654427645789,0.0009389671361502347,0.016181229773462782,0.8805031446540881,0.20658682634730538,0.0070921985815602835,0.0030845157310302285,0.002379819133745835,0.5223214285714286,0.7062726176115802,0.013966480446927373,0.0025367833587011668,0.03937007874015748,0.0019455252918287938,0.0009721952167995333,0.0013468013468013469,0.0009778994719342852,0.08287292817679558,0.1682278006744099
129,0.1,0.1,0.027075425951199446,0.10000000000000002,0.1,0.1,0.002045512656609563,0.004319654427645789,0.0009389671361502347,0.016181229773462782,0.8805031446540881,0.20658682634730538,0.0070921985815602835,0.0030845157310302285,0.002379819133745835,0.5223214285714286,0.7062726176115802,0.013966480446927373,0.0025367833587011668,0.03937007874015748,0.0019455252918287938,0.0009721952167995333,0.0013468013468013469,0.0009778994719342852,0.08287292817679558,0.1682278006744099
130,0.1,0.1,0.026804671691687453,0.10000000000000002,0.1,0.1,0.002045512656609563,0.004319654427645789,0.0009389671361502347,0.016181229773462782,0.8805031446540881,0.20658682634730538,0.0070921985815602835,0.0030845157310302285,0.002379819133745835,0.5223214285714286,0.7062726176115802,0.013966480446927373,0.0025367833587011668,0.03937007874015748,0.0019455252918287938,0.0009721952167995333,0.0013468013468013469,0.0009778994719342852,0.08287292817679558,0.1682278006744099
131,0.1,0.1,0.02653662497477058,0.10000000000000002,0.1,0.1,0.002045512656609563,0.004319654427645789,0.0009389671361502347,0.016181229773462782,0.8805031446540881,0.20658682634730538,0.0070921985815602835,0.0030845157310302285,0.002379819133745835,0.5223214285714286,0.7062726176115802,0.013966480446927373,0.0025367833587011668,0.03937007874015748,0.0019455252918287938,0.0009721952167995333,0.0013468013468013469,0.0009778994719342852,0.08287292817679558,0.1682278006744099
132,0.1,0.1,0.026271258725022874,0.10000000000000002,0.1,0.1,0.002045512656609563,0.004319654427645789,0.0009389671361502347,0.016181229773462782,0.8805031446540881,0.20658682634730538,0.0070921985815602835,0.0030845157310302285,0.002379819133745835,0.5223214285714286,0.7062726176115802,0.013966480446927373,0.0025367833587011668,0.03937007874015748,0.0019455252918287938,0.0009721952167995333,0.0013468013468013469,0.0009778994719342852,0.08287292817679558,0.1682278006744099
133,0.1,0.1,0.026008546137772644,0.10000000000000002,0.1,0.1,0.002045512656609563,0.004319654427645789,0.0009389671361502347,0.016181229773462782,0.8805031446540881,0.20658682634730538,0.0070921985815602835,0.0030845157310302285,0.002379819133745835,0.5223214285714286,0.7062726176115802,0.013966480446927373,0.0025367833587011668,0.03937007874015748,0.0019455252918287938,0.0009721952167995333,0.0013468013468013469,0.0009778994719342852,0.08287292817679558,0.1682278006744099
134,0.1,0.1,0.025748460676394917,0.10000000000000002,0.1,0.1,0.002045512656609563,0.004319654427645789,0.0009389671361502347,0.016181229773462782,0.8805031446540881,0.20658682634730538,0.0070921985815602835,0.0030845157310302285,0.002379819133745835,0.5223214285714286,0.7062726176115802,0.013966480446927373,0.0025367833587011668,0.03937007874015748,0.0019455252918287938,0.0009721952167995333,0.0013468013468013469,0.0009778994719342852,0.08287292817679558,0.1682278006744099
135,0.1,0.1,0.025490976069630966,0.10000000000000002,0.1,0.1,0.002045512656609563,0.004319654427645789,0.0009389671361502347,0.016181229773462782,0.8805031446540881,0.20658682634730538,0.0070921985815602835,0.0030845157310302285,0.002379819133745835,0.5223214285714286,0.7062726176115802,0.013966480446927373,0.0025367833587011668,0.03937007874015748,0.0019455252918287938,0.0009721952167995333,0.0013468013468013469,0.0009778994719342852,0.08287292817679558,0.1682278006744099
136,0.1,0.1,0.025236066308934657,0.10000000000000002,0.1,0.1,0.002045512656609563,0.004319654427645789,0.0009389671361502347,0.016181229773462782,0.8805031446540881,0.20658682634730538,0.0070921985815602835,0.0030845157310302285,0.002379819133745835,0.5223214285714286,0.7062726176115802,0.013966480446927373,0.0025367833587011668,0.03937007874015748,0.0019455252918287938,0.0009721952167995333,0.0013468013468013469,0.0009778994719342852,0.08287292817679558,0.1682278006744099
137,0.1,0.1,0.02498370564584531,0.10000000000000002,0.1,0.1,0.002045512656609563,0.004319654427645789,0.0009389671361502347,0.016181229773462782,0.8805031446540881,0.20658682634730538,0.0070921985815602835,0.0030845157310302285,0.002379819133745835,0.5223214285714286,0.7062726176115802,0.013966480446927373,0.0025367833587011668,0.03937007874015748,0.0019455252918287938,0.0009721952167995333,0.0013468013468013469,0.0009778994719342852,0.08287292817679558,0.1682278006744099
138,0.1,0.1,0.024733868589386858,0.10000000000000002,0.1,0.1,0.002045512656609563,0.004319654427645789,0.0009389671361502347,0.016181229773462782,0.8805031446540881,0.20658682634730538,0.0070921985815602835,0.0030845157310302285,0.002379819133745835,0.5223214285714286,0.7062726176115802,0.013966480446927373,0.0025367833587011668,0.03937007874015748,0.0019455252918287938,0.0009721952167995333,0.0013468013468013469,0.0009778994719342852,0.08287292817679558,0.1682278006744099
139,0.1,0.1,0.02448652990349299,0.10000000000000002,0.1,0.1,0.002045512656609563,0.004319654427645789,0.0009389671361502347,0.016181229773462782,0.8805031446540881,0.20658682634730538,0.0070921985815602835,0.0030845157310302285,0.002379819133745835,0.5223214285714286,0.7062726176115802,0.013966480446927373,0.0025367833587011668,0.03937007874015748,0.0019455252918287938,0.0009721952167995333,0.0013468013468013469,0.0009778994719342852,0.08287292817679558,0.1682278006744099
140,0.1,0.1,0.02424166460445806,0.10000000000000002,0.1,0.1,0.002045512656609563,0.004319654427645789,0.0009389671361502347,0.016181229773462782,0.8805031446540881,0.20658682634730538,0.0070921985815602835,0.0030845157310302285,0.002379819133745835,0.5223214285714286,0.7062726176115802,0.013966480446927373,0.0025367833587011668,0.03937007874015748,0.0019455252918287938,0.0009721952167995333,0.0013468013468013469,0.0009778994719342852,0.08287292817679558,0.1682278006744099
141,0.1,0.1,0.02399924795841348,0.10000000000000002,0.1,0.1,0.002045512656609563,0.004319654427645789,0.0009389671361502347,0.016181229773462782,0.8805031446540881,0.20658682634730538,0.0070921985815602835,0.0030845157310302285,0.002379819133745835,0.5223214285714286,0.7062726176115802,0.013966480446927373,0.0025367833587011668,0.03937007874015748,0.0019455252918287938,0.0009721952167995333,0.0013468013468013469,0.0009778994719342852,0.08287292817679558,0.1682278006744099
142,0.1,0.1,0.023759255478829344,0.10000000000000002,0.1,0.1,0.002045512656609563,0.004319654427645789,0.0009389671361502347,0.016181229773462782,0.8805031446540881,0.20658682634730538,0.0070921985815602835,0.0030845157310302285,0.002379819133745835,0.5223214285714286,0.7062726176115802,0.013966480446927373,0.0025367833587011668,0.03937007874015748,0.0019455252918287938,0.0009721952167995333,0.0013468013468013469,0.0009778994719342852,0.08287292817679558,0.1682278006744099
143,0.1,0.1,0.02352166292404105,0.10000000000000002,0.1,0.1,0.002045512656609563,0.004319654427645789,0.0009389671361502347,0.016181229773462782,0.8805031446540881,0.20658682634730538,0.0070921985815602835,0.0030845157310302285,0.002379819133745835,0.5223214285714286,0.7062726176115802,0.013966480446927373,0.0025367833587011668,0.03937007874015748,0.0019455252918287938,0.0009721952167995333,0.0013468013468013469,0.0009778994719342852,0.08287292817679558,0.1682278006744099
144,0.1,0.1,0.02328644629480064,0.10000000000000002,0.1,0.1,0.002045512656609563,0.004319654427645789,0.0009389671361502347,0.016181229773462782,0.8805031446540881,0.20658682634730538,0.0070921985815602835,0.0030845157310302285,0.002379819133745835,0.5223214285714286,0.7062726176115802,0.013966480446927373,0.0025367833587011668,0.03937007874015748,0.0019455252918287938,0.0009721952167995333,0.0013468013468013469,0.0009778994719342852,0.08287292817679558,0.1682278006744099
145,0.1,0.1,0.023053581831852635,0.10000000000000002,0.1,0.1,0.002045512656609563,0.004319654427645789,0.0009389671361502347,0.016181229773462782,0.8805031446540881,0.20658682634730538,0.0070921985815602835,0.0030845157310302285,0.002379819133745835,0.5223214285714286,0.7062726176115802,0.013966480446927373,0.0025367833587011668,0.03937007874015748,0.0019455252918287938,0.0009721952167995333,0.0013468013468013469,0.0009778994719342852,0.08287292817679558,0.1682278006744099
146,0.1,0.1,0.022823046013534107,0.10000000000000002,0.1,0.1,0.002045512656609563,0.004319654427645789,0.0009389671361502347,0.016181229773462782,0.8805031446540881,0.20658682634730538,0.0070921985815602835,0.0030845157310302285,0.002379819133745835,0.5223214285714286,0.7062726176115802,0.013966480446927373,0.0025367833587011668,0.03937007874015748,0.0019455252918287938,0.0009721952167995333,0.0013468013468013469,0.0009778994719342852,0.08287292817679558,0.1682278006744099
147,0.1,0.1,0.022594815553398765,0.10000000000000002,0.1,0.1,0.002045512656609563,0.004319654427645789,0.0009389671361502347,0.016181229773462782,0.8805031446540881,0.20658682634730538,0.0070921985815602835,0.0030845157310302285,0.002379819133745835,0.5223214285714286,0.7062726176115802,0.013966480446927373,0.0025367833587011668,0.03937007874015748,0.0019455252918287938,0.0009721952167995333,0.0013468013468013469,0.0009778994719342852,0.08287292817679558,0.1682278006744099
148,0.1,0.1,0.022368867397864776,0.10000000000000002,0.1,0.1,0.002045512656609563,0.004319654427645789,0.0009389671361502347,0.016181229773462782,0.8805031446540881,0.20658682634730538,0.0070921985815602835,0.0030845157310302285,0.002379819133745835,0.5223214285714286,0.7062726176115802,0.013966480446927373,0.0025367833587011668,0.03937007874015748,0.0019455252918287938,0.0009721952167995333,0.0013468013468013469,0.0009778994719342852,0.08287292817679558,0.1682278006744099
149,0.1,0.1,0.02214517872388613,0.10000000000000002,0.1,0.1,0.002045512656609563,0.004319654427645789,0.0009389671361502347,0.016181229773462782,0.8805031446540881,0.20658682634730538,0.0070921985815602835,0.0030845157310302285,0.002379819133745835,0.5223214285714286,0.7062726176115802,0.013966480446927373,0.0025367833587011668,0.03937007874015748,0.0019455252918287938,0.0009721952167995333,0.0013468013468013469,0.0009778994719342852,0.08287292817679558,0.1682278006744099
150,0.1,0.1,0.021923726936647268,0.10000000000000002,0.1,0.1,0.002045512656609563,0.004319654427645789,0.0009389671361502347,0.016181229773462782,0.8805031446540881,0.20658682634730538,0.0070921985815602835,0.0030845157310302285,0.002379819133745835,0.5223214285714286,0.7062726176115802,0.013966480446927373,0.0025367833587011668,0.03937007874015748,0.0019455252918287938,0.0009721952167995333,0.0013468013468013469,0.0009778994719342852,0.08287292817679558,0.1682278006744099
151,0.1,0.1,0.021704489667280794,0.10000000000000002,0.1,0.1,0.002045512656609563,0.004319654427645789,0.0009389671361502347,0.016181229773462782,0.8805031446540881,0.20658682634730538,0.0070921985815602835,0.0030845157310302285,0.002379819133745835,0.5223214285714286,0.7062726176115802,0.013966480446927373,0.0025367833587011668,0.03937007874015748,0.0019455252918287938,0.0009721952167995333,0.0013468013468013469,0.0009778994719342852,0.08287292817679558,0.1682278006744099
152,0.1,0.1,0.021487444770607985,0.10000000000000002,0.1,0.1,0.002045512656609563,0.004319654427645789,0.0009389671361502347,0.016181229773462782,0.8805031446540881,0.20658682634730538,0.0070921985815602835,0.0030845157310302285,0.002379819133745835,0.5223214285714286,0.7062726176115802,0.013966480446927373,0.0025367833587011668,0.03937007874015748,0.0019455252918287938,0.0009721952167995333,0.0013468013468013469,0.0009778994719342852,0.08287292817679558,0.1682278006744099
153,0.1,0.1,0.021272570322901904,0.10000000000000002,0.1,0.1,0.002045512656609563,0.004319654427645789,0.0009389671361502347,0.016181229773462782,0.8805031446540881,0.20658682634730538,0.0070921985815602835,0.0030845157310302285,0.002379819133745835,0.5223214285714286,0.7062726176115802,0.013966480446927373,0.0025367833587011668,0.03937007874015748,0.0019455252918287938,0.0009721952167995333,0.0013468013468013469,0.0009778994719342852,0.08287292817679558,0.1682278006744099
154,0.1,0.1,0.021059844619672884,0.10000000000000002,0.1,0.1,0.002045512656609563,0.004319654427645789,0.0009389671361502347,0.016181229773462782,0.8805031446540881,0.20658682634730538,0.0070921985815602835,0.0030845157310302285,0.002379819133745835,0.5223214285714286,0.7062726176115802,0.013966480446927373,0.0025367833587011668,0.03937007874015748,0.0019455252918287938,0.0009721952167995333,0.0013468013468013469,0.0009778994719342852,0.08287292817679558,0.1682278006744099
155,0.1,0.1,0.020849246173476155,0.10000000000000002,0.1,0.1,0.002045512656609563,0.004319654427645789,0.0009389671361502347,0.016181229773462782,0.8805031446540881,0.20658682634730538,0.0070921985815602835,0.0030845157310302285,0.002379819133745835,0.5223214285714286,0.7062726176115802,0.013966480446927373,0.0025367833587011668,0.03937007874015748,0.0019455252918287938,0.0009721952167995333,0.0013468013468013469,0.0009778994719342852,0.08287292817679558,0.1682278006744099
156,0.1,0.1,0.020640753711741393,0.10000000000000002,0.1,0.1,0.002045512656609563,0.004319654427645789,0.0009389671361502347,0.016181229773462782,0.8805031446540881,0.20658682634730538,0.0070921985815602835,0.0030845157310302285,0.002379819133745835,0.5223214285714286,0.7062726176115802,0.013966480446927373,0.0025367833587011668,0.03937007874015748,0.0019455252918287938,0.0009721952167995333,0.0013468013468013469,0.0009778994719342852,0.08287292817679558,0.1682278006744099
157,0.1,0.1,0.020434346174623978,0.10000000000000002,0.1,0.1,0.002045512656609563,0.004319654427645789,0.0009389671361502347,0.016181229773462782,0.8805031446540881,0.20658682634730538,0.0070921985815602835,0.0030845157310302285,0.002379819133745835,0.5223214285714286,0.7062726176115802,0.013966480446927373,0.0025367833587011668,0.03937007874015748,0.0019455252918287938,0.0009721952167995333,0.0013468013468013469,0.0009778994719342852,0.08287292817679558,0.1682278006744099
158,0.1,0.1,0.020230002712877736,0.10000000000000002,0.1,0.1,0.002045512656609563,0.004319654427645789,0.0009389671361502347,0.016181229773462782,0.8805031446540881,0.20658682634730538,0.0070921985815602835,0.0030845157310302285,0.002379819133745835,0.5223214285714286,0.7062726176115802,0.013966480446927373,0.0025367833587011668,0.03937007874015748,0.0019455252918287938,0.0009721952167995333,0.0013468013468013469,0.0009778994719342852,0.08287292817679558,0.1682278006744099
159,0.1,0.1,0.02002770268574896,0.10000000000000002,0.1,0.1,0.002045512656609563,0.004319654427645789,0.0009389671361502347,0.016181229773462782,0.8805031446540881,0.20658682634730538,0.0070921985815602835,0.0030845157310302285,0.002379819133745835,0.5223214285714286,0.7062726176115802,0.013966480446927373,0.0025367833587011668,0.03937007874015748,0.0019455252918287938,0.0009721952167995333,0.0013468013468013469,0.0009778994719342852,0.08287292817679558,0.1682278006744099
160,0.1,0.1,0.01982742565889147,0.10000000000000002,0.1,0.1,0.002045512656609563,0.004319654427645789,0.0009389671361502347,0.016181229773462782,0.8805031446540881,0.20658682634730538,0.0070921985815602835,0.0030845157310302285,0.002379819133745835,0.5223214285714286,0.7062726176115802,0.013966480446927373,0.0025367833587011668,0.03937007874015748,0.0019455252918287938,0.0009721952167995333,0.0013468013468013469,0.0009778994719342852,0.08287292817679558,0.1682278006744099
161,0.1,0.1,0.019629151402302553,0.10000000000000002,0.1,0.1,0.002045512656609563,0.004319654427645789,0.0009389671361502347,0.016181229773462782,0.8805031446540881,0.20658682634730538,0.0070921985815602835,0.0030845157310302285,0.002379819133745835,0.5223214285714286,0.7062726176115802,0.013966480446927373,0.0025367833587011668,0.03937007874015748,0.0019455252918287938,0.0009721952167995333,0.0013468013468013469,0.0009778994719342852,0.08287292817679558,0.1682278006744099
162,0.1,0.1,0.019432859888279527,0.10000000000000002,0.1,0.1,0.002045512656609563,0.004319654427645789,0.0009389671361502347,0.016181229773462782,0.8805031446540881,0.20658682634730538,0.0070921985815602835,0.0030845157310302285,0.002379819133745835,0.5223214285714286,0.7062726176115802,0.013966480446927373,0.0025367833587011668,0.03937007874015748,0.0019455252918287938,0.0009721952167995333,0.0013468013468013469,0.0009778994719342852,0.08287292817679558,0.1682278006744099
163,0.1,0.1,0.019238531289396732,0.10000000000000002,0.1,0.1,0.002045512656609563,0.004319654427645789,0.0009389671361502347,0.016181229773462782,0.8805031446540881,0.20658682634730538,0.0070921985815602835,0.0030845157310302285,0.002379819133745835,0.5223214285714286,0.7062726176115802,0.013966480446927373,0.0025367833587011668,0.03937007874015748,0.0019455252918287938,0.0009721952167995333,0.0013468013468013469,0.0009778994719342852,0.08287292817679558,0.1682278006744099
164,0.1,0.1,0.019046145976502765,0.10000000000000002,0.1,0.1,0.002045512656609563,0.004319654427645789,0.0009389671361502347,0.016181229773462782,0.8805031446540881,0.20658682634730538,0.0070921985815602835,0.0030845157310302285,0.002379819133745835,0.5223214285714286,0.7062726176115802,0.013966480446927373,0.0025367833587011668,0.03937007874015748,0.0019455252918287938,0.0009721952167995333,0.0013468013468013469,0.0009778994719342852,0.08287292817679558,0.1682278006744099
165,0.1,0.1,0.018855684516737737,0.10000000000000002,0.1,0.1,0.002045512656609563,0.004319654427645789,0.0009389671361502347,0.016181229773462782,0.8805031446540881,0.20658682634730538,0.0070921985815602835,0.0030845157310302285,0.002379819133745835,0.5223214285714286,0.7062726176115802,0.013966480446927373,0.0025367833587011668,0.03937007874015748,0.0019455252918287938,0.0009721952167995333,0.0013468013468013469,0.0009778994719342852,0.08287292817679558,0.1682278006744099
166,0.1,0.1,0.01866712767157036,0.10000000000000002,0.1,0.1,0.002045512656609563,0.004319654427645789,0.0009389671361502347,0.016181229773462782,0.8805031446540881,0.20658682634730538,0.0070921985815602835,0.0030845157310302285,0.002379819133745835,0.5223214285714286,0.7062726176115802,0.013966480446927373,0.0025367833587011668,0.03937007874015748,0.0019455252918287938,0.0009721952167995333,0.0013468013468013469,0.0009778994719342852,0.08287292817679558,0.1682278006744099
167,0.1,0.1,0.018480456394854655,0.10000000000000002,0.1,0.1,0.002045512656609563,0.004319654427645789,0.0009389671361502347,0.016181229773462782,0.8805031446540881,0.20658682634730538,0.0070921985815602835,0.0030845157310302285,0.002379819133745835,0.5223214285714286,0.7062726176115802,0.013966480446927373,0.0025367833587011668,0.03937007874015748,0.0019455252918287938,0.0009721952167995333,0.0013468013468013469,0.0009778994719342852,0.08287292817679558,0.1682278006744099
168,0.1,0.1,0.018295651830906107,0.10000000000000002,0.1,0.1,0.002045512656609563,0.004319654427645789,0.0009389671361502347,0.016181229773462782,0.8805031446540881,0.20658682634730538,0.0070921985815602835,0.0030845157310302285,0.002379819133745835,0.5223214285714286,0.7062726176115802,0.013966480446927373,0.0025367833587011668,0.03937007874015748,0.0019455252918287938,0.0009721952167995333,0.0013468013468013469,0.0009778994719342852,0.08287292817679558,0.1682278006744099
169,0.1,0.1,0.018112695312597047,0.10000000000000002,0.1,0.1,0.002045512656609563,0.004319654427645789,0.0009389671361502347,0.016181229773462782,0.8805031446540881,0.20658682634730538,0.0070921985815602835,0.0030845157310302285,0.002379819133745835,0.5223214285714286,0.7062726176115802,0.013966480446927373,0.0025367833587011668,0.03937007874015748,0.0019455252918287938,0.0009721952167995333,0.0013468013468013469,0.0009778994719342852,0.08287292817679558,0.1682278006744099
170,0.1,0.1,0.017931568359471076,0.10000000000000002,0.1,0.1,0.002045512656609563,0.004319654427645789,0.0009389671361502347,0.016181229773462782,0.8805031446540881,0.20658682634730538,0.0070921985815602835,0.0030845157310302285,0.002379819133745835,0.5223214285714286,0.7062726176115802,0.013966480446927373,0.0025367833587011668,0.03937007874015748,0.0019455252918287938,0.0009721952167995333,0.0013468013468013469,0.0009778994719342852,0.08287292817679558,0.1682278006744099
171,0.1,0.1,0.017752252675876365,0.10000000000000002,0.1,0.1,0.002045512656609563,0.004319654427645789,0.0009389671361502347,0.016181229773462782,0.8805031446540881,0.20658682634730538,0.0070921985815602835,0.0030845157310302285,0.002379819133745835,0.5223214285714286,0.7062726176115802,0.013966480446927373,0.0025367833587011668,0.03937007874015748,0.0019455252918287938,0.0009721952167995333,0.0013468013468013469,0.0009778994719342852,0.08287292817679558,0.1682278006744099
172,0.1,0.1,0.0175747301491176,0.10000000000000002,0.1,0.1,0.002045512656609563,0.004319654427645789,0.0009389671361502347,0.016181229773462782,0.8805031446540881,0.20658682634730538,0.0070921985815602835,0.0030845157310302285,0.002379819133745835,0.5223214285714286,0.7062726176115802,0.013966480446927373,0.0025367833587011668,0.03937007874015748,0.0019455252918287938,0.0009721952167995333,0.0013468013468013469,0.0009778994719342852,0.08287292817679558,0.1682278006744099
173,0.1,0.1,0.017398982847626424,0.10000000000000002,0.1,0.1,0.002045512656609563,0.004319654427645789,0.0009389671361502347,0.016181229773462782,0.8805031446540881,0.20658682634730538,0.0070921985815602835,0.0030845157310302285,0.002379819133745835,0.5223214285714286,0.7062726176115802,0.013966480446927373,0.0025367833587011668,0.03937007874015748,0.0019455252918287938,0.0009721952167995333,0.0013468013468013469,0.0009778994719342852,0.08287292817679558,0.1682278006744099
174,0.1,0.1,0.01722499301915016,0.10000000000000002,0.1,0.1,0.002045512656609563,0.004319654427645789,0.0009389671361502347,0.016181229773462782,0.8805031446540881,0.20658682634730538,0.0070921985815602835,0.0030845157310302285,0.002379819133745835,0.5223214285714286,0.7062726176115802,0.013966480446927373,0.0025367833587011668,0.03937007874015748,0.0019455252918287938,0.0009721952167995333,0.0013468013468013469,0.0009778994719342852,0.08287292817679558,0.1682278006744099
175,0.1,0.1,0.01705274308895866,0.10000000000000002,0.1,0.1,0.002045512656609563,0.004319654427645789,0.0009389671361502347,0.016181229773462782,0.8805031446540881,0.20658682634730538,0.0070921985815602835,0.0030845157310302285,0.002379819133745835,0.5223214285714286,0.7062726176115802,0.013966480446927373,0.0025367833587011668,0.03937007874015748,0.0019455252918287938,0.0009721952167995333,0.0013468013468013469,0.0009778994719342852,0.08287292817679558,0.1682278006744099
176,0.1,0.1,0.01688221565806907,0.10000000000000002,0.1,0.1,0.002045512656609563,0.004319654427645789,0.0009389671361502347,0.016181229773462782,0.8805031446540881,0.20658682634730538,0.0070921985815602835,0.0030845157310302285,0.002379819133745835,0.5223214285714286,0.7062726176115802,0.013966480446927373,0.0025367833587011668,0.03937007874015748,0.0019455252918287938,0.0009721952167995333,0.0013468013468013469,0.0009778994719342852,0.08287292817679558,0.1682278006744099
177,0.1,0.1,0.01671339350148838,0.10000000000000002,0.1,0.1,0.002045512656609563,0.004319654427645789,0.0009389671361502347,0.016181229773462782,0.8805031446540881,0.20658682634730538,0.0070921985815602835,0.0030845157310302285,0.002379819133745835,0.5223214285714286,0.7062726176115802,0.013966480446927373,0.0025367833587011668,0.03937007874015748,0.0019455252918287938,0.0009721952167995333,0.0013468013468013469,0.0009778994719342852,0.08287292817679558,0.1682278006744099
178,0.1,0.1,0.016546259566473494,0.10000000000000002,0.1,0.1,0.002045512656609563,0.004319654427645789,0.0009389671361502347,0.016181229773462782,0.8805031446540881,0.20658682634730538,0.0070921985815602835,0.0030845157310302285,0.002379819133745835,0.5223214285714286,0.7062726176115802,0.013966480446927373,0.0025367833587011668,0.03937007874015748,0.0019455252918287938,0.0009721952167995333,0.0013468013468013469,0.0009778994719342852,0.08287292817679558,0.1682278006744099
179,0.1,0.1,0.01638079697080876,0.10000000000000002,0.1,0.1,0.002045512656609563,0.004319654427645789,0.0009389671361502347,0.016181229773462782,0.8805031446540881,0.20658682634730538,0.0070921985815602835,0.0030845157310302285,0.002379819133745835,0.5223214285714286,0.7062726176115802,0.013966480446927373,0.0025367833587011668,0.03937007874015748,0.0019455252918287938,0.0009721952167995333,0.0013468013468013469,0.0009778994719342852,0.08287292817679558,0.1682278006744099
180,0.1,0.1,0.016216989001100673,0.10000000000000002,0.1,0.1,0.002045512656609563,0.004319654427645789,0.0009389671361502347,0.016181229773462782,0.8805031446540881,0.20658682634730538,0.0070921985815602835,0.0030845157310302285,0.002379819133745835,0.5223214285714286,0.7062726176115802,0.013966480446927373,0.0025367833587011668,0.03937007874015748,0.0019455252918287938,0.0009721952167995333,0.0013468013468013469,0.0009778994719342852,0.08287292817679558,0.1682278006744099
181,0.1,0.1,0.016054819111089667,0.10000000000000002,0.1,0.1,0.002045512656609563,0.004319654427645789,0.0009389671361502347,0.016181229773462782,0.8805031446540881,0.20658682634730538,0.0070921985815602835,0.0030845157310302285,0.002379819133745835,0.5223214285714286,0.7062726176115802,0.013966480446927373,0.0025367833587011668,0.03937007874015748,0.0019455252918287938,0.0009721952167995333,0.0013468013468013469,0.0009778994719342852,0.08287292817679558,0.1682278006744099
182,0.1,0.1,0.01589427091997877,0.10000000000000002,0.1,0.1,0.002045512656609563,0.004319654427645789,0.0009389671361502347,0.016181229773462782,0.8805031446540881,0.20658682634730538,0.0070921985815602835,0.0030845157310302285,0.002379819133745835,0.5223214285714286,0.7062726176115802,0.013966480446927373,0.0025367833587011668,0.03937007874015748,0.0019455252918287938,0.0009721952167995333,0.0013468013468013469,0.0009778994719342852,0.08287292817679558,0.1682278006744099
183,0.1,0.1,0.01573532821077898,0.10000000000000002,0.1,0.1,0.002045512656609563,0.004319654427645789,0.0009389671361502347,0.016181229773462782,0.8805031446540881,0.20658682634730538,0.0070921985815602835,0.0030845157310302285,0.002379819133745835,0.5223214285714286,0.7062726176115802,0.013966480446927373,0.0025367833587011668,0.03937007874015748,0.0019455252918287938,0.0009721952167995333,0.0013468013468013469,0.0009778994719342852,0.08287292817679558,0.1682278006744099
184,0.1,0.1,0.015577974928671192,0.10000000000000002,0.1,0.1,0.002045512656609563,0.004319654427645789,0.0009389671361502347,0.016181229773462782,0.8805031446540881,0.20658682634730538,0.0070921985815602835,0.0030845157310302285,0.002379819133745835,0.5223214285714286,0.7062726176115802,0.013966480446927373,0.0025367833587011668,0.03937007874015748,0.0019455252918287938,0.0009721952167995333,0.0013468013468013469,0.0009778994719342852,0.08287292817679558,0.1682278006744099
185,0.1,0.1,0.01542219517938448,0.10000000000000002,0.1,0.1,0.002045512656609563,0.004319654427645789,0.0009389671361502347,0.016181229773462782,0.8805031446540881,0.20658682634730538,0.0070921985815602835,0.0030845157310302285,0.002379819133745835,0.5223214285714286,0.7062726176115802,0.013966480446927373,0.0025367833587011668,0.03937007874015748,0.0019455252918287938,0.0009721952167995333,0.0013468013468013469,0.0009778994719342852,0.08287292817679558,0.1682278006744099
186,0.1,0.1,0.015267973227590634,0.10000000000000002,0.1,0.1,0.002045512656609563,0.004319654427645789,0.0009389671361502347,0.016181229773462782,0.8805031446540881,0.20658682634730538,0.0070921985815602835,0.0030845157310302285,0.002379819133745835,0.5223214285714286,0.7062726176115802,0.013966480446927373,0.0025367833587011668,0.03937007874015748,0.0019455252918287938,0.0009721952167995333,0.0013468013468013469,0.0009778994719342852,0.08287292817679558,0.1682278006744099
187,0.1,0.1,0.015115293495314729,0.10000000000000002,0.1,0.1,0.002045512656609563,0.004319654427645789,0.0009389671361502347,0.016181229773462782,0.8805031446540881,0.20658682634730538,0.0070921985815602835,0.0030845157310302285,0.002379819133745835,0.5223214285714286,0.7062726176115802,0.013966480446927373,0.0025367833587011668,0.03937007874015748,0.0019455252918287938,0.0009721952167995333,0.0013468013468013469,0.0009778994719342852,0.08287292817679558,0.1682278006744099
188,0.1,0.1,0.01496414056036158,0.10000000000000002,0.1,0.1,0.002045512656609563,0.004319654427645789,0.0009389671361502347,0.016181229773462782,0.8805031446540881,0.20658682634730538,0.0070921985815602835,0.0030845157310302285,0.002379819133745835,0.5223214285714286,0.7062726176115802,0.013966480446927373,0.0025367833587011668,0.03937007874015748,0.0019455252918287938,0.0009721952167995333,0.0013468013468013469,0.0009778994719342852,0.08287292817679558,0.1682278006744099
189,0.1,0.1,0.014814499154757965,0.10000000000000002,0.1,0.1,0.002045512656609563,0.004319654427645789,0.0009389671361502347,0.016181229773462782,0.8805031446540881,0.20658682634730538,0.0070921985815602835,0.0030845157310302285,0.002379819133745835,0.5223214285714286,0.7062726176115802,0.013966480446927373,0.0025367833587011668,0.03937007874015748,0.0019455252918287938,0.0009721952167995333,0.0013468013468013469,0.0009778994719342852,0.08287292817679558,0.1682278006744099
190,0.1,0.1,0.014666354163210386,0.10000000000000002,0.1,0.1,0.002045512656609563,0.004319654427645789,0.0009389671361502347,0.016181229773462782,0.8805031446540881,0.20658682634730538,0.0070921985815602835,0.0030845157310302285,0.002379819133745835,0.5223214285714286,0.7062726176115802,0.013966480446927373,0.0025367833587011668,0.03937007874015748,0.0019455252918287938,0.0009721952167995333,0.0013468013468013469,0.0009778994719342852,0.08287292817679558,0.1682278006744099
191,0.1,0.1,0.014519690621578282,0.10000000000000002,0.1,0.1,0.002045512656609563,0.004319654427645789,0.0009389671361502347,0.016181229773462782,0.8805031446540881,0.20658682634730538,0.0070921985815602835,0.0030845157310302285,0.002379819133745835,0.5223214285714286,0.7062726176115802,0.013966480446927373,0.0025367833587011668,0.03937007874015748,0.0019455252918287938,0.0009721952167995333,0.0013468013468013469,0.0009778994719342852,0.08287292817679558,0.1682278006744099
192,0.1,0.1,0.014374493715362499,0.10000000000000002,0.1,0.1,0.002045512656609563,0.004319654427645789,0.0009389671361502347,0.016181229773462782,0.8805031446540881,0.20658682634730538,0.0070921985815602835,0.0030845157310302285,0.002379819133745835,0.5223214285714286,0.7062726176115802,0.013966480446927373,0.0025367833587011668,0.03937007874015748,0.0019455252918287938,0.0009721952167995333,0.0013468013468013469,0.0009778994719342852,0.08287292817679558,0.1682278006744099
193,0.1,0.1,0.014230748778208874,0.10000000000000002,0.1,0.1,0.002045512656609563,0.004319654427645789,0.0009389671361502347,0.016181229773462782,0.8805031446540881,0.20658682634730538,0.0070921985815602835,0.0030845157310302285,0.002379819133745835,0.5223214285714286,0.7062726176115802,0.013966480446927373,0.0025367833587011668,0.03937007874015748,0.0019455252918287938,0.0009721952167995333,0.0013468013468013469,0.0009778994719342852,0.08287292817679558,0.1682278006744099
194,0.1,0.1,0.014088441290426785,0.10000000000000002,0.1,0.1,0.002045512656609563,0.004319654427645789,0.0009389671361502347,0.016181229773462782,0.8805031446540881,0.20658682634730538,0.0070921985815602835,0.0030845157310302285,0.002379819133745835,0.5223214285714286,0.7062726176115802,0.013966480446927373,0.0025367833587011668,0.03937007874015748,0.0019455252918287938,0.0009721952167995333,0.0013468013468013469,0.0009778994719342852,0.08287292817679558,0.1682278006744099
195,0.1,0.1,0.013947556877522518,0.10000000000000002,0.1,0.1,0.002045512656609563,0.004319654427645789,0.0009389671361502347,0.016181229773462782,0.8805031446540881,0.20658682634730538,0.0070921985815602835,0.0030845157310302285,0.002379819133745835,0.5223214285714286,0.7062726176115802,0.013966480446927373,0.0025367833587011668,0.03937007874015748,0.0019455252918287938,0.0009721952167995333,0.0013468013468013469,0.0009778994719342852,0.08287292817679558,0.1682278006744099
196,0.1,0.1,0.013808081308747293,0.10000000000000002,0.1,0.1,0.002045512656609563,0.004319654427645789,0.0009389671361502347,0.016181229773462782,0.8805031446540881,0.20658682634730538,0.0070921985815602835,0.0030845157310302285,0.002379819133745835,0.5223214285714286,0.7062726176115802,0.013966480446927373,0.0025367833587011668,0.03937007874015748,0.0019455252918287938,0.0009721952167995333,0.0013468013468013469,0.0009778994719342852,0.08287292817679558,0.1682278006744099
197,0.1,0.1,0.01367000049565982,0.10000000000000002,0.1,0.1,0.002045512656609563,0.004319654427645789,0.0009389671361502347,0.016181229773462782,0.8805031446540881,0.20658682634730538,0.0070921985815602835,0.0030845157310302285,0.002379819133745835,0.5223214285714286,0.7062726176115802,0.013966480446927373,0.0025367833587011668,0.03937007874015748,0.0019455252918287938,0.0009721952167995333,0.0013468013468013469,0.0009778994719342852,0.08287292817679558,0.1682278006744099
198,0.1,0.1,0.013533300490703223,0.10000000000000002,0.1,0.1,0.002045512656609563,0.004319654427645789,0.0009389671361502347,0.016181229773462782,0.8805031446540881,0.20658682634730538,0.0070921985815602835,0.0030845157310302285,0.002379819133745835,0.5223214285714286,0.7062726176115802,0.013966480446927373,0.0025367833587011668,0.03937007874015748,0.0019455252918287938,0.0009721952167995333,0.0013468013468013469,0.0009778994719342852,0.08287292817679558,0.1682278006744099
199,0.1,0.1,0.01339796748579619,0.10000000000000002,0.1,0.1,0.002045512656609563,0.004319654427645789,0.0009389671361502347,0.016181229773462782,0.8805031446540881,0.20658682634730538,0.0070921985815602835,0.0030845157310302285,0.002379819133745835,0.5223214285714286,0.7062726176115802,0.013966480446927373,0.0025367833587011668,0.03937007874015748,0.0019455252918287938,0.0009721952167995333,0.0013468013468013469,0.0009778994719342852,0.08287292817679558,0.1682278006744099
