round,global_acc,client_lr,local_c00,local_c01,local_c02,local_c03,local_c04,local_c05,local_c06,local_c07,local_c08,local_c09,local_c10,local_c11,local_c12,local_c13,local_c14,local_c15,local_c16,local_c17,local_c18,local_c19
0,0.2001,0.01,0.22874493927125505,0.01235712079085573,0.0030041306796845663,0.02912621359223301,0.0319893368877041,0.018055555555555554,0.21863799283154123,0.3038116591928251,0.6497074535741542,0.1487603305785124,0.3668639053254438,0.39275766016713093,0.21865596790371114,0.19393939393939394,0.13379073756432247,0.2765643447461629,0.0197869101978691,0.33088089083316763,0.12048192771084337,0.03724478348665021
1,0.2451,0.0027841527480632067,0.2257085020242915,0.04448563484708063,0.003379647014645137,0.03559870550161812,0.034988337220926355,0.025,0.37455197132616486,0.2836322869955157,0.6776901551767998,0.17355371900826447,0.32662721893491126,0.6350974930362117,0.5957873620862588,0.2,0.1340357755452095,0.39669421487603307,0.0182648401826484,0.37422946907933985,0.1566265060240964,0.0453219654476105
2,0.3128,0.0014939061366021633,0.2598684210526316,0.156317578004325,0.05369883589936162,0.04854368932038835,0.03698767077640786,0.041666666666666664,0.45669056152927123,0.257847533632287,0.6542864411091326,0.18181818181818182,0.22248520710059172,0.6713091922005571,0.7612838515546639,0.20606060606060606,0.12888997794658172,0.6046340023612751,0.2146118721461187,0.4802147544243388,0.3373493975903614,0.11285618128786179
3,0.3644,0.0010481436038389802,0.3147773279352227,0.19524250849552055,0.09463011641006384,0.061488673139158574,0.04298567144285238,0.07222222222222222,0.4477299880525687,0.27858744394618834,0.6565759348766217,0.2231404958677686,0.26272189349112424,0.6462395543175488,0.7211634904714143,0.20303030303030303,0.12472433227150208,0.7126623376623377,0.3774733637747336,0.5496122489560549,0.4939759036144578,0.21202602647520755
4,0.3817,0.0008610198274254799,0.31705465587044535,0.20821748532591905,0.11434472399549381,0.06796116504854369,0.05798067310896368,0.09444444444444444,0.46236559139784944,0.2757847533632287,0.655558382091071,0.2231404958677686,0.2556213017751479,0.6545961002785515,0.7331995987963892,0.2,0.1274197500612595,0.7601829988193625,0.4299847792998478,0.5613442036190097,0.5301204819277109,0.2593672874130581
5,0.401,0.0007846274529583752,0.33653846153846156,0.23293172690763053,0.12786331205407436,0.08090614886731391,0.08497167610796401,0.11666666666666667,0.472520908004779,0.2741031390134529,0.6568303230730094,0.23140495867768596,0.27455621301775146,0.6629526462395543,0.724172517552658,0.21818181818181817,0.12962509188924284,0.7773022432113341,0.4687975646879756,0.60151123483794,0.5542168674698795,0.3374467130356742
6,0.4139,0.0007564210100099444,0.347419028340081,0.24127278344145814,0.14870446864438602,0.0970873786407767,0.11596134621792736,0.1388888888888889,0.4755077658303465,0.2853139013452915,0.6624268633935385,0.21487603305785125,0.29940828402366865,0.6685236768802229,0.7311935807422267,0.23939393939393938,0.13036020583190394,0.78099173553719,0.4878234398782344,0.6068800954464109,0.5783132530120482,0.3737940318599955
7,0.4257,0.0007453247671946883,0.3395748987854251,0.23571207908557307,0.15884340968832145,0.0970873786407767,0.12595801399533488,0.1361111111111111,0.4829749103942652,0.28475336322869954,0.6611549224116001,0.24793388429752067,0.2958579881656805,0.6796657381615598,0.7442326980942828,0.24848484848484848,0.13183043371722616,0.7975206611570248,0.5076103500761036,0.6090674090276397,0.5783132530120482,0.42607134844065514
8,0.438,0.0007371884421445429,0.35121457489878544,0.24652455977757182,0.1890724746526474,0.11974110032362459,0.161946017994002,0.1625,0.4946236559139785,0.2937219730941704,0.6733655558382091,0.2396694214876033,0.3183431952662722,0.6796657381615598,0.7271815446339017,0.2727272727272727,0.13820142122028914,0.7907319952774499,0.5076103500761036,0.6215947504474051,0.5783132530120482,0.43033430558671754
9,0.4397,0.0007241631392389536,0.34868421052631576,0.24961383997528575,0.20071348103642508,0.11974110032362459,0.1639453515494835,0.16666666666666666,0.5050776583034647,0.2954035874439462,0.6761638259984737,0.2644628099173554,0.30177514792899407,0.6824512534818942,0.7452357071213641,0.26666666666666666,0.1423670668953688,0.8112455726092089,0.5220700152207002,0.6110558759196659,0.6024096385542169,0.4247251514471618
10,0.4483,0.0007036585593596101,0.3605769230769231,0.2508495520543713,0.20127675553886595,0.11974110032362459,0.19126957680773077,0.1736111111111111,0.5110513739545998,0.29932735426008966,0.6809972017298397,0.256198347107438,0.3337278106508876,0.7158774373259053,0.7502507522567703,0.2636363636363636,0.1399166870864984,0.7880755608028335,0.5098934550989346,0.6323324716643468,0.5903614457831325,0.4725151447161768
11,0.4579,0.0006781560368835926,0.3648785425101215,0.26042632066728455,0.22174239579421706,0.13592233009708737,0.2125958013995335,0.18472222222222223,0.5247909199522103,0.3077354260089686,0.6871025184431442,0.24793388429752067,0.3349112426035503,0.7047353760445683,0.7352056168505516,0.2878787878787879,0.15118843420730213,0.8022432113341205,0.5289193302891934,0.6400874925432491,0.6144578313253012,0.46780345523894995
12,0.4615,0.0006491019739769399,0.3674089068825911,0.25393883225208524,0.24615095756665414,0.1423948220064725,0.2162612462512496,0.1875,0.5194145758661888,0.3155829596412556,0.6947341643347749,0.2809917355371901,0.35502958579881655,0.7158774373259053,0.7301905717151455,0.28484848484848485,0.15633423180592992,0.8057851239669421,0.54337899543379,0.6426724995028833,0.6265060240963856,0.4747588063719991
13,0.47,0.0006179568590596318,0.3717105263157895,0.2622798887859129,0.26417574164476154,0.13268608414239483,0.24225258247250916,0.20416666666666666,0.5412186379928315,0.30885650224215244,0.7026201984227932,0.3140495867768595,0.3621301775147929,0.7158774373259053,0.7372116349047142,0.296969696969697,0.15976476353834845,0.8057851239669421,0.5365296803652968,0.6386955657188308,0.6265060240963856,0.47789993269015035
14,0.4729,0.0005847972934134305,0.3701923076923077,0.2632066728452271,0.2707472775065715,0.1488673139158576,0.24558480506497835,0.20277777777777778,0.5439068100358423,0.30829596412556054,0.701093869244467,0.3140495867768595,0.35976331360946745,0.7186629526462396,0.7452357071213641,0.31212121212121213,0.16049987748100955,0.814344746162928,0.5540334855403348,0.6436667329488964,0.6506024096385542,0.49741978909580437
15,0.4797,0.0005526781897060573,0.3800607287449393,0.26876737720111216,0.2739391663537364,0.15857605177993528,0.2619126957680773,0.20833333333333334,0.553763440860215,0.3189461883408072,0.7087255151360977,0.3140495867768595,0.3656804733727811,0.7103064066852368,0.7472417251755266,0.32727272727272727,0.17030139671649105,0.8068181818181818,0.5418569254185692,0.6468482799761384,0.6506024096385542,0.49540049360556426
16,0.4881,0.0005227668443694711,0.3873987854251012,0.27803521779425394,0.2959068719489298,0.1650485436893204,0.27990669776741084,0.2222222222222222,0.5591397849462365,0.32062780269058294,0.700330704655304,0.32231404958677684,0.3857988165680473,0.7325905292479109,0.7402206619859579,0.3303030303030303,0.16687086498407253,0.8048996458087367,0.563165905631659,0.6551998409226486,0.6746987951807228,0.5238949966345076
17,0.4929,0.0004945743130519986,0.3881578947368421,0.28668520234785294,0.29722117912129176,0.17475728155339806,0.30223258913695433,0.22777777777777777,0.5740740740740741,0.32623318385650224,0.7077079623505469,0.3140495867768595,0.3739644970414201,0.7103064066852368,0.7512537612838516,0.3515151515151515,0.18132810585640774,0.8161157024793388,0.5730593607305936,0.6510240604493935,0.6867469879518072,0.5200807718196097
18,0.4949,0.0004686964093707502,0.3939777327935223,0.28112449799196787,0.3032294404806609,0.1650485436893204,0.29890036654448515,0.225,0.5645161290322581,0.3368834080717489,0.7140676672602391,0.3305785123966942,0.39644970414201186,0.7381615598885793,0.7432296890672017,0.33636363636363636,0.17912276402842442,0.8062278630460449,0.5669710806697108,0.6599721614635117,0.6746987951807228,0.5319721785954677
19,0.5013,0.00044485615217126906,0.3985323886639676,0.2891566265060241,0.31918888471648516,0.17475728155339806,0.3148950349883372,0.2375,0.5725806451612904,0.3368834080717489,0.7087255151360977,0.35537190082644626,0.39644970414201186,0.7270194986072424,0.7522567703109327,0.3484848484848485,0.18255329576084292,0.8071133412042503,0.5814307458143074,0.662954861801551,0.6987951807228916,0.5416199237155037
20,0.5064,0.00042370782466605306,0.4043522267206478,0.3005869632375657,0.33101764926774313,0.17475728155339806,0.33588803732089306,0.24722222222222223,0.5884109916367981,0.3447309417040359,0.7127957262783007,0.33884297520661155,0.4,0.7325905292479109,0.7512537612838516,0.3606060606060606,0.18965939720656702,0.8066706021251476,0.5806697108066972,0.6657387154503878,0.6987951807228916,0.5378056989006058
21,0.51,0.00040402865852229297,0.4089068825910931,0.3073833796725363,0.33533608711978974,0.17475728155339806,0.3395534821726091,0.25277777777777777,0.5890083632019116,0.34360986547085204,0.7181378784024421,0.34710743801652894,0.40710059171597635,0.7298050139275766,0.7422266800401204,0.37272727272727274,0.18843420730213184,0.810655253837072,0.58675799086758,0.6651421753827799,0.7108433734939759,0.5364595019071124
22,0.5139,0.0003867364430334419,0.41371457489878544,0.303985171455051,0.3366503942921517,0.1779935275080906,0.35554815061646117,0.2611111111111111,0.5913978494623656,0.3548206278026906,0.7244975833121343,0.35537190082644626,0.4307692307692308,0.7270194986072424,0.728184553660983,0.37575757575757573,0.19578534672874295,0.8020956316410862,0.5791476407914764,0.6776695168025453,0.6867469879518072,0.5470047116894772
23,0.5155,0.00037154144956730306,0.4116902834008097,0.30089589125733707,0.346038302666166,0.18122977346278318,0.364211929356881,0.25833333333333336,0.5982676224611708,0.3447309417040359,0.7173747138132791,0.371900826446281,0.42958579881656805,0.7298050139275766,0.7432296890672017,0.38484848484848483,0.19063954913011516,0.810064935064935,0.5898021308980214,0.6703121893020482,0.6987951807228916,0.548799641014135
24,0.5164,0.0003575628506951034,0.4187753036437247,0.31479765214704974,0.3482914006759294,0.1779935275080906,0.3558813728757081,0.25833333333333336,0.5958781362007168,0.35033632286995514,0.7252607479012974,0.371900826446281,0.421301775147929,0.7298050139275766,0.7432296890672017,0.36666666666666664,0.19235481499632442,0.8088842975206612,0.5776255707762558,0.670908729369656,0.6987951807228916,0.5548575274848553
25,0.5248,0.0003449668874964118,0.42535425101214575,0.3132530120481928,0.3558017273751408,0.19093851132686085,0.372542485838054,0.2777777777777778,0.6018518518518519,0.35818385650224216,0.7222080895446451,0.3884297520661157,0.4378698224852071,0.7409470752089137,0.7321965897693079,0.38484848484848483,0.19921587846116148,0.7989964580873672,0.5859969558599696,0.6840326108570293,0.7108433734939759,0.5730311868970159
26,0.525,0.00033347660792060196,0.43041497975708504,0.32839048501699103,0.35805482538490424,0.20388349514563106,0.36821059646784404,0.2708333333333333,0.5973715651135006,0.3604260089686099,0.7194098193843805,0.371900826446281,0.43431952662721895,0.7353760445682451,0.7382146439317954,0.3787878787878788,0.20485175202156333,0.8079988193624558,0.593607305936073,0.6822429906542056,0.7228915662650602,0.5723580884002692
27,0.5298,0.00032281861058436334,0.4324392712550607,0.33704046957059003,0.36293653773939166,0.20388349514563106,0.3902032655781406,0.2833333333333333,0.6105137395459976,0.36378923766816146,0.7283134062579496,0.38016528925619836,0.4414201183431953,0.7298050139275766,0.7382146439317954,0.403030303030303,0.20803724577309482,0.8043093270365997,0.589041095890411,0.6818452972758003,0.7108433734939759,0.5719093560691048
28,0.5284,0.00031272656633518636,0.42813765182186236,0.3222119246215632,0.3640630867442734,0.19093851132686085,0.3898700433188937,0.2791666666666667,0.6149940262843488,0.35650224215246634,0.7275502416687866,0.39669421487603307,0.44023668639053254,0.7353760445682451,0.7462387161484454,0.396969696969697,0.20289144817446705,0.8066706021251476,0.589041095890411,0.6772718234241399,0.7228915662650602,0.5732555530625981
29,0.5331,0.0003038326103705913,0.43724696356275305,0.33549582947173306,0.36838152459631995,0.18770226537216828,0.3935354881706098,0.28888888888888886,0.6158900836320191,0.3548206278026906,0.7252607479012974,0.3884297520661157,0.4414201183431953,0.7353760445682451,0.7442326980942828,0.40606060606060607,0.20044106836559666,0.8035714285714286,0.593607305936073,0.684629150924637,0.7228915662650602,0.5849225936728741
30,0.5348,0.0002948181063402444,0.43800607287449395,0.33611368551127585,0.36819376642883966,0.1941747572815534,0.39986671109630123,0.29444444444444445,0.6149940262843488,0.36378923766816146,0.7295853472398881,0.3884297520661157,0.4461538461538462,0.7409470752089137,0.7392176529588766,0.4121212121212121,0.20999754962019113,0.8063754427390791,0.5996955859969558,0.686816464505866,0.7349397590361446,0.5784159748709895
31,0.5383,0.00028652205946855247,0.45318825910931176,0.3580475749150448,0.37701840030041306,0.20711974110032363,0.4028657114295235,0.30694444444444446,0.6185782556750299,0.3598654708520179,0.732892393792928,0.38016528925619836,0.450887573964497,0.7353760445682451,0.7432296890672017,0.42727272727272725,0.20877235971575595,0.8001770956316411,0.5898021308980214,0.6933784052495526,0.7349397590361446,0.5840251290105453
32,0.5387,0.0002786310506053269,0.4438259109311741,0.34352795798578933,0.37607960946301167,0.21035598705501618,0.40953015661446185,0.3055555555555556,0.6194743130227002,0.3660313901345291,0.7298397354362758,0.39669421487603307,0.450887573964497,0.7353760445682451,0.7382146439317954,0.4212121212121212,0.21783876500857632,0.805047225501771,0.6073059360730594,0.6911910916683237,0.7590361445783133,0.5963652681175678
33,0.5403,0.0002709429827518761,0.4493927125506073,0.3543404386777881,0.3899737138565528,0.20711974110032363,0.41186271242919026,0.30694444444444446,0.6197729988052568,0.3649103139013453,0.7306029000254388,0.3884297520661157,0.4544378698224852,0.7353760445682451,0.7512537612838516,0.42424242424242425,0.21342808135260966,0.8004722550177096,0.5951293759512938,0.694770332073971,0.7108433734939759,0.5927754094682521
34,0.5423,0.00026406595134176314,0.4521761133603239,0.35619400679641644,0.3907247465264739,0.2168284789644013,0.40786404531822723,0.3125,0.6155913978494624,0.3649103139013453,0.7359450521495803,0.4049586776859504,0.4591715976331361,0.7381615598885793,0.7392176529588766,0.4212121212121212,0.21857387895123745,0.8065230224321134,0.606544901065449,0.6872141578842712,0.7228915662650602,0.6026475207538703
35,0.5438,0.0002569389471318573,0.45318825910931176,0.35928328699413037,0.39053698835899364,0.2168284789644013,0.41186271242919026,0.31527777777777777,0.6203703703703703,0.3649103139013453,0.7346731111676418,0.4132231404958678,0.4544378698224852,0.7353760445682451,0.7412236710130391,0.41818181818181815,0.21783876500857632,0.804456906729634,0.6050228310502284,0.6955657188307814,0.7469879518072289,0.6089297733901727
36,0.5433,0.00025053994613699615,0.45875506072874495,0.3614457831325301,0.3948554262110402,0.1941747572815534,0.42019326891036324,0.325,0.6233572281959379,0.36771300448430494,0.7420503688628848,0.39669421487603307,0.46272189349112425,0.7381615598885793,0.7392176529588766,0.43333333333333335,0.215633423180593,0.8000295159386068,0.593607305936073,0.6941737920063631,0.7228915662650602,0.6021987884227059
37,0.5468,0.0002447215374559164,0.4569838056680162,0.36515291936978683,0.3999248967330079,0.21035598705501618,0.41519493502165944,0.3194444444444444,0.6239545997610514,0.367152466367713,0.7349274993640295,0.4132231404958678,0.45798816568047335,0.7381615598885793,0.7452357071213641,0.4303030303030303,0.2190639549130115,0.8054899645808736,0.60882800608828,0.6951680254523762,0.7590361445783133,0.6071348440655149
38,0.5493,0.00023924392007756978,0.45521255060728744,0.366079703429101,0.39654524971836275,0.22330097087378642,0.43418860379873375,0.3263888888888889,0.6329151732377539,0.3710762331838565,0.7387433223098449,0.4132231404958678,0.4662721893491124,0.7353760445682451,0.7412236710130391,0.4393939393939394,0.22445479049252634,0.8034238488783944,0.6133942161339422,0.6911910916683237,0.7349397590361446,0.6109490688804128
39,0.5481,0.00023373274598270655,0.4577429149797571,0.3657707754093296,0.3916635373638753,0.2168284789644013,0.43418860379873375,0.32222222222222224,0.6344086021505376,0.36771300448430494,0.7407784278809463,0.4214876033057851,0.4686390532544379,0.7409470752089137,0.7432296890672017,0.45151515151515154,0.22249448664543003,0.7989964580873672,0.5951293759512938,0.6953668721415789,0.7108433734939759,0.6138658290329818
40,0.5509,0.00022844172781333327,0.46710526315789475,0.37720111214087115,0.4001126549004882,0.23624595469255663,0.42919026991003,0.3347222222222222,0.6284348864994026,0.3783632286995516,0.7367082167387433,0.4049586776859504,0.4710059171597633,0.7353760445682451,0.7412236710130391,0.43636363636363634,0.22543494241607448,0.7982585596221959,0.6103500761035008,0.7063034400477232,0.7108433734939759,0.6248597711465111
41,0.5543,0.00022334090317599475,0.4633097165991903,0.37256719184430026,0.3971085242208036,0.22330097087378642,0.43585471509496837,0.3347222222222222,0.6311230585424134,0.3727578475336323,0.7389977105062325,0.4297520661157025,0.47455621301775147,0.7409470752089137,0.7412236710130391,0.44545454545454544,0.22690517030139673,0.8062278630460449,0.6232876712328768,0.7019288128852654,0.7590361445783133,0.6223917433251066
42,0.5543,0.00021820013353135437,0.4617914979757085,0.37380290392338583,0.4113781449493053,0.22330097087378642,0.4385204931689437,0.33194444444444443,0.6353046594982079,0.37387892376681614,0.7379801577206817,0.4297520661157025,0.4710059171597633,0.7381615598885793,0.7482447342026078,0.44545454545454544,0.22690517030139673,0.8012101534828807,0.6118721461187214,0.6975541857228077,0.7469879518072289,0.6223917433251066
43,0.5573,0.00021378128440119326,0.47393724696356276,0.386468952734013,0.417761922643635,0.23300970873786409,0.45051649450183273,0.3486111111111111,0.6373954599761051,0.38004484304932734,0.7410328160773341,0.4380165289256198,0.4911242603550296,0.7381615598885793,0.7331995987963892,0.45151515151515154,0.2320509679000245,0.7958972845336482,0.6164383561643836,0.7067011334261285,0.7349397590361446,0.6205968140004487
44,0.5561,0.00020932260667905211,0.4731781376518219,0.38430645659561324,0.425647765677807,0.22653721682847897,0.4395201599466844,0.34305555555555556,0.6344086021505376,0.37668161434977576,0.7420503688628848,0.4380165289256198,0.4804733727810651,0.7381615598885793,0.7372116349047142,0.45151515151515154,0.228865474148493,0.7994391971664699,0.6133942161339422,0.7072976734937363,0.7228915662650602,0.6196993493381198
45,0.556,0.0002052111376542598,0.4643218623481781,0.36947791164658633,0.412504693954187,0.2297734627831715,0.4428523825391536,0.3347222222222222,0.6379928315412187,0.38172645739910316,0.7417959806664971,0.4297520661157025,0.48284023668639053,0.7437325905292479,0.7432296890672017,0.45151515151515154,0.23352119578534672,0.806965761511216,0.624048706240487,0.6997414993040366,0.7349397590361446,0.6246354049809288
46,0.557,0.00020111602498218417,0.46558704453441296,0.3750386160024714,0.4113781449493053,0.22330097087378642,0.4428523825391536,0.3375,0.6370967741935484,0.3806053811659193,0.7461205800050877,0.4297520661157025,0.48520710059171596,0.754874651810585,0.7462387161484454,0.4636363636363636,0.23107081597647636,0.8035714285714286,0.6149162861491628,0.6971564923444025,0.7228915662650602,0.6277765312990801
47,0.5575,0.0001970852754311636,0.47039473684210525,0.3809082483781279,0.4194517461509576,0.22006472491909385,0.4445184938353882,0.34305555555555556,0.6379928315412187,0.37948430493273544,0.7445942508267617,0.4380165289256198,0.48994082840236686,0.7520891364902507,0.7472417251755266,0.4575757575757576,0.228865474148493,0.7997343565525383,0.6103500761035008,0.7045138198448996,0.7349397590361446,0.6275521651334979
48,0.5616,0.00019328307826071978,0.47444331983805665,0.39326536916898364,0.42377018400300415,0.2297734627831715,0.4478507164278574,0.35,0.6394862604540024,0.382847533632287,0.7468837445942508,0.4380165289256198,0.493491124260355,0.7437325905292479,0.7442326980942828,0.4666666666666667,0.2364616515559912,0.804456906729634,0.6156773211567732,0.7037184330880891,0.7349397590361446,0.631590756113978
49,0.5638,0.00018993507546838373,0.48203441295546556,0.3982082174853259,0.42339466766804357,0.23300970873786409,0.4558480506497834,0.3611111111111111,0.6412783751493429,0.38621076233183854,0.7486644619689646,0.4380165289256198,0.5088757396449705,0.7381615598885793,0.7261785356068204,0.4636363636363636,0.2371967654986523,0.8015053128689492,0.6202435312024354,0.7102803738317757,0.7349397590361446,0.6295714606237379
50,0.5616,0.00018660631030797958,0.4749493927125506,0.3870868087735558,0.42226811866316183,0.22006472491909385,0.45084971676107966,0.3527777777777778,0.6388888888888888,0.38228699551569506,0.7430679216484355,0.4297520661157025,0.493491124260355,0.7493036211699164,0.7442326980942828,0.45454545454545453,0.23009066405292822,0.8015053128689492,0.6232876712328768,0.7082919069397494,0.7349397590361446,0.6446039937177473
51,0.5652,0.00018302873650100082,0.4782388663967611,0.39264751312944085,0.42658655651520844,0.22653721682847897,0.4555148283905365,0.35833333333333334,0.6409796893667862,0.3850896860986547,0.7486644619689646,0.4380165289256198,0.5100591715976331,0.7437325905292479,0.7311935807422267,0.4636363636363636,0.2367066895368782,0.8025383707201889,0.6187214611872146,0.7078942135613442,0.7349397590361446,0.6412385012340139
52,0.562,0.00017961249977815896,0.47798582995951416,0.39357429718875503,0.4252722493428464,0.22330097087378642,0.4521826057980673,0.3597222222222222,0.6406810035842294,0.3834080717488789,0.7471381327906386,0.4297520661157025,0.49940828402366866,0.7493036211699164,0.7482447342026078,0.4636363636363636,0.23082577799558932,0.8028335301062574,0.619482496194825,0.70530920660171,0.7228915662650602,0.6407897689028494
53,0.5674,0.00017647883214522153,0.4883603238866397,0.40531356194006796,0.4371010138941044,0.23624595469255663,0.45884705098300566,0.3680555555555556,0.6415770609318996,0.3895739910313901,0.7522258967183922,0.4380165289256198,0.506508875739645,0.7465181058495822,0.7392176529588766,0.4696969696969697,0.2391570693457486,0.8029811097992916,0.6255707762557078,0.7059057466693179,0.7228915662650602,0.6378730087502804
54,0.5674,0.0001735000405460596,0.48279352226720645,0.40037071362372567,0.4337213668794593,0.22330097087378642,0.4608463845384872,0.36666666666666664,0.6445639187574671,0.3890134529147982,0.7476469091834139,0.4380165289256198,0.5041420118343195,0.7493036211699164,0.7382146439317954,0.4636363636363636,0.23621661357510415,0.8010625737898465,0.6263318112633182,0.715450387751044,0.7228915662650602,0.6470720215391519
55,0.5685,0.00017053981719072908,0.48709514170040485,0.40932962619709606,0.44048066090874954,0.22653721682847897,0.46017994001999335,0.37777777777777777,0.6460573476702509,0.38621076233183854,0.7435766980412108,0.4462809917355372,0.506508875739645,0.7493036211699164,0.7422266800401204,0.4636363636363636,0.23474638568978193,0.8047520661157025,0.6270928462709284,0.7118711473453967,0.7228915662650602,0.6475207538703164
56,0.5682,0.00016775763651821762,0.49063765182186236,0.40963855421686746,0.4371010138941044,0.23948220064724918,0.45451516161279576,0.3763888888888889,0.6424731182795699,0.3895739910313901,0.7504451793436785,0.4462809917355372,0.5053254437869823,0.7520891364902507,0.7492477432296891,0.4666666666666667,0.2386669933839745,0.8065230224321134,0.624048706240487,0.7033207397096838,0.7228915662650602,0.6477451200358986
57,0.572,0.0001651567581575364,0.4964574898785425,0.41396354649366696,0.4329703342095381,0.23948220064724918,0.457514161946018,0.3763888888888889,0.6427718040621266,0.3991031390134529,0.7532434495039431,0.4380165289256198,0.5159763313609468,0.7493036211699164,0.7311935807422267,0.4696969696969697,0.24552805684881157,0.8037190082644629,0.624048706240487,0.7102803738317757,0.7228915662650602,0.6459501907112407
58,0.5731,0.0001625595468794927,0.4949392712550607,0.41859746679023785,0.4410439354111904,0.23300970873786409,0.4591802732422526,0.37777777777777777,0.6448626045400239,0.3929372197309417,0.7458661918087001,0.45454545454545453,0.5183431952662721,0.7465181058495822,0.7412236710130391,0.4636363636363636,0.24209752511639304,0.8072609208972845,0.6286149162861492,0.711672300656194,0.7469879518072289,0.6555979358312767
59,0.5697,0.000159937291755341,0.4908906882591093,0.40624034599938214,0.43541119038678183,0.2297734627831715,0.4581806064645118,0.375,0.6430704898446834,0.3895739910313901,0.7466293563978631,0.4380165289256198,0.5136094674556213,0.7576601671309192,0.7462387161484454,0.4636363636363636,0.2386669933839745,0.8040141676505312,0.6286149162861492,0.7142573076158282,0.7349397590361446,0.6493156831949742
60,0.5744,0.00015767672448419034,0.4974696356275304,0.41859746679023785,0.44123169357867065,0.23948220064724918,0.4691769410196601,0.3819444444444444,0.649641577060932,0.4024663677130045,0.7517171203256169,0.4462809917355372,0.5195266272189349,0.7465181058495822,0.7311935807422267,0.47878787878787876,0.24993874050477824,0.8046044864226682,0.6263318112633182,0.7134619208590177,0.7228915662650602,0.6490913170293919
61,0.5737,0.00015528674703091383,0.49949392712550605,0.41921532282978063,0.44292151708599325,0.2297734627831715,0.4605131622792403,0.38472222222222224,0.6457586618876942,0.3951793721973094,0.7522258967183922,0.4380165289256198,0.5230769230769231,0.7520891364902507,0.7382146439317954,0.4636363636363636,0.24038225925018378,0.804456906729634,0.6263318112633182,0.7180353947106781,0.7228915662650602,0.6515593448507965
62,0.5724,0.00015255108883138746,0.49291497975708504,0.40624034599938214,0.4399173864063087,0.23300970873786409,0.4598467177607464,0.37916666666666665,0.6424731182795699,0.39742152466367714,0.7514627321292292,0.4380165289256198,0.5183431952662721,0.754874651810585,0.7452357071213641,0.4666666666666667,0.24160744915461896,0.8046044864226682,0.6278538812785388,0.7124676874130046,0.7349397590361446,0.6560466681624411
63,0.5746,0.00015005610475782305,0.49038461538461536,0.40624034599938214,0.4382275628989861,0.23624595469255663,0.465511496167944,0.37777777777777777,0.6454599761051374,0.39966367713004486,0.7509539557364538,0.4380165289256198,0.514792899408284,0.7520891364902507,0.7422266800401204,0.46060606060606063,0.24675324675324675,0.8041617473435655,0.6263318112633182,0.7142573076158282,0.7228915662650602,0.6573928651559345
64,0.5747,0.0001478322665207088,0.5101214574898786,0.4266295953042941,0.44911753661284265,0.2297734627831715,0.4668443852049317,0.3875,0.6436678614097969,0.398542600896861,0.7529890613075553,0.45454545454545453,0.5218934911242603,0.7409470752089137,0.7331995987963892,0.4818181818181818,0.24822347463856897,0.7966351829988194,0.621765601217656,0.721813481805528,0.7469879518072289,0.6517837110163788
65,0.5766,0.0001458768965676427,0.49873481781376516,0.4111831943157244,0.44141945174615094,0.24271844660194175,0.46951016327890704,0.38055555555555554,0.6460573476702509,0.3963004484304933,0.7522258967183922,0.4462809917355372,0.5242603550295858,0.7493036211699164,0.7372116349047142,0.4727272727272727,0.2443028669443764,0.8015053128689492,0.6278538812785388,0.715450387751044,0.7228915662650602,0.6621045546331613
66,0.5778,0.0001438502804376185,0.5032894736842105,0.4155081865925239,0.4442358242583552,0.23948220064724918,0.4748417194268577,0.38472222222222224,0.6487455197132617,0.39742152466367714,0.7524802849147799,0.4380165289256198,0.5289940828402366,0.7465181058495822,0.7331995987963892,0.47878787878787876,0.24307767703994118,0.8025383707201889,0.6316590563165906,0.7162457745078544,0.7349397590361446,0.662777653129908
67,0.5792,0.00014174710668157786,0.5103744939271255,0.4269385233240655,0.44611340593315807,0.23948220064724918,0.47317560813062315,0.3902777777777778,0.6532258064516129,0.4013452914798206,0.7517171203256169,0.45454545454545453,0.5218934911242603,0.7493036211699164,0.7342026078234705,0.4818181818181818,0.25189904435187455,0.8088842975206612,0.6331811263318112,0.7162457745078544,0.7469879518072289,0.6551492035001122
68,0.5782,0.00013982653035782278,0.5091093117408907,0.42075996292863765,0.4408561772437101,0.23948220064724918,0.4758413862045985,0.3861111111111111,0.6526284348864994,0.39966367713004486,0.7542610022894938,0.4462809917355372,0.5301775147928994,0.7493036211699164,0.7342026078234705,0.48787878787878786,0.24797843665768193,0.8054899645808736,0.6316590563165906,0.7178365480214755,0.7349397590361446,0.6618801884675791
69,0.5789,0.000137821669341065,0.5060728744939271,0.41921532282978063,0.4442358242583552,0.23948220064724918,0.4758413862045985,0.38472222222222224,0.6547192353643967,0.40022421524663676,0.7524802849147799,0.45454545454545453,0.5289940828402366,0.754874651810585,0.7331995987963892,0.47878787878787876,0.2496937025238912,0.8074085005903188,0.6354642313546424,0.7190296281566911,0.7349397590361446,0.6625532869643258
70,0.5797,0.00013611592294182628,0.5123987854251012,0.42539388322520855,0.4498685692827638,0.24271844660194175,0.47417527490836386,0.39166666666666666,0.6532258064516129,0.4013452914798206,0.7542610022894938,0.45454545454545453,0.5301775147928994,0.7520891364902507,0.7342026078234705,0.4818181818181818,0.2543494241607449,0.8031286894923259,0.6293759512937596,0.7184330880890833,0.7469879518072289,0.6625532869643258
71,0.5825,0.0001343044568784535,0.5222672064777328,0.4405313561940068,0.45437476530229065,0.23624595469255663,0.4781739420193269,0.4041666666666667,0.6514336917562724,0.4007847533632287,0.7512083439328415,0.45454545454545453,0.5325443786982249,0.7465181058495822,0.728184553660983,0.48484848484848486,0.24944866454300416,0.8041617473435655,0.6354642313546424,0.7232054086299463,0.7349397590361446,0.6612070899708324
72,0.581,0.00013228339958004653,0.5161943319838057,0.4269385233240655,0.44686443860307923,0.2459546925566343,0.481839386871043,0.39305555555555555,0.6541218637992832,0.4052690582959641,0.7568048842533707,0.45454545454545453,0.5360946745562131,0.7520891364902507,0.724172517552658,0.4909090909090909,0.254839500122519,0.8041617473435655,0.6331811263318112,0.7228077152515411,0.7469879518072289,0.660758357639668
73,0.5805,0.00013055323506705463,0.5123987854251012,0.42477602718566576,0.44329703342095383,0.23948220064724918,0.47417527490836386,0.3888888888888889,0.6550179211469535,0.4007847533632287,0.7578224370389214,0.45454545454545453,0.5313609467455621,0.7520891364902507,0.7402206619859579,0.47878787878787876,0.2538593481989708,0.8041617473435655,0.6286149162861492,0.7228077152515411,0.7228915662650602,0.6659187794480592
74,0.5821,0.0001289327337872237,0.5172064777327935,0.4324992276799506,0.45212166729252723,0.24271844660194175,0.48117294235254915,0.3958333333333333,0.6523297491039427,0.4013452914798206,0.7550241668786568,0.45454545454545453,0.5384615384615384,0.7493036211699164,0.728184553660983,0.48787878787878786,0.25189904435187455,0.807556080283353,0.6362252663622526,0.723404255319149,0.7469879518072289,0.6654700471168947
75,0.5824,0.00012737390352413058,0.5227732793522267,0.44300278035217794,0.44611340593315807,0.24271844660194175,0.47917360879706766,0.4041666666666667,0.6538231780167264,0.4052690582959641,0.7570592724497583,0.45454545454545453,0.5396449704142012,0.7381615598885793,0.7311935807422267,0.4909090909090909,0.25312423425630975,0.8060802833530106,0.6331811263318112,0.7238019486975542,0.7349397590361446,0.6618801884675791
76,0.5814,0.00012575995060615242,0.5184716599190283,0.4306456595613222,0.4523094254600075,0.2524271844660194,0.47417527490836386,0.39305555555555555,0.6547192353643967,0.40302690582959644,0.760620707199186,0.4462809917355372,0.5384615384615384,0.754874651810585,0.7382146439317954,0.47878787878787876,0.2543494241607449,0.8048996458087367,0.6316590563165906,0.7200238616027043,0.7108433734939759,0.6683868072694638
77,0.5822,0.00012413867807481438,0.5197368421052632,0.43466172381835033,0.45719113781449494,0.24271844660194175,0.47984005331556145,0.4013888888888889,0.6565113500597372,0.4013452914798206,0.7583312134316967,0.4628099173553719,0.5420118343195266,0.754874651810585,0.7382146439317954,0.4818181818181818,0.25410438617985787,0.8065230224321134,0.6354642313546424,0.7220123284947305,0.7349397590361446,0.663675117792237
78,0.5824,0.0001226564490934834,0.5182186234817814,0.43002780352177944,0.45061960195268497,0.24271844660194175,0.47650783072309233,0.3972222222222222,0.6535244922341696,0.39798206278026904,0.7588399898244721,0.4628099173553719,0.5337278106508876,0.754874651810585,0.7432296890672017,0.4818181818181818,0.25067385444743934,0.8051948051948052,0.6339421613394216,0.7224100218731359,0.7349397590361446,0.6692842719317927
79,0.5831,0.00012136313307564706,0.5215080971659919,0.43775100401606426,0.44611340593315807,0.2459546925566343,0.48250583138953684,0.4013888888888889,0.6574074074074074,0.40302690582959644,0.7580768252353091,0.4628099173553719,0.5384615384615384,0.7576601671309192,0.7442326980942828,0.48484848484848486,0.2555746140651801,0.8051948051948052,0.6301369863013698,0.7261881089679857,0.7228915662650602,0.671527933587615
80,0.5835,0.00011996055400231853,0.5172064777327935,0.43002780352177944,0.4534359744648892,0.2459546925566343,0.4851716094635122,0.39861111111111114,0.6550179211469535,0.40302690582959644,0.760620707199186,0.45454545454545453,0.5408284023668639,0.7576601671309192,0.7492477432296891,0.49696969696969695,0.25459446214163195,0.8035714285714286,0.6286149162861492,0.7144561543050308,0.6987951807228916,0.6713035674220328
81,0.5842,0.0001188188252854161,0.5232793522267206,0.43744207599629287,0.4615095756665415,0.24271844660194175,0.4851716094635122,0.4027777777777778,0.6553166069295101,0.40022421524663676,0.7545153904858815,0.4628099173553719,0.5443786982248521,0.7520891364902507,0.7352056168505516,0.48787878787878786,0.2489585885812301,0.8016528925619835,0.6362252663622526,0.7277788824816067,0.7469879518072289,0.6766883553960062
82,0.5854,0.00011731743870768696,0.5240384615384616,0.44300278035217794,0.4560645888096132,0.24919093851132687,0.489836721092969,0.40694444444444444,0.6597968936678614,0.4047085201793722,0.7580768252353091,0.4628099173553719,0.5420118343195266,0.754874651810585,0.7442326980942828,0.5,0.2555746140651801,0.8062278630460449,0.6316590563165906,0.7228077152515411,0.6987951807228916,0.6697330042629571
83,0.5836,0.00011577006080187857,0.5232793522267206,0.4355885078776645,0.45719113781449494,0.24919093851132687,0.48817060979673443,0.4027777777777778,0.6594982078853047,0.40414798206278024,0.7608750953955736,0.4628099173553719,0.5467455621301776,0.7493036211699164,0.7362086258776329,0.5,0.25630972800784124,0.8028335301062574,0.6293759512937596,0.727580035792404,0.7108433734939759,0.6688355396006282
84,0.5836,0.0001143965419032611,0.5177125506072875,0.4309545875810936,0.45399924896733007,0.24271844660194175,0.4865044985004998,0.4,0.6597968936678614,0.40582959641255606,0.7601119308064106,0.4628099173553719,0.5372781065088758,0.7604456824512534,0.7432296890672017,0.49393939393939396,0.2553295760842931,0.8060802833530106,0.6316590563165906,0.7263869556571884,0.7108433734939759,0.6701817365941216
85,0.5855,0.00011297180753899738,0.5253036437246964,0.4396045721346926,0.45963199399173865,0.24919093851132687,0.4911696101299567,0.4083333333333333,0.6609916367980884,0.40582959641255606,0.7590943780208599,0.4628099173553719,0.5502958579881657,0.754874651810585,0.7412236710130391,0.5,0.2575349179122764,0.8041617473435655,0.632420091324201,0.7230065619407436,0.7108433734939759,0.6728741305811083
86,0.5853,0.00011171262303832918,0.5260627530364372,0.4392956441149212,0.4616973338340218,0.24271844660194175,0.49083638787070977,0.4097222222222222,0.6633811230585425,0.40582959641255606,0.7624014245738998,0.45454545454545453,0.5455621301775148,0.7632311977715878,0.7442326980942828,0.503030303030303,0.25508453810340603,0.805047225501771,0.6316590563165906,0.721813481805528,0.6987951807228916,0.6695086380973749
87,0.5846,0.00011053453636122867,0.5220141700404858,0.4355885078776645,0.45981975215921894,0.24271844660194175,0.48717094301899366,0.4027777777777778,0.6589008363201911,0.4080717488789238,0.7631645891630628,0.47107438016528924,0.5467455621301776,0.7576601671309192,0.7422266800401204,0.503030303030303,0.2592501837784857,0.8077036599763873,0.632420091324201,0.7293696559952276,0.7108433734939759,0.6701817365941216
88,0.5863,0.00010932267468888313,0.5230263157894737,0.43775100401606426,0.45812992865189633,0.23300970873786409,0.485838053982006,0.4041666666666667,0.6577060931899642,0.40582959641255606,0.760620707199186,0.4462809917355372,0.5420118343195266,0.7632311977715878,0.7472417251755266,0.49696969696969695,0.2553295760842931,0.8057851239669421,0.6354642313546424,0.7230065619407436,0.7108433734939759,0.6773614538927529
89,0.5859,0.00010810858657350764,0.5311234817813765,0.4436206363917207,0.4586932031543372,0.24919093851132687,0.48450516494501833,0.4111111111111111,0.6556152927120669,0.4080717488789238,0.7603663190027983,0.47107438016528924,0.5491124260355029,0.7604456824512534,0.7362086258776329,0.49696969696969695,0.2602303357020338,0.8025383707201889,0.6407914764079148,0.7303638894412408,0.7349397590361446,0.6787076508862464
90,0.5867,0.00010719873534981161,0.5308704453441295,0.44609206054989187,0.4549380398047315,0.24271844660194175,0.48850383205598136,0.4125,0.6627837514934289,0.4086322869955157,0.7646909183413889,0.4628099173553719,0.5502958579881657,0.7632311977715878,0.7442326980942828,0.5,0.25777995589316344,0.8053423848878394,0.6339421613394216,0.7261881089679857,0.7228915662650602,0.6717522997531972
91,0.5882,0.00010591853788355365,0.5250506072874493,0.4408402842137782,0.46488922268118665,0.2459546925566343,0.49250249916694433,0.4111111111111111,0.6609916367980884,0.40919282511210764,0.7631645891630628,0.4628099173553719,0.5479289940828402,0.7604456824512534,0.7492477432296891,0.5060606060606061,0.2602303357020338,0.80814639905549,0.6415525114155252,0.7224100218731359,0.7108433734939759,0.6766883553960062
92,0.5892,0.00010491401189938188,0.53415991902834,0.45196169292554833,0.4615095756665415,0.23624595469255663,0.49050316561146284,0.4152777777777778,0.6594982078853047,0.40919282511210764,0.7641821419486136,0.47107438016528924,0.5562130177514792,0.7520891364902507,0.7372116349047142,0.49696969696969695,0.26047537368292084,0.8048996458087367,0.6400304414003044,0.7305627361304434,0.7228915662650602,0.6789320170518286
93,0.5886,0.00010379646846558899,0.5273279352226721,0.44331170837194933,0.4697709350356741,0.24271844660194175,0.4878373875374875,0.4097222222222222,0.6606929510155317,0.4131165919282511,0.7654540829305521,0.4628099173553719,0.5526627218934911,0.7632311977715878,0.7392176529588766,0.503030303030303,0.2607204116638079,0.8034238488783944,0.6377473363774734,0.7265858023463909,0.7108433734939759,0.6789320170518286
94,0.5909,0.00010278713307343423,0.5334008097165992,0.4525795489650911,0.46845662786331205,0.23948220064724918,0.4901699433522159,0.4166666666666667,0.6615890083632019,0.41143497757847536,0.7636733655558382,0.47107438016528924,0.5550295857988166,0.754874651810585,0.7402206619859579,0.503030303030303,0.26439598137711345,0.8047520661157025,0.6430745814307458,0.7289719626168224,0.7108433734939759,0.6807269463764865
95,0.5881,0.00010180811659665778,0.5328947368421053,0.4497991967871486,0.4609463011641006,0.23624595469255663,0.4915028323892036,0.4152777777777778,0.6639784946236559,0.4103139013452915,0.7654540829305521,0.47107438016528924,0.557396449704142,0.7604456824512534,0.7372116349047142,0.5,0.25949522175937273,0.8057851239669421,0.6400304414003044,0.7299661960628355,0.7108433734939759,0.6766883553960062
96,0.5882,0.00010066331742564216,0.5336538461538461,0.448563484708063,0.4618850920015021,0.23300970873786409,0.48850383205598136,0.4166666666666667,0.660394265232975,0.4103139013452915,0.7659628593233274,0.4628099173553719,0.5550295857988166,0.766016713091922,0.7382146439317954,0.5,0.25777995589316344,0.8020956316410862,0.6385083713850838,0.732352356333267,0.7228915662650602,0.680278214045322
97,0.5901,9.96206872514449e-05,0.5336538461538461,0.4525795489650911,0.4663912880210289,0.2524271844660194,0.4951682772409197,0.4166666666666667,0.6633811230585425,0.413677130044843,0.7654540829305521,0.47107438016528924,0.557396449704142,0.7604456824512534,0.7331995987963892,0.503030303030303,0.26562117128154866,0.8038665879574971,0.6438356164383562,0.7283754225492145,0.7349397590361446,0.6789320170518286
98,0.5905,9.844145824899897e-05,0.5321356275303644,0.4522706209453197,0.46282388283890347,0.23300970873786409,0.502165944685105,0.42083333333333334,0.6666666666666666,0.41143497757847536,0.7654540829305521,0.4628099173553719,0.5597633136094674,0.754874651810585,0.7412236710130391,0.509090909090909,0.2602303357020338,0.8048996458087367,0.6423135464231354,0.7295685026844303,0.7228915662650602,0.6796051155485753
99,0.5906,9.742455586092547e-05,0.5316295546558705,0.44640098856966326,0.4588809613218175,0.23624595469255663,0.49750083305564813,0.4152777777777778,0.6618876941457587,0.4103139013452915,0.7657084711269397,0.4628099173553719,0.5585798816568047,0.7632311977715878,0.7392176529588766,0.503030303030303,0.2580249938740505,0.8048996458087367,0.6430745814307458,0.7287731159276198,0.7228915662650602,0.6899259591653578
100,0.5459,0.00022272883506957442,0.3393218623481781,0.183812171763979,0.5707848291400676,0.24271844660194175,0.34155281572809065,0.2791666666666667,0.5337514934289128,0.32286995515695066,0.761383871788349,0.3140495867768595,0.43431952662721895,0.7186629526462396,0.7101303911735206,0.36666666666666664,0.2367066895368782,0.8333825265643447,0.5951293759512938,0.4849870749652018,0.6626506024096386,0.612070899708324
101,0.5375,0.0002411964233033359,0.3479251012145749,0.19647822057460612,0.5475028163725122,0.22653721682847897,0.3078973675441519,0.25277777777777777,0.5247909199522103,0.3217488789237668,0.7674891885016535,0.2975206611570248,0.4331360946745562,0.7047353760445683,0.691073219658977,0.3393939393939394,0.24944866454300416,0.827922077922078,0.5852359208523592,0.5098429111155299,0.6506024096385542,0.6096028718869194
102,0.527,0.000212165032280609,0.347419028340081,0.19091751621872105,0.4859181374389786,0.24271844660194175,0.30023325558147285,0.23333333333333334,0.5340501792114696,0.32006726457399104,0.772831340625795,0.2809917355371901,0.4414201183431953,0.7103064066852368,0.6960882647943831,0.3333333333333333,0.2700318549375153,0.8322018890200709,0.5821917808219178,0.5366872141578842,0.6506024096385542,0.6208211801660309
103,0.5204,0.0001791965332813561,0.33451417004048584,0.17979610750695088,0.4896733007885843,0.2459546925566343,0.3018993668777074,0.23194444444444445,0.5379330943847073,0.3172645739910314,0.7707962350546934,0.2809917355371901,0.43550295857988164,0.7019498607242339,0.6890672016048145,0.3303030303030303,0.267826513109532,0.8203955135773318,0.5669710806697108,0.5683038377411016,0.6506024096385542,0.6248597711465111
104,0.5103,0.00015135791909415275,0.3274291497975709,0.1643497065183812,0.4417949680811115,0.26537216828478966,0.31756081306231254,0.225,0.5522700119474313,0.32006726457399104,0.7738488934113457,0.2727272727272727,0.4461538461538462,0.713091922005571,0.6980942828485457,0.3333333333333333,0.2815486400392061,0.8229043683589138,0.5684931506849316,0.5947504474050507,0.6506024096385542,0.6342831501009648
105,0.5035,0.00012945669004693627,0.31958502024291496,0.1603336422613531,0.44029290274126925,0.2686084142394822,0.3185604798400533,0.21666666666666667,0.551373954599761,0.3195067264573991,0.7707962350546934,0.2809917355371901,0.4485207100591716,0.7103064066852368,0.6850551654964895,0.32727272727272727,0.2798333741729968,0.8224616292798111,0.5707762557077626,0.6182143567309605,0.6506024096385542,0.6383217410814449
106,0.4975,0.00011272062693024054,0.31376518218623484,0.15013901760889714,0.42208036049568154,0.2815533980582524,0.3312229256914362,0.21805555555555556,0.5555555555555556,0.32230941704035876,0.7707962350546934,0.2892561983471074,0.4603550295857988,0.713091922005571,0.6740220661985958,0.34545454545454546,0.29380053908355797,0.820543093270366,0.576103500761035,0.6365082521376019,0.6506024096385542,0.6425846982275073
107,0.4982,0.00010023342474596575,0.30364372469635625,0.14519616929255483,0.4333458505444987,0.2621359223300971,0.3372209263578807,0.22083333333333333,0.5630227001194743,0.3183856502242152,0.7667260239124905,0.2809917355371901,0.450887573964497,0.6963788300835655,0.6840521564694082,0.3575757575757576,0.27615780445969124,0.8159681227863046,0.5700152207001522,0.6492344402465698,0.6506024096385542,0.6544761050033655
108,0.4944,9.117838635575026e-05,0.30440283400809715,0.13870868087735558,0.4241457003379647,0.27184466019417475,0.3488837054315228,0.21805555555555556,0.5654121863799283,0.32286995515695066,0.7700330704655304,0.2809917355371901,0.463905325443787,0.6963788300835655,0.6700100300902708,0.35454545454545455,0.2891448174467042,0.814344746162928,0.5753424657534246,0.6591767747067011,0.6385542168674698,0.6502131478573031
109,0.4921,8.47462797537446e-05,0.29959514170040485,0.13469261662032747,0.411190386781825,0.2686084142394822,0.36021326224591804,0.2125,0.5737753882915173,0.32230941704035876,0.768761129483592,0.2892561983471074,0.4710059171597633,0.6935933147632312,0.6770310932798396,0.3575757575757576,0.29429061504533205,0.814935064935065,0.5753424657534246,0.6663352555179957,0.6385542168674698,0.6529055418442898
110,0.4892,8.02898284746334e-05,0.29605263157894735,0.13222119246215633,0.408561772437101,0.27184466019417475,0.3628790403198934,0.21805555555555556,0.5743727598566308,0.3245515695067265,0.7674891885016535,0.2892561983471074,0.46982248520710057,0.6880222841225627,0.6720160481444333,0.3606060606060606,0.29380053908355797,0.8112455726092089,0.5730593607305936,0.672499502883277,0.6385542168674698,0.6623289207987435
111,0.4857,7.736295083304867e-05,0.29554655870445345,0.13191226444238494,0.3865940668419076,0.27184466019417475,0.3652115961346218,0.2125,0.5848267622461171,0.3273542600896861,0.7715593996438566,0.2975206611570248,0.47455621301775147,0.6852367688022284,0.6770310932798396,0.36666666666666664,0.3026219063954913,0.8113931523022432,0.5662100456621004,0.6736925830184928,0.6506024096385542,0.6450527260489118
112,0.4869,7.55396977183409e-05,0.29529352226720645,0.13253012048192772,0.3931656027037176,0.2686084142394822,0.36721092969010327,0.21666666666666667,0.5776583034647551,0.3267937219730942,0.7697786822691427,0.2975206611570248,0.47692307692307695,0.6796657381615598,0.6710130391173521,0.36666666666666664,0.2982112227395246,0.8084415584415584,0.5700152207001522,0.6758798965997216,0.6265060240963856,0.6603096253085035
113,0.485,7.45204379200004e-05,0.2935222672064777,0.13283904850169911,0.40199023657529104,0.2686084142394822,0.3688770409863379,0.21944444444444444,0.5785543608124253,0.3251121076233184,0.7662172475197151,0.2975206611570248,0.4816568047337278,0.6768802228412256,0.6670010030090271,0.3696969696969697,0.29698603283508945,0.8065230224321134,0.5791476407914764,0.6796579836945715,0.6385542168674698,0.6603096253085035
114,0.4855,7.400582398986444e-05,0.2937753036437247,0.13191226444238494,0.3843409688321442,0.2783171521035599,0.37887370876374543,0.21944444444444444,0.5833333333333334,0.3267937219730942,0.7674891885016535,0.30578512396694213,0.48284023668639053,0.6740947075208914,0.6680040120361084,0.3696969696969697,0.30507228620436166,0.8059327036599764,0.5745814307458144,0.6844303042354345,0.6265060240963856,0.6661431456136414
115,0.4845,7.38571397960186e-05,0.2942813765182186,0.13036762434352797,0.3807735636500188,0.2686084142394822,0.3855381539486838,0.225,0.5878136200716846,0.3267937219730942,0.7697786822691427,0.30578512396694213,0.4863905325443787,0.6740947075208914,0.6680040120361084,0.37575757575757573,0.30360205831903947,0.8035714285714286,0.5722983257229832,0.6824418373434082,0.6265060240963856,0.6668162441103882
116,0.4831,7.403603376587853e-05,0.29554655870445345,0.13036762434352797,0.3678182500938791,0.2750809061488673,0.3948683772075975,0.22916666666666666,0.5940860215053764,0.3267937219730942,0.772831340625795,0.30578512396694213,0.4911242603550296,0.6685236768802229,0.6690070210631895,0.37575757575757573,0.30605243812790983,0.8022432113341205,0.5639269406392694,0.6856233843706502,0.6265060240963856,0.6661431456136414
117,0.4821,7.438498141709715e-05,0.2925101214574899,0.12604263206672844,0.37138565527600453,0.2783171521035599,0.3962012662445851,0.22777777777777777,0.5955794504181601,0.3273542600896861,0.7743576698041211,0.30578512396694213,0.48757396449704143,0.6740947075208914,0.6680040120361084,0.3696969696969697,0.3085028179367802,0.8025383707201889,0.5624048706240488,0.6913899383575264,0.6385542168674698,0.6591877944805923
118,0.4818,7.474345329683274e-05,0.2932692307692308,0.13036762434352797,0.3730754787833271,0.2815533980582524,0.3995334888370543,0.23194444444444445,0.6009557945041816,0.3245515695067265,0.7713050114474689,0.30578512396694213,0.4911242603550296,0.6657381615598886,0.6670010030090271,0.37575757575757573,0.3045822102425876,0.8029811097992916,0.5662100456621004,0.6901968582223106,0.6385542168674698,0.6564954004936056
119,0.4823,7.51112966099754e-05,0.29124493927125505,0.12326227988878591,0.36819376642883966,0.28802588996763756,0.40253248917027656,0.23055555555555557,0.6000597371565114,0.3267937219730942,0.7730857288221826,0.30578512396694213,0.49467455621301776,0.6740947075208914,0.6659979939819458,0.36666666666666664,0.3080127419750061,0.801948051948052,0.5677321156773212,0.6993438059256314,0.6385542168674698,0.662777653129908
120,0.4832,7.544633990619332e-05,0.2935222672064777,0.13098548038307076,0.3648141194141945,0.27184466019417475,0.4091969343552149,0.23472222222222222,0.6039426523297491,0.3239910313901345,0.7700330704655304,0.30578512396694213,0.493491124260355,0.6601671309192201,0.6659979939819458,0.37575757575757573,0.2991913746630728,0.8016528925619835,0.5646879756468798,0.6903957049115133,0.6385542168674698,0.6652456809513125
121,0.4834,7.579365774290636e-05,0.2942813765182186,0.12511584800741427,0.35767930904994366,0.284789644012945,0.41419526824391867,0.2361111111111111,0.6093189964157706,0.3273542600896861,0.7743576698041211,0.30578512396694213,0.49940828402366866,0.6740947075208914,0.6639919759277834,0.37272727272727274,0.3092379318794413,0.7984061393152302,0.5646879756468798,0.6991449592364287,0.6385542168674698,0.6612070899708324
122,0.4838,7.592385372845456e-05,0.2965587044534413,0.13005869632375658,0.36030792339466766,0.284789644012945,0.4161946017994002,0.2361111111111111,0.6036439665471923,0.32623318385650224,0.772831340625795,0.30578512396694213,0.506508875739645,0.6713091922005571,0.6539618856569709,0.37272727272727274,0.31046312178387653,0.7936835891381346,0.5654490106544902,0.6945714853847683,0.6265060240963856,0.6654700471168947
123,0.4833,7.581108366139233e-05,0.291497975708502,0.1282051282051282,0.346038302666166,0.29449838187702265,0.4161946017994002,0.2375,0.6167861409796893,0.3273542600896861,0.7738488934113457,0.30578512396694213,0.5041420118343195,0.6768802228412256,0.6710130391173521,0.37272727272727274,0.3116883116883117,0.7998819362455726,0.5646879756468798,0.7025253529528733,0.6265060240963856,0.6672649764415526
124,0.4826,7.576477219117805e-05,0.2889676113360324,0.12635156008649984,0.3537363875328577,0.28802588996763756,0.41886037987337554,0.2361111111111111,0.6176821983273596,0.32567264573991034,0.7723225642330196,0.30578512396694213,0.5076923076923077,0.6768802228412256,0.6720160481444333,0.36666666666666664,0.3053173241852487,0.7998819362455726,0.5624048706240488,0.7045138198448996,0.6265060240963856,0.6645725824545659
125,0.482,7.559906225651503e-05,0.2899797570850202,0.1275872721655854,0.3377769432970334,0.28802588996763756,0.42852382539153616,0.23472222222222222,0.6227598566308243,0.3273542600896861,0.7758839989824472,0.30578512396694213,0.5100591715976331,0.6824512534818942,0.675025075225677,0.37272727272727274,0.3143837294780691,0.7969303423848878,0.5639269406392694,0.7055080532909127,0.6265060240963856,0.6670406102759704
126,0.4822,7.531241135438904e-05,0.28770242914979755,0.12511584800741427,0.34397296282388284,0.2977346278317152,0.42952349216927693,0.23333333333333334,0.6206690561529271,0.32903587443946186,0.7763927753752226,0.30578512396694213,0.5088757396449705,0.6852367688022284,0.6740220661985958,0.3696969696969697,0.3151188434207302,0.7978158205430933,0.5639269406392694,0.7108769138993836,0.6144578313253012,0.6668162441103882
127,0.4806,7.492201984860003e-05,0.2866902834008097,0.12604263206672844,0.35223432219301537,0.2783171521035599,0.4348550483172276,0.2375,0.6260454002389486,0.32623318385650224,0.7715593996438566,0.30578512396694213,0.5100591715976331,0.6768802228412256,0.6730190571715146,0.37272727272727274,0.3031119823572654,0.7967827626918536,0.560882800608828,0.7084907536289521,0.6144578313253012,0.6621045546331613
128,0.4817,7.44923745514825e-05,0.2894736842105263,0.12573370404695705,0.3533608711978971,0.2977346278317152,0.43752082639120293,0.2388888888888889,0.6206690561529271,0.3267937219730942,0.7753752225896718,0.30578512396694213,0.5159763313609468,0.6713091922005571,0.6609829488465396,0.3696969696969697,0.3119333496691987,0.7919126328217237,0.5616438356164384,0.7144561543050308,0.6144578313253012,0.6679380749382993
129,0.4807,7.420411566272378e-05,0.28643724696356276,0.12882298424467098,0.3531731130304168,0.2783171521035599,0.43652115961346216,0.2375,0.6230585424133811,0.3239910313901345,0.7707962350546934,0.30578512396694213,0.5088757396449705,0.6713091922005571,0.6700100300902708,0.37575757575757573,0.3021318304337172,0.79456906729634,0.5616438356164384,0.7092861403857625,0.6144578313253012,0.6661431456136414
130,0.4798,7.387993537122384e-05,0.2907388663967611,0.12635156008649984,0.34378520465640255,0.3042071197411003,0.4388537154281906,0.2375,0.6179808841099164,0.32903587443946186,0.7771559399643857,0.30578512396694213,0.5159763313609468,0.6768802228412256,0.6569709127382146,0.3696969696969697,0.32197990688556727,0.7916174734356553,0.558599695585997,0.717041161264665,0.6144578313253012,0.6699573704285394
131,0.4808,7.337784336414188e-05,0.29048582995951416,0.12974976830398516,0.33890349230191513,0.28802588996763756,0.4445184938353882,0.2361111111111111,0.6242532855436081,0.327914798206278,0.7751208343932842,0.30578512396694213,0.5183431952662721,0.6768802228412256,0.6649949849548646,0.3696969696969697,0.313648615535408,0.7956021251475797,0.5593607305936074,0.7096838337641679,0.6265060240963856,0.664796948620148
132,0.4788,7.285913306986913e-05,0.2922570850202429,0.12727834414581402,0.3293278257604206,0.3106796116504854,0.4481839386871043,0.2375,0.6269414575866189,0.3329596412556054,0.780971762910201,0.30578512396694213,0.5207100591715976,0.6824512534818942,0.6599799398194583,0.37575757575757573,0.3325165400637099,0.7922077922077922,0.5578386605783866,0.7144561543050308,0.6265060240963856,0.6643482162889837
133,0.4805,7.233787619043142e-05,0.2902327935222672,0.1275872721655854,0.332895230942546,0.30097087378640774,0.4605131622792403,0.24305555555555555,0.6311230585424134,0.32903587443946186,0.7786822691427118,0.30578512396694213,0.5242603550295858,0.6824512534818942,0.6659979939819458,0.38484848484848483,0.32394021073266355,0.7895513577331759,0.5509893455098934,0.713859614237423,0.6265060240963856,0.6719766659187795
134,0.4811,7.185568392742425e-05,0.29276315789473684,0.13005869632375658,0.3366503942921517,0.29449838187702265,0.4598467177607464,0.24166666666666667,0.6284348864994026,0.3307174887892377,0.7769015517679979,0.30578512396694213,0.5242603550295858,0.6768802228412256,0.6549648946840522,0.38484848484848483,0.32296005880911544,0.7880755608028335,0.5547945205479452,0.7122688407238019,0.6265060240963856,0.6638994839578192
135,0.4809,7.146850839490071e-05,0.29124493927125505,0.12882298424467098,0.34115659031167855,0.2977346278317152,0.4485171609463512,0.24444444444444444,0.6257467144563919,0.327914798206278,0.7761383871788349,0.30578512396694213,0.5218934911242603,0.6824512534818942,0.6599799398194583,0.3787878787878788,0.31805929919137466,0.7953069657615112,0.5593607305936074,0.7192284748458938,0.6265060240963856,0.6663675117792237
136,0.48,7.091634324751794e-05,0.29478744939271256,0.13222119246215633,0.33364626361246713,0.2977346278317152,0.4481839386871043,0.24305555555555555,0.6242532855436081,0.3312780269058296,0.7776647163571611,0.30578512396694213,0.5171597633136095,0.6824512534818942,0.6589769307923772,0.37575757575757573,0.3285959323695173,0.7947166469893743,0.5601217656012176,0.7146550009942334,0.6265060240963856,0.6616558223019968
137,0.4808,7.045378151815385e-05,0.2897267206477733,0.13222119246215633,0.3419076229815997,0.29449838187702265,0.45851382872375873,0.24583333333333332,0.6326164874551972,0.3295964125560538,0.7753752225896718,0.30578512396694213,0.5242603550295858,0.6768802228412256,0.6639919759277834,0.38181818181818183,0.31315853957363393,0.7916174734356553,0.5532724505327246,0.7164446211970571,0.6144578313253012,0.6654700471168947
138,0.4785,6.99764714227058e-05,0.2897267206477733,0.12727834414581402,0.32444611340593316,0.3042071197411003,0.4721759413528824,0.24444444444444444,0.6367980884109916,0.33239910313901344,0.7786822691427118,0.30578512396694213,0.5266272189349113,0.6824512534818942,0.6639919759277834,0.396969696969697,0.33104631217838765,0.7855667060212514,0.54337899543379,0.7194273215350965,0.6265060240963856,0.6661431456136414
139,0.4794,6.950536771910265e-05,0.2940283400809717,0.13407476058078469,0.3261359369132557,0.30097087378640774,0.4708430523158947,0.24583333333333332,0.6350059737156512,0.33239910313901344,0.7784278809463241,0.30578512396694213,0.5289940828402366,0.6824512534818942,0.6599799398194583,0.39090909090909093,0.3300661602548395,0.7874852420306966,0.5547945205479452,0.717041161264665,0.6385542168674698,0.6674893426071349
140,0.4802,6.897199637023732e-05,0.2899797570850202,0.12604263206672844,0.3317686819376643,0.3042071197411003,0.4708430523158947,0.24583333333333332,0.6367980884109916,0.3335201793721973,0.7794454337318748,0.30578512396694213,0.5254437869822485,0.6824512534818942,0.6609829488465396,0.39090909090909093,0.32982112227395244,0.7863046044864227,0.5502283105022832,0.7257904155895805,0.6385542168674698,0.6654700471168947
141,0.4802,6.842175935162231e-05,0.291497975708502,0.1278962001853568,0.3287645512579797,0.3106796116504854,0.4721759413528824,0.24722222222222223,0.6350059737156512,0.33183856502242154,0.7791910455354871,0.30578512396694213,0.5313609467455621,0.6824512534818942,0.6569709127382146,0.39090909090909093,0.33545699583435434,0.7849763872491146,0.5509893455098934,0.7265858023463909,0.6385542168674698,0.6728741305811083
142,0.4804,6.791586201870814e-05,0.29124493927125505,0.13005869632375658,0.33514832895230945,0.30097087378640774,0.4721759413528824,0.24583333333333332,0.6373954599761051,0.3312780269058296,0.7784278809463241,0.30578512396694213,0.5254437869822485,0.6852367688022284,0.6619859578736209,0.39090909090909093,0.3232050967900025,0.7857142857142857,0.545662100456621,0.723404255319149,0.6265060240963856,0.6638994839578192
143,0.4797,6.74245020491071e-05,0.28770242914979755,0.12666048810627123,0.3343972962823883,0.2977346278317152,0.46451182939020325,0.24305555555555555,0.6370967741935484,0.3301569506726457,0.7786822691427118,0.30578512396694213,0.5242603550295858,0.6796657381615598,0.6670010030090271,0.3939393939393939,0.31854937515314874,0.7891086186540732,0.5517503805175038,0.7247961821435673,0.6265060240963856,0.6677137087727171
144,0.4811,6.709243461955339e-05,0.2978238866396761,0.13500154464009886,0.32688696958317687,0.31715210355987056,0.47917360879706766,0.24861111111111112,0.6388888888888888,0.3329596412556054,0.7786822691427118,0.30578512396694213,0.5325443786982249,0.6796657381615598,0.6579739217652959,0.403030303030303,0.33374172996814505,0.7870425029515938,0.5547945205479452,0.723404255319149,0.6385542168674698,0.6585146959838456
145,0.4789,6.662802479695529e-05,0.2940283400809717,0.1337658325610133,0.31843785204656405,0.3074433656957929,0.4828390536487837,0.24861111111111112,0.6454599761051374,0.33239910313901344,0.7796998219282625,0.30578512396694213,0.5360946745562131,0.6796657381615598,0.6690070210631895,0.40606060606060607,0.33227150208282286,0.7892561983471075,0.5532724505327246,0.7226088685623384,0.6385542168674698,0.6643482162889837
146,0.4805,6.614887388423085e-05,0.28846153846153844,0.13067655236329936,0.3377769432970334,0.2912621359223301,0.4748417194268577,0.24444444444444444,0.6412783751493429,0.3295964125560538,0.7763927753752226,0.30578512396694213,0.527810650887574,0.6796657381615598,0.6680040120361084,0.3939393939393939,0.31732418524871353,0.7898465171192444,0.5570776255707762,0.7267846490355936,0.6385542168674698,0.6681624411038816
147,0.4792,6.57796481391415e-05,0.2909919028340081,0.12974976830398516,0.3186256102140443,0.313915857605178,0.4821726091302899,0.24722222222222223,0.6448626045400239,0.3329596412556054,0.7804629865174256,0.30578512396694213,0.5349112426035503,0.6796657381615598,0.6659979939819458,0.40606060606060607,0.33643714775790245,0.7867473435655253,0.5517503805175038,0.7277788824816067,0.6385542168674698,0.6726497644155262
148,0.4786,6.533717532875016e-05,0.28795546558704455,0.1275872721655854,0.3266992114156966,0.3074433656957929,0.4808397200933022,0.24444444444444444,0.6436678614097969,0.33183856502242154,0.7799542101246503,0.30578512396694213,0.5325443786982249,0.6852367688022284,0.6659979939819458,0.403030303030303,0.3276157804459691,0.7871900826446281,0.5487062404870624,0.7319546629548618,0.6385542168674698,0.6668162441103882
149,0.4788,6.494953413493931e-05,0.2897267206477733,0.1285140562248996,0.319752159218926,0.3042071197411003,0.48317227590803064,0.24444444444444444,0.6460573476702509,0.3329596412556054,0.7807173747138133,0.30578512396694213,0.5384615384615384,0.6908077994428969,0.6700100300902708,0.4121212121212121,0.33423180592991913,0.78586186540732,0.5532724505327246,0.7321535096440644,0.6385542168674698,0.6677137087727171
150,0.4794,6.462233432102948e-05,0.2899797570850202,0.13036762434352797,0.327638002253098,0.3042071197411003,0.48483838720426525,0.24722222222222223,0.6463560334528077,0.3312780269058296,0.7781734927499364,0.30578512396694213,0.5396449704142012,0.6796657381615598,0.6680040120361084,0.4090909090909091,0.3259005145797599,0.7857142857142857,0.5517503805175038,0.7291708093060251,0.6385542168674698,0.6674893426071349
151,0.4793,6.428122287616134e-05,0.2942813765182186,0.13005869632375658,0.32087870822380776,0.31715210355987056,0.4861712762412529,0.24583333333333332,0.6421744324970131,0.33464125560538116,0.7814805393029763,0.3140495867768595,0.5408284023668639,0.6824512534818942,0.6589769307923772,0.4121212121212121,0.34084783141386915,0.7817296340023613,0.5509893455098934,0.7321535096440644,0.6385542168674698,0.6674893426071349
152,0.4792,6.384777225321159e-05,0.2937753036437247,0.1331479765214705,0.3238828389034923,0.3074433656957929,0.48683772075974674,0.24583333333333332,0.6427718040621266,0.33239910313901344,0.7791910455354871,0.3140495867768595,0.5420118343195266,0.6768802228412256,0.6579739217652959,0.4121212121212121,0.3357020338152414,0.7823199527744983,0.5547945205479452,0.7309604295088487,0.6385542168674698,0.6688355396006282
153,0.4784,6.341247353702784e-05,0.2902327935222672,0.13067655236329936,0.32162974089372887,0.30097087378640774,0.489836721092969,0.24444444444444444,0.6469534050179212,0.33239910313901344,0.780208598321038,0.30578512396694213,0.5420118343195266,0.6824512534818942,0.6649949849548646,0.4090909090909091,0.3347218818916932,0.7843860684769776,0.5547945205479452,0.7335454364684828,0.6385542168674698,0.6672649764415526
154,0.4794,6.291226600296795e-05,0.2922570850202429,0.13253012048192772,0.32463387157341345,0.313915857605178,0.4851716094635122,0.24583333333333332,0.6406810035842294,0.3301569506726457,0.7781734927499364,0.3140495867768595,0.5420118343195266,0.6768802228412256,0.6609829488465396,0.4090909090909091,0.33643714775790245,0.7835005903187722,0.556316590563166,0.733943129846888,0.6385542168674698,0.6730984967466906
155,0.478,6.262317765504122e-05,0.2925101214574899,0.13469261662032747,0.3253849042433346,0.3042071197411003,0.4931689436854382,0.24444444444444444,0.6430704898446834,0.33183856502242154,0.7794454337318748,0.3140495867768595,0.5420118343195266,0.6796657381615598,0.6599799398194583,0.4121212121212121,0.3344768439108062,0.7799586776859504,0.5547945205479452,0.7325512030224697,0.6385542168674698,0.6728741305811083
156,0.479,6.237698107725009e-05,0.2899797570850202,0.13222119246215633,0.32219301539616974,0.3042071197411003,0.4958347217594135,0.24583333333333332,0.6526284348864994,0.33183856502242154,0.7784278809463241,0.3140495867768595,0.5408284023668639,0.6852367688022284,0.6710130391173521,0.4121212121212121,0.33227150208282286,0.7833530106257379,0.5547945205479452,0.7343408232252933,0.6385542168674698,0.6717522997531972
157,0.4765,6.190946442075074e-05,0.2907388663967611,0.1337658325610133,0.3280135185880586,0.3042071197411003,0.49283572142619125,0.24444444444444444,0.6466547192353644,0.33183856502242154,0.7796998219282625,0.3140495867768595,0.5384615384615384,0.6796657381615598,0.6619859578736209,0.4121212121212121,0.33545699583435434,0.7806965761511216,0.5547945205479452,0.7341419765360907,0.6385542168674698,0.6616558223019968
158,0.4779,6.15266544627957e-05,0.2940283400809717,0.13870868087735558,0.31843785204656405,0.3042071197411003,0.4971676107964012,0.25,0.6508363201911589,0.3329596412556054,0.7781734927499364,0.30578512396694213,0.5431952662721894,0.6852367688022284,0.6670010030090271,0.4121212121212121,0.33545699583435434,0.7824675324675324,0.5578386605783866,0.732352356333267,0.6385542168674698,0.6717522997531972
159,0.4767,6.125027721282095e-05,0.29124493927125505,0.13500154464009886,0.32219301539616974,0.3074433656957929,0.493835388203932,0.24583333333333332,0.6460573476702509,0.33239910313901344,0.780208598321038,0.3140495867768595,0.5396449704142012,0.6796657381615598,0.6629889669007021,0.4121212121212121,0.33496691987258026,0.7805489964580874,0.5547945205479452,0.7357327500497117,0.6385542168674698,0.6708548350908683
160,0.4786,6.08815171290189e-05,0.2902327935222672,0.1337658325610133,0.33007885843034174,0.313915857605178,0.493835388203932,0.24583333333333332,0.6463560334528077,0.3329596412556054,0.7786822691427118,0.3140495867768595,0.5408284023668639,0.6796657381615598,0.6599799398194583,0.4121212121212121,0.33545699583435434,0.7792207792207793,0.5540334855403348,0.7391131437661563,0.6385542168674698,0.6730984967466906
161,0.4785,6.049940566299483e-05,0.2909919028340081,0.1337658325610133,0.32162974089372887,0.3042071197411003,0.5018327224258581,0.24861111111111112,0.6562126642771804,0.3329596412556054,0.780971762910201,0.3140495867768595,0.5479289940828402,0.6824512534818942,0.6649949849548646,0.42424242424242425,0.333496691987258,0.7789256198347108,0.5487062404870624,0.7357327500497117,0.6385542168674698,0.6697330042629571
162,0.4794,6.0117039538454264e-05,0.29681174089068824,0.1337658325610133,0.3214419827262486,0.31715210355987056,0.49783405531489505,0.24861111111111112,0.6469534050179212,0.3335201793721973,0.7812261511065887,0.3140495867768595,0.5491124260355029,0.6824512534818942,0.6599799398194583,0.41515151515151516,0.3472188189169321,0.7787780401416765,0.5532724505327246,0.7381189103201432,0.6385542168674698,0.6708548350908683
163,0.4784,5.9752950619440526e-05,0.29048582995951416,0.13500154464009886,0.3372136687945926,0.3042071197411003,0.4968343885371543,0.24861111111111112,0.6448626045400239,0.3295964125560538,0.7769015517679979,0.3140495867768595,0.5408284023668639,0.6740947075208914,0.6569709127382146,0.41515151515151516,0.32982112227395244,0.7774498229043684,0.5525114155251142,0.7389142970769537,0.6385542168674698,0.6766883553960062
164,0.4778,5.9420450270408764e-05,0.29554655870445345,0.13438368860055608,0.3205031918888472,0.3106796116504854,0.5051649450183272,0.25,0.6514336917562724,0.33408071748878926,0.7822437038921394,0.3140495867768595,0.5514792899408284,0.6768802228412256,0.6599799398194583,0.4212121212121212,0.34525851506983585,0.7739079102715466,0.5494672754946728,0.7383177570093458,0.6385542168674698,0.6701817365941216
165,0.478,5.90849740547128e-05,0.291751012145749,0.13870868087735558,0.32463387157341345,0.2977346278317152,0.4995001666111296,0.24861111111111112,0.6553166069295101,0.33239910313901344,0.7796998219282625,0.30578512396694213,0.5431952662721894,0.6824512534818942,0.6690070210631895,0.41818181818181815,0.3281058564077432,0.7843860684769776,0.5525114155251142,0.7381189103201432,0.6385542168674698,0.6688355396006282
166,0.479,5.879977470613085e-05,0.2940283400809717,0.1380908248378128,0.33364626361246713,0.30097087378640774,0.5038320559813395,0.2513888888888889,0.6520310633213859,0.3307174887892377,0.7781734927499364,0.3140495867768595,0.5526627218934911,0.6713091922005571,0.6599799398194583,0.41818181818181815,0.33153638814016173,0.7773022432113341,0.5532724505327246,0.7385166036985484,0.6385542168674698,0.6733228629122728
167,0.4758,5.853682887391187e-05,0.29529352226720645,0.13839975285758419,0.3233195644010514,0.3074433656957929,0.49783405531489505,0.24722222222222223,0.6487455197132617,0.3335201793721973,0.781734927499364,0.30578512396694213,0.5491124260355029,0.6768802228412256,0.6609829488465396,0.41818181818181815,0.339867679490321,0.778482880755608,0.5517503805175038,0.7389142970769537,0.6385542168674698,0.6701817365941216
168,0.4783,5.817346755065955e-05,0.29630566801619435,0.13963546493666976,0.31956440105144573,0.3106796116504854,0.5091636121292903,0.2513888888888889,0.6562126642771804,0.335762331838565,0.7819893156957517,0.3140495867768595,0.5585798816568047,0.6796657381615598,0.6589769307923772,0.42727272727272725,0.34035775545209507,0.776564344746163,0.5487062404870624,0.7375223702525353,0.6385542168674698,0.6708548350908683
169,0.4785,5.779307321063243e-05,0.291497975708502,0.13067655236329936,0.3293278257604206,0.3074433656957929,0.5014995001666112,0.25,0.6517323775388292,0.33239910313901344,0.7827524802849147,0.3140495867768595,0.5514792899408284,0.6713091922005571,0.6579739217652959,0.4212121212121212,0.340112717471208,0.7755312868949232,0.5502283105022832,0.7448796977530324,0.6265060240963856,0.6737715952434373
170,0.4781,5.750429045292549e-05,0.29630566801619435,0.13685511275872722,0.3188133683815246,0.313915857605178,0.5088303898700434,0.25277777777777777,0.6553166069295101,0.3329596412556054,0.7819893156957517,0.32231404958677684,0.5585798816568047,0.6796657381615598,0.6609829488465396,0.42424242424242425,0.3442783631462877,0.7758264462809917,0.5502283105022832,0.7379200636309405,0.6385542168674698,0.6737715952434373
171,0.4782,5.718339161830954e-05,0.29200404858299595,0.1331479765214705,0.314494930529478,0.3106796116504854,0.5124958347217594,0.25277777777777777,0.6651732377538829,0.33464125560538116,0.7832612566776902,0.32231404958677684,0.5585798816568047,0.6991643454038997,0.6700100300902708,0.42424242424242425,0.34354324920362656,0.778482880755608,0.5464231354642314,0.7426923841718035,0.6385542168674698,0.6748934260713484
172,0.4789,5.678206434822641e-05,0.29200404858299595,0.13469261662032747,0.3240705970709726,0.3106796116504854,0.5074975008330557,0.2513888888888889,0.6574074074074074,0.3335201793721973,0.7827524802849147,0.32231404958677684,0.5514792899408284,0.6824512534818942,0.6659979939819458,0.42424242424242425,0.33692722371967654,0.7758264462809917,0.545662100456621,0.7424935374826009,0.6385542168674698,0.6742203275746017
173,0.4793,5.646130375680514e-05,0.2957995951417004,0.1371640407784986,0.325009387908374,0.3106796116504854,0.5081639453515495,0.2513888888888889,0.6550179211469535,0.3335201793721973,0.7845331976596286,0.3140495867768595,0.5585798816568047,0.6852367688022284,0.6589769307923772,0.42727272727272725,0.34476843910806176,0.7750885478158206,0.547945205479452,0.738715450387751,0.6265060240963856,0.6695086380973749
174,0.478,5.621329546556808e-05,0.29276315789473684,0.1331479765214705,0.31843785204656405,0.3042071197411003,0.5091636121292903,0.25,0.6642771804062126,0.3335201793721973,0.7822437038921394,0.32231404958677684,0.5550295857988166,0.6908077994428969,0.675025075225677,0.4303030303030303,0.3379073756432247,0.7820247933884298,0.547945205479452,0.7416981507257904,0.6385542168674698,0.6742203275746017
175,0.4792,5.590512591879815e-05,0.29605263157894735,0.13469261662032747,0.3212542245587683,0.3074433656957929,0.5154948350549817,0.2513888888888889,0.6615890083632019,0.33408071748878926,0.7835156448740779,0.32231404958677684,0.5644970414201184,0.6880222841225627,0.6649949849548646,0.42727272727272725,0.34403332516540064,0.7768595041322314,0.5464231354642314,0.7401073772121695,0.6385542168674698,0.6719766659187795
176,0.4785,5.554355084314011e-05,0.2930161943319838,0.12974976830398516,0.31956440105144573,0.3106796116504854,0.5128290569810063,0.25277777777777777,0.6630824372759857,0.33408071748878926,0.7840244212668532,0.32231404958677684,0.5585798816568047,0.6935933147632312,0.6700100300902708,0.42727272727272725,0.34476843910806176,0.7773022432113341,0.545662100456621,0.7452773911314376,0.6385542168674698,0.6760152568992596
177,0.4791,5.5140506447060034e-05,0.29529352226720645,0.13191226444238494,0.321066466391288,0.3106796116504854,0.514161946017994,0.2513888888888889,0.6597968936678614,0.33464125560538116,0.7837700330704656,0.3140495867768595,0.565680473372781,0.6824512534818942,0.6619859578736209,0.4303030303030303,0.3457485910316099,0.7746458087367178,0.5464231354642314,0.7458739311990455,0.6265060240963856,0.6719766659187795
178,0.4793,5.487128873937763e-05,0.2937753036437247,0.13067655236329936,0.3229440480660909,0.313915857605178,0.5118293902032656,0.25277777777777777,0.6624850657108722,0.33408071748878926,0.7830068684813025,0.32231404958677684,0.5621301775147929,0.6908077994428969,0.6680040120361084,0.4303030303030303,0.3432982112227395,0.775974025974026,0.5471841704718418,0.7478623980910718,0.6265060240963856,0.6760152568992596
179,0.4792,5.46319606655743e-05,0.2990890688259109,0.1337658325610133,0.32238077356365,0.313915857605178,0.514495168277241,0.24861111111111112,0.6589008363201911,0.33408071748878926,0.7842788094632409,0.32231404958677684,0.5692307692307692,0.6880222841225627,0.6619859578736209,0.42727272727272725,0.34991423670668953,0.7758264462809917,0.5540334855403348,0.7476635514018691,0.6265060240963856,0.6748934260713484
180,0.4785,5.434586273622699e-05,0.2990890688259109,0.14118010503552672,0.32688696958317687,0.3042071197411003,0.5121626124625125,0.2513888888888889,0.6580047789725209,0.3329596412556054,0.7827524802849147,0.3140495867768595,0.5633136094674556,0.6768802228412256,0.6599799398194583,0.4303030303030303,0.3388875275667729,0.7762691853600945,0.5517503805175038,0.7389142970769537,0.6265060240963856,0.6728741305811083
181,0.478,5.402862370829098e-05,0.2950404858299595,0.13129440840284215,0.31656027037176115,0.313915857605178,0.514495168277241,0.2513888888888889,0.6645758661887694,0.335762331838565,0.7852963622487916,0.32231404958677684,0.5668639053254438,0.6963788300835655,0.6700100300902708,0.43333333333333335,0.3459936290124969,0.7777449822904369,0.547945205479452,0.746669317955856,0.6265060240963856,0.6710792012564505
182,0.4778,5.386190241551958e-05,0.29630566801619435,0.1334569045412419,0.3205031918888472,0.313915857605178,0.5104965011662779,0.25,0.6615890083632019,0.33408071748878926,0.7830068684813025,0.32231404958677684,0.5621301775147929,0.6935933147632312,0.6680040120361084,0.42727272727272725,0.34354324920362656,0.7787780401416765,0.5502283105022832,0.7452773911314376,0.6385542168674698,0.672425398249944
183,0.4795,5.3585270507028326e-05,0.3008603238866397,0.13561940067964165,0.31637251220428086,0.32038834951456313,0.5161612795734755,0.24722222222222223,0.6589008363201911,0.3374439461883408,0.785041974052404,0.32231404958677684,0.5727810650887574,0.6908077994428969,0.6639919759277834,0.4303030303030303,0.3535898064199951,0.7744982290436836,0.5517503805175038,0.7454762378206403,0.6265060240963856,0.6784832847206641
184,0.4789,5.329673149390146e-05,0.2993421052631579,0.13222119246215633,0.3206909500563275,0.32038834951456313,0.5198267244251916,0.25277777777777777,0.6609916367980884,0.336322869955157,0.785805138641567,0.32231404958677684,0.5775147928994083,0.6852367688022284,0.6629889669007021,0.43636363636363634,0.3562852242097525,0.7716942148760331,0.5449010654490106,0.7472658580234639,0.6265060240963856,0.6766883553960062
185,0.4795,5.299024633131921e-05,0.30111336032388664,0.13994439295644115,0.31900112654900487,0.32038834951456313,0.5154948350549817,0.25,0.6606929510155317,0.3374439461883408,0.7855507504451793,0.32231404958677684,0.5692307692307692,0.6963788300835655,0.6619859578736209,0.43333333333333335,0.3481989708404803,0.779073199527745,0.558599695585997,0.7444820043746272,0.6385542168674698,0.6748934260713484
186,0.4794,5.2717070502694696e-05,0.3006072874493927,0.1331479765214705,0.32238077356365,0.32038834951456313,0.5184938353882039,0.25277777777777777,0.6597968936678614,0.3352017937219731,0.785041974052404,0.32231404958677684,0.5727810650887574,0.6880222841225627,0.6629889669007021,0.4303030303030303,0.353099730458221,0.7731700118063755,0.5494672754946728,0.7464704712666534,0.6265060240963856,0.6816244110388153
187,0.478,5.25145951542072e-05,0.3001012145748988,0.13561940067964165,0.31599699586932034,0.3106796116504854,0.5164945018327224,0.25277777777777777,0.6648745519713262,0.3352017937219731,0.7860595268379548,0.3140495867768595,0.5727810650887574,0.6991643454038997,0.6670010030090271,0.4393939393939394,0.35015927468757657,0.7764167650531287,0.5471841704718418,0.7438854643070193,0.6265060240963856,0.6719766659187795
188,0.4798,5.217277430347167e-05,0.2973178137651822,0.13500154464009886,0.32162974089372887,0.31715210355987056,0.5171609463512162,0.25277777777777777,0.6651732377538829,0.33464125560538116,0.7852963622487916,0.3140495867768595,0.570414201183432,0.6991643454038997,0.6680040120361084,0.43636363636363634,0.34623866699338396,0.7774498229043684,0.5517503805175038,0.7472658580234639,0.6265060240963856,0.6726497644155262
189,0.4796,5.196598431211896e-05,0.29959514170040485,0.13654618473895583,0.32707472775065716,0.3074433656957929,0.5198267244251916,0.25555555555555554,0.6657706093189965,0.33239910313901344,0.7840244212668532,0.3140495867768595,0.5727810650887574,0.6908077994428969,0.6639919759277834,0.44545454545454544,0.34133790737564323,0.7744982290436836,0.547945205479452,0.7420958441041957,0.6144578313253012,0.6746690599057662
190,0.4794,5.160800355952233e-05,0.3023785425101215,0.14056224899598393,0.32970334209538116,0.313915857605178,0.5198267244251916,0.25416666666666665,0.6606929510155317,0.3329596412556054,0.7840244212668532,0.3140495867768595,0.5751479289940828,0.6824512534818942,0.6629889669007021,0.4393939393939394,0.34746385689781917,0.7742030696576151,0.5517503805175038,0.7446808510638298,0.6265060240963856,0.6746690599057662
191,0.4799,5.1292019634274766e-05,0.30035425101214575,0.13654618473895583,0.32219301539616974,0.31715210355987056,0.518160613128957,0.25277777777777777,0.6618876941457587,0.33464125560538116,0.785805138641567,0.32231404958677684,0.5763313609467455,0.6991643454038997,0.6639919759277834,0.43636363636363634,0.3504043126684636,0.7777449822904369,0.5532724505327246,0.7486577848478823,0.6265060240963856,0.6782589185550819
192,0.4787,5.111200152896345e-05,0.29605263157894735,0.13561940067964165,0.3251971460758543,0.313915857605178,0.514495168277241,0.25277777777777777,0.6618876941457587,0.3335201793721973,0.7840244212668532,0.32231404958677684,0.565680473372781,0.6935933147632312,0.6659979939819458,0.4303030303030303,0.34525851506983585,0.7796635182998819,0.5593607305936074,0.750447405050706,0.6265060240963856,0.680278214045322
193,0.4792,5.081261042505503e-05,0.2990890688259109,0.13685511275872722,0.3255726624108149,0.313915857605178,0.5161612795734755,0.25277777777777777,0.6615890083632019,0.3335201793721973,0.7852963622487916,0.3140495867768595,0.5715976331360947,0.6935933147632312,0.6670010030090271,0.4393939393939394,0.346483704974271,0.7789256198347108,0.5547945205479452,0.748260091469477,0.6265060240963856,0.6755665245680952
194,0.4803,5.059310205979273e-05,0.29681174089068824,0.13469261662032747,0.33327074727750655,0.313915857605178,0.5171609463512162,0.25416666666666665,0.6642771804062126,0.33183856502242154,0.785041974052404,0.3140495867768595,0.5692307692307692,0.6935933147632312,0.6680040120361084,0.4393939393939394,0.34280813526096543,0.7780401416765053,0.5509893455098934,0.7494531716046928,0.6265060240963856,0.671527933587615
195,0.4798,5.0385744543746114e-05,0.29630566801619435,0.13963546493666976,0.31580923770184005,0.3074433656957929,0.5184938353882039,0.2513888888888889,0.6693548387096774,0.336322869955157,0.7868226914271178,0.3140495867768595,0.570414201183432,0.7019498607242339,0.683049147442327,0.44545454545454544,0.3425630972800784,0.7835005903187722,0.5517503805175038,0.7460727778882481,0.6265060240963856,0.6755665245680952
196,0.4809,5.0156515499111265e-05,0.2957995951417004,0.1334569045412419,0.32895230942546,0.3106796116504854,0.52215928023992,0.25833333333333336,0.6669653524492234,0.335762331838565,0.7863139150343424,0.3140495867768595,0.5751479289940828,0.6991643454038997,0.6700100300902708,0.44545454545454544,0.3455035530507229,0.7755312868949232,0.5517503805175038,0.7512427918075164,0.6265060240963856,0.6760152568992596
197,0.4794,4.988466753275134e-05,0.2993421052631579,0.1334569045412419,0.32576042057829513,0.31715210355987056,0.52215928023992,0.25555555555555554,0.6654719235364397,0.3329596412556054,0.7863139150343424,0.3140495867768595,0.5739644970414202,0.6963788300835655,0.6700100300902708,0.44242424242424244,0.34991423670668953,0.7740554899645808,0.5517503805175038,0.750447405050706,0.6265060240963856,0.6701817365941216
198,0.4786,4.9599890189711004e-05,0.3001012145748988,0.1380908248378128,0.31956440105144573,0.313915857605178,0.5201599466844385,0.25277777777777777,0.6645758661887694,0.3329596412556054,0.7847875858560163,0.3140495867768595,0.5727810650887574,0.6963788300835655,0.6710130391173521,0.44242424242424244,0.3459936290124969,0.7783353010625738,0.5578386605783866,0.749850864983098,0.6144578313253012,0.6796051155485753
199,0.4801,4.935030301567167e-05,0.3013663967611336,0.1414890330552981,0.31806233571160347,0.313915857605178,0.5218260579806732,0.25416666666666665,0.6657706093189965,0.33408071748878926,0.785805138641567,0.3140495867768595,0.5751479289940828,0.6991643454038997,0.6690070210631895,0.44242424242424244,0.34476843910806176,0.7806965761511216,0.5547945205479452,0.7458739311990455,0.6024096385542169,0.6771370877271707
