round,global_acc,per_client_gen_acc,lr,local_c00,local_c01,local_c02,local_c03,local_c04,local_c05,local_c06,local_c07,local_c08,local_c09,local_c10,local_c11,local_c12,local_c13,local_c14,local_c15,local_c16,local_c17,local_c18,local_c19
0,0.1,0.1,0.02,0.2597801073894145,0.0015427337241592102,0.0020657276995305163,0.016181229773462782,0.0037735849056603774,0.01347305389221557,0.031914893617021274,0.2689697717458359,0.401713469776297,0.022321428571428572,0.10615199034981906,0.29608938547486036,0.0025367833587011668,0.03937007874015748,0.032795997776542525,0.0009721952167995333,0.0053872053872053875,0.35673772736162723,0.027624309392265192,0.03259647808167853
1,0.1959,0.1959,0.02,0.4822296087957044,0.26997840172786175,0.021971830985915493,0.032362459546925564,0.011320754716981131,0.038922155688622756,0.23191489361702128,0.28192473781616284,0.40932889100428366,0.05357142857142857,0.10645355850422196,0.3435754189944134,0.0289193302891933,0.07874015748031496,0.033351862145636464,0.02858253937390628,0.008529741863075197,0.7539604928613338,0.049723756906077346,0.10453353315848632
2,0.2845,0.2845,0.02,0.4824852978777806,0.3190373341561247,0.20300469483568076,0.04854368932038835,0.04591194968553459,0.11077844311377245,0.44113475177304967,0.2665021591610117,0.4407425035697287,0.10267857142857142,0.12394451145958987,0.44972067039106145,0.18619989852866564,0.16535433070866143,0.033073929961089495,0.3352129107524791,0.1063973063973064,0.7459417171914727,0.19337016574585636,0.16410640689396777
3,0.2832,0.2832,0.02,0.5241626182562005,0.3434125269978402,0.13107981220657278,0.05825242718446602,0.05157232704402516,0.1317365269461078,0.40354609929078017,0.2850092535471931,0.4883388862446454,0.11160714285714286,0.1706875753920386,0.45251396648044695,0.2780314561136479,0.1732283464566929,0.0358532518065592,0.12930196383433792,0.20404040404040405,0.7883825542734207,0.22099447513812154,0.18696140876732859
4,0.4304,0.4304,0.02,0.49731526463819997,0.4171551990126504,0.612206572769953,0.08737864077669903,0.310062893081761,0.34281437125748504,0.5893617021276596,0.24429364589759409,0.4635887672536887,0.30357142857142855,0.3658021712907117,0.5167597765363129,0.4642313546423135,0.2992125984251969,0.03696498054474708,0.5364573206299825,0.4179573512906846,0.6518677879913944,0.43646408839779005,0.2562757587111278
5,0.3941,0.3941,0.02,0.6146765533111737,0.48225856217216906,0.27436619718309857,0.1262135922330097,0.21257861635220127,0.31137724550898205,0.47375886524822697,0.3158544108574954,0.5649690623512613,0.24553571428571427,0.32418576598311216,0.5111731843575419,0.44495180111618465,0.30708661417322836,0.0744858254585881,0.19463348240326658,0.4217732884399551,0.7885781341678075,0.3867403314917127,0.33027351067815663
6,0.4704,0.4704,0.02,0.6341089235489644,0.5495217525455106,0.5675117370892019,0.16181229773462782,0.32955974842767294,0.4416167664670659,0.6156028368794326,0.3096853793954349,0.5364112327463113,0.36160714285714285,0.396562123039807,0.5754189944134078,0.5144596651445966,0.4015748031496063,0.09282934963868816,0.4866809255298464,0.48305274971941636,0.7447682378251516,0.4972375690607735,0.2789434245035594
7,0.4817,0.4817,0.02,0.6348759907951931,0.5217525455106449,0.5027230046948357,0.23624595469255663,0.3641509433962264,0.4251497005988024,0.626241134751773,0.391733497840839,0.5878153260352214,0.36607142857142855,0.44903498190591074,0.6396648044692738,0.547945205479452,0.3779527559055118,0.18371317398554754,0.40307213688508653,0.4877665544332211,0.7809505182867201,0.48066298342541436,0.33514424878231547
8,0.5072,0.5072,0.02,0.6739964203528509,0.5813020672631903,0.5438497652582159,0.22330097087378642,0.4050314465408805,0.4820359281437126,0.6375886524822695,0.364589759407773,0.5806758686339838,0.41517857142857145,0.4686369119420989,0.611731843575419,0.5525114155251142,0.3937007874015748,0.1556420233463035,0.47015360684425433,0.5162738496071829,0.7946411108938001,0.4972375690607735,0.3606219557886849
9,0.5367,0.5367,0.02,0.6428023523395551,0.5226781857451404,0.5902347417840376,0.3592233009708738,0.479874213836478,0.46407185628742514,0.650354609929078,0.4676125848241826,0.606853879105188,0.5,0.5506634499396864,0.6731843575418994,0.6017250126839168,0.36220472440944884,0.28793774319066145,0.4192105774839588,0.5584736251402918,0.7950322706825739,0.5303867403314917,0.3911577369801424
10,0.5569,0.5569,0.02,0.6847353618000511,0.5921012033323049,0.6114553990610329,0.34951456310679613,0.5220125786163522,0.5284431137724551,0.6581560283687943,0.4552745219000617,0.5944788196097096,0.49107142857142855,0.580518697225573,0.6508379888268156,0.6133942161339422,0.44881889763779526,0.28265703168426903,0.4528485319852226,0.5780022446689114,0.8020731468805007,0.569060773480663,0.4181341326339453
11,0.5637,0.5637,0.02,0.6783431347481462,0.5754396791113854,0.6236619718309859,0.3818770226537217,0.5232704402515723,0.5,0.7085106382978723,0.47871684145589144,0.6263683960019039,0.5133928571428571,0.580518697225573,0.7011173184357542,0.634703196347032,0.4645669291338583,0.31823235130628125,0.50009721952168,0.5741863075196408,0.8061803246626247,0.5580110497237569,0.4171974522292994
12,0.5864,0.5864,0.02,0.6967527486576324,0.6004319654427646,0.6225352112676056,0.49514563106796117,0.5572327044025157,0.5329341317365269,0.7092198581560284,0.5601480567550895,0.6406473108043789,0.5580357142857143,0.6127864897466827,0.6927374301675978,0.6357179096905125,0.49606299212598426,0.4388549193996665,0.4394322379933891,0.5744107744107744,0.811265401916683,0.5580110497237569,0.4810790558261521
13,0.593,0.593,0.02,0.6967527486576324,0.6029003394014193,0.615774647887324,0.4174757281553398,0.5679245283018868,0.5538922155688623,0.673049645390071,0.5015422578655151,0.6549262256068539,0.5625,0.6299758745476478,0.6787709497206704,0.6621004566210046,0.5039370078740157,0.34018899388549195,0.4752090219716119,0.6473625140291807,0.8224134558967339,0.6022099447513812,0.4945672536530536
14,0.6047,0.6047,0.02,0.6913832779340322,0.5945695772909596,0.6591549295774648,0.46601941747572817,0.5628930817610063,0.531437125748503,0.7184397163120567,0.5508945095619988,0.6644455021418372,0.6071428571428571,0.635102533172497,0.7067039106145251,0.669710806697108,0.5275590551181102,0.41078376876042244,0.4744312657981723,0.6262626262626263,0.824955994523763,0.585635359116022,0.49344323716747845
15,0.6103,0.6103,0.02,0.6890820761953464,0.5865473619253316,0.6448826291079812,0.517799352750809,0.5660377358490566,0.5419161676646707,0.7304964539007093,0.5663170882171499,0.6820561637315564,0.5892857142857143,0.6348009650180941,0.7067039106145251,0.6894977168949772,0.5354330708661418,0.43829905503057254,0.47968111996888974,0.6359147025813693,0.8378642675532956,0.5966850828729282,0.5236043461970775
16,0.6211,0.6211,0.02,0.7072360010227563,0.6189447701326751,0.6777464788732395,0.45307443365695793,0.5880503144654088,0.5583832335329342,0.7212765957446808,0.5163479333744602,0.6744407425035698,0.6294642857142857,0.6486731001206273,0.6815642458100558,0.6834094368340944,0.5354330708661418,0.37326292384658144,0.5350962473264631,0.6581369248035914,0.8325836104048504,0.6519337016574586,0.5496440614462346
17,0.6274,0.6274,0.02,0.7059575556123754,0.6195618636223388,0.6777464788732395,0.5372168284789643,0.5641509433962264,0.5643712574850299,0.7177304964539007,0.5965453423812461,0.6815801999048072,0.5892857142857143,0.6387213510253317,0.6983240223463687,0.715372907153729,0.5669291338582677,0.4947192884936076,0.4983472681314408,0.6859708193041526,0.8241736749462155,0.6519337016574586,0.5372798801049082
18,0.6321,0.6321,0.02,0.72513423676809,0.6322122801604443,0.6860093896713615,0.45307443365695793,0.6050314465408805,0.5778443113772455,0.749645390070922,0.5478099938309685,0.6996668253212756,0.6383928571428571,0.6670687575392038,0.7206703910614525,0.71740233384069,0.5984251968503937,0.41245136186770426,0.5360684425432627,0.6684624017957351,0.8355173088206532,0.6408839779005525,0.5702510303484452
19,0.6316,0.6316,0.02,0.7156737407312708,0.6164763961740204,0.6796244131455399,0.49838187702265374,0.5666666666666667,0.561377245508982,0.7418439716312056,0.5663170882171499,0.7006187529747739,0.6116071428571429,0.6459589867310012,0.7262569832402235,0.7285641806189751,0.5826771653543307,0.4313507504168983,0.5222632704647093,0.7034792368125702,0.8474476823782515,0.6629834254143646,0.5586361933308355
20,0.6377,0.6377,0.02,0.7174635643058042,0.6352977476087627,0.6600938967136151,0.46601941747572817,0.5962264150943396,0.5868263473053892,0.7141843971631205,0.5570635410240592,0.6877677296525464,0.59375,0.6718938480096501,0.6983240223463687,0.7250126839167935,0.5826771653543307,0.4074485825458588,0.5547345907058138,0.7234567901234568,0.841384705652259,0.6850828729281768,0.5672536530535781
21,0.6399,0.6399,0.02,0.7187420097161851,0.6359148410984264,0.6950234741784037,0.5080906148867314,0.6,0.5808383233532934,0.7276595744680852,0.579888957433683,0.7034745359352689,0.6071428571428571,0.666767189384801,0.7178770949720671,0.715372907153729,0.6062992125984252,0.45692051139521955,0.5343184911530235,0.7034792368125702,0.8443184040680618,0.6685082872928176,0.5953540651929562
22,0.6438,0.6438,0.02,0.7274354385067757,0.6430114162295588,0.6769953051643193,0.511326860841424,0.6157232704402515,0.6017964071856288,0.774468085106383,0.5718692165330043,0.7220371251784864,0.59375,0.6848612786489746,0.7681564245810056,0.7280568239472349,0.6141732283464567,0.443301834352418,0.5638732257437293,0.6738496071829405,0.8525327596323098,0.6685082872928176,0.5927313600599475
23,0.6506,0.6506,0.02,0.7100485809255945,0.6278926257327985,0.6850704225352112,0.4854368932038835,0.6427672955974842,0.6062874251497006,0.724113475177305,0.5718692165330043,0.7025226082817706,0.6428571428571429,0.718335343787696,0.7262569832402235,0.732623033992897,0.6141732283464567,0.4332962757087271,0.5615399572234104,0.7384960718294051,0.8376686876589087,0.712707182320442,0.6037841888347696
24,0.649,0.649,0.02,0.72513423676809,0.6368404813329219,0.6861971830985916,0.49514563106796117,0.6044025157232704,0.5958083832335329,0.7687943262411348,0.5657001850709439,0.7301285102332222,0.6116071428571429,0.6779252110977081,0.7793296089385475,0.7498731608320649,0.6141732283464567,0.4302390216787104,0.5665953723507681,0.7084175084175084,0.8554664580481126,0.6795580110497238,0.5989134507306108
25,0.6492,0.6492,0.02,0.7253899258501662,0.6467139771675409,0.6593427230046949,0.4919093851132686,0.6232704402515723,0.6017964071856288,0.7659574468085106,0.5885256014805675,0.7248929081389814,0.5982142857142857,0.6893848009650181,0.776536312849162,0.7544393708777271,0.6220472440944882,0.44274596998332405,0.5963445459848338,0.7189674523007856,0.8542929786817915,0.6961325966850829,0.5856125889846384
26,0.6576,0.6576,0.02,0.7637432881615955,0.6957729095958037,0.6963380281690141,0.4336569579288026,0.6144654088050314,0.6437125748502994,0.7546099290780142,0.527452190006169,0.709662065683008,0.5892857142857143,0.6776236429433052,0.7374301675977654,0.7427701674277016,0.6614173228346457,0.3649249583101723,0.6144273770173051,0.7353535353535353,0.8542929786817915,0.7182320441988951,0.5992881228924691
27,0.6541,0.6541,0.02,0.7202761442086423,0.6294353594569577,0.6892018779342723,0.49514563106796117,0.6081761006289308,0.5868263473053892,0.8035460992907801,0.5731030228254164,0.7444074250356972,0.5982142857142857,0.6773220747889023,0.8100558659217877,0.7645865043125317,0.6141732283464567,0.44441356309060587,0.5951779117246743,0.7117845117845117,0.86993937023274,0.7071823204419889,0.6043461970775571
28,0.6567,0.6567,0.02,0.7276911275888519,0.6485652576365319,0.6888262910798122,0.4563106796116505,0.6358490566037736,0.6092814371257484,0.775177304964539,0.5515114127082048,0.7287006187529748,0.6026785714285714,0.7002412545235223,0.770949720670391,0.7579908675799086,0.6141732283464567,0.3949416342412451,0.6066498152829088,0.7232323232323232,0.8628984940348132,0.7237569060773481,0.6026601723491944
29,0.6619,0.6619,0.02,0.7325492201482997,0.6643011416229558,0.6950234741784037,0.511326860841424,0.6,0.6032934131736527,0.775177304964539,0.6045650832819247,0.7287006187529748,0.6205357142857143,0.6752110977080821,0.7541899441340782,0.7625570776255708,0.6062992125984252,0.46942745969983324,0.600038887808672,0.7423120089786757,0.8574222569919813,0.7237569060773481,0.6230798051704758
30,0.6703,0.6703,0.02,0.7489133214011762,0.679728478864548,0.7113615023474178,0.47572815533980584,0.6433962264150943,0.6347305389221557,0.7829787234042553,0.567550894509562,0.7382198952879581,0.6339285714285714,0.7080820265379976,0.7821229050279329,0.7640791476407914,0.6535433070866141,0.44107837687604223,0.5945945945945946,0.7326599326599327,0.8523371797379229,0.7292817679558011,0.6324466092169352
31,0.6621,0.6621,0.02,0.7259013040143186,0.6393088552915767,0.7136150234741784,0.45307443365695793,0.6264150943396226,0.5988023952095808,0.7716312056737589,0.5712523133867983,0.7263207996192289,0.6160714285714286,0.6914957780458384,0.776536312849162,0.7828513444951801,0.6062992125984252,0.4163424124513619,0.6266770367489792,0.7638608305274972,0.8601603755133972,0.7458563535911602,0.6159610340951668
32,0.669,0.669,0.02,0.7402198926105855,0.6661524220919469,0.7265727699530516,0.4627831715210356,0.6295597484276729,0.6152694610778443,0.8049645390070922,0.5731030228254164,0.7553545930509281,0.625,0.6818455971049457,0.8016759776536313,0.7777777777777778,0.6535433070866141,0.4280155642023346,0.6251215244020999,0.7295173961840629,0.8628984940348132,0.7016574585635359,0.6416260771824653
33,0.6695,0.6695,0.02,0.7351061109690616,0.6547361925331687,0.6835680751173709,0.459546925566343,0.6383647798742138,0.6092814371257484,0.7943262411347518,0.5786551511412709,0.7363160399809614,0.6116071428571429,0.7014475271411339,0.7849162011173184,0.7833587011669203,0.6299212598425197,0.42996108949416345,0.6257048415321796,0.7589225589225589,0.8662233522393898,0.7182320441988951,0.6253278381416261
34,0.6703,0.6703,0.02,0.7542827921247762,0.6840481332921937,0.6965258215962441,0.5080906148867314,0.6283018867924528,0.6347305389221557,0.799290780141844,0.5983960518198643,0.7524988100904332,0.6294642857142857,0.6908926417370326,0.7793296089385475,0.7676306443429731,0.6299212598425197,0.47220678154530293,0.5971223021582733,0.7286195286195286,0.8705261099159006,0.6850828729281768,0.6481828400149869
35,0.6647,0.6647,0.02,0.7409869598568141,0.650416538105523,0.687699530516432,0.43042071197411,0.6226415094339622,0.6137724550898204,0.7851063829787234,0.567550894509562,0.7629700142789148,0.6116071428571429,0.6972255729794934,0.7849162011173184,0.7706747843734145,0.6377952755905512,0.4046692607003891,0.5951779117246743,0.7546576879910213,0.878153725796988,0.7016574585635359,0.6678531285125515
36,0.6752,0.6752,0.02,0.7647660444899003,0.681579759333539,0.692206572769953,0.47249190938511326,0.6767295597484276,0.657185628742515,0.7978723404255319,0.5965453423812461,0.7420276059019515,0.6651785714285714,0.7346200241254524,0.7877094972067039,0.763064434297311,0.6771653543307087,0.45525291828793774,0.6048998638926697,0.7317620650953984,0.8664189321337766,0.7016574585635359,0.6459348070438367
37,0.6732,0.6732,0.02,0.7463564305804142,0.6559703795124961,0.7096713615023474,0.47896440129449835,0.6314465408805031,0.6062874251497006,0.8212765957446808,0.5786551511412709,0.7448833888624464,0.625,0.7002412545235223,0.7932960893854749,0.793505834601725,0.6299212598425197,0.43107281823235133,0.6422321602177717,0.7602693602693603,0.8720907490709955,0.7016574585635359,0.60828025477707
38,0.6749,0.6749,0.02,0.768345691638967,0.6883677877198395,0.7021596244131455,0.511326860841424,0.6283018867924528,0.6526946107784432,0.7914893617021277,0.5983960518198643,0.7558305568776773,0.6473214285714286,0.6978287092882992,0.8072625698324022,0.7767630644342973,0.6692913385826772,0.4583101723179544,0.601983278242271,0.7483726150392817,0.8758067670643458,0.6961325966850829,0.6380666916448108
39,0.679,0.679,0.02,0.7596522628483764,0.6643011416229558,0.7231924882629108,0.48220064724919093,0.6597484276729559,0.6482035928143712,0.8042553191489362,0.5860579888957433,0.7472632079961923,0.6607142857142857,0.7177322074788902,0.7821229050279329,0.7833587011669203,0.6692913385826772,0.4502501389660923,0.6408710869142524,0.7562289562289563,0.8634852337179738,0.712707182320442,0.6526789059572874
40,0.6784,0.6784,0.02,0.7604193300946049,0.6751002776920704,0.6965258215962441,0.5145631067961165,0.6377358490566037,0.6317365269461078,0.8163120567375887,0.6125848241826033,0.752022846263684,0.6651785714285714,0.6993365500603136,0.8016759776536313,0.7924911212582445,0.6377952755905512,0.4847137298499166,0.6222049387517014,0.7640852974186307,0.872873068648543,0.7348066298342542,0.6378793555638816
41,0.6748,0.6748,0.02,0.7668115571465098,0.6852823202715211,0.7021596244131455,0.45307443365695793,0.6496855345911949,0.6676646706586826,0.8078014184397163,0.5632325724861197,0.7534507377439315,0.6473214285714286,0.7044632086851629,0.7905027932960894,0.7696600710299341,0.6377952755905512,0.4219010561423013,0.6360101108302547,0.7481481481481481,0.8685703109720321,0.7071823204419889,0.6865867366054702
42,0.6748,0.6748,0.02,0.7537714139606239,0.6676951558161062,0.6852582159624413,0.4886731391585761,0.6484276729559748,0.6317365269461078,0.8,0.5983960518198643,0.7682056163731557,0.6517857142857143,0.7135102533172497,0.7793296089385475,0.786910197869102,0.6299212598425197,0.4583101723179544,0.6099552790200272,0.7586980920314254,0.8763935067475064,0.7292817679558011,0.6680404645934807
43,0.6803,0.6803,0.02,0.7491690104832524,0.6494908978710274,0.7215023474178404,0.49838187702265374,0.6352201257861635,0.6272455089820359,0.8141843971631205,0.608266502159161,0.7596382674916706,0.6517857142857143,0.7032569360675512,0.8100558659217877,0.8001014713343481,0.6377952755905512,0.47498610339077263,0.6546762589928058,0.7710437710437711,0.8670056718169372,0.7348066298342542,0.6425627575871112
44,0.6785,0.6785,0.02,0.7604193300946049,0.6670780623264425,0.7260093896713615,0.4854368932038835,0.6509433962264151,0.6452095808383234,0.8156028368794326,0.5694016039481802,0.7610661589719181,0.6696428571428571,0.7141133896260555,0.8016759776536313,0.793505834601725,0.6062992125984252,0.42857142857142855,0.6408710869142524,0.7654320987654321,0.8748288675924115,0.7237569060773481,0.6629823904083927
45,0.6789,0.6789,0.02,0.7568396829455383,0.6667695155816106,0.6696713615023474,0.517799352750809,0.6377358490566037,0.6302395209580839,0.8127659574468085,0.608266502159161,0.7734412184673964,0.6607142857142857,0.7062726176115802,0.7960893854748603,0.7879249112125825,0.6220472440944882,0.48721511951083935,0.631149134746257,0.767003367003367,0.8797183649520829,0.7348066298342542,0.6937055076807793
46,0.6817,0.6817,0.02,0.7752492968550243,0.6902190681888306,0.7156807511737089,0.45307443365695793,0.6433962264150943,0.6526946107784432,0.8106382978723404,0.5663170882171499,0.7724892908138982,0.6517857142857143,0.7144149577804584,0.8016759776536313,0.7970573313039067,0.6614173228346457,0.4168982768204558,0.6511763562123274,0.769023569023569,0.8760023469587327,0.7292817679558011,0.6719745222929936
47,0.6815,0.6815,0.02,0.7821529020710816,0.7004011107682814,0.7085446009389671,0.5242718446601942,0.6710691823899371,0.6646706586826348,0.8099290780141843,0.6033312769895126,0.7653498334126606,0.6875,0.7340168878166465,0.7793296089385475,0.7899543378995434,0.6771653543307087,0.48276820455808783,0.6251215244020999,0.7658810325476992,0.8767846665362801,0.7182320441988951,0.664293742974897
48,0.6791,0.6791,0.02,0.7752492968550243,0.6966985498302993,0.6957746478873239,0.47896440129449835,0.6264150943396226,0.6452095808383234,0.8070921985815603,0.5959284392350401,0.7739171822941456,0.6383928571428571,0.6957177322074789,0.7849162011173184,0.8016235413495687,0.6771653543307087,0.46470261256253476,0.6293991833560179,0.7851851851851852,0.8779581459026012,0.7569060773480663,0.6863994005245411
49,0.6838,0.6838,0.02,0.7742265405267195,0.6920703486578217,0.7299530516431925,0.5016181229773463,0.6566037735849056,0.6452095808383234,0.8205673758865248,0.5928439235040098,0.7615421227986673,0.6651785714285714,0.7264776839565742,0.8072625698324022,0.7985794013191273,0.6614173228346457,0.4672040022234575,0.641648843087692,0.7685746352413019,0.8789360453745355,0.7624309392265194,0.6781566129636568
50,0.6821,0.6821,0.02,0.7550498593710049,0.6658438753471151,0.7353990610328639,0.49838187702265374,0.6270440251572327,0.6047904191616766,0.8156028368794326,0.5977791486736582,0.7643979057591623,0.6383928571428571,0.695416164053076,0.8044692737430168,0.8056823947234906,0.6062992125984252,0.46553640911617566,0.6603149912502431,0.7775533108866443,0.8787404654801486,0.7292817679558011,0.6727238666167104
51,0.6827,0.6827,0.02,0.7693684479672718,0.6778771983955569,0.6790610328638498,0.49514563106796117,0.6666666666666666,0.6152694610778443,0.8156028368794326,0.6095003084515731,0.7753450737743931,0.6607142857142857,0.7340168878166465,0.7960893854748603,0.7889396245560629,0.6614173228346457,0.4697053918843802,0.633287964223216,0.7620650953984287,0.8857813416780755,0.7182320441988951,0.687336080929187
52,0.6838,0.6838,0.02,0.7660444899002813,0.6923788954026535,0.72018779342723,0.47572815533980584,0.6440251572327044,0.6392215568862275,0.8,0.5694016039481802,0.7624940504521657,0.6517857142857143,0.718335343787696,0.7737430167597765,0.7995941146626078,0.6535433070866141,0.42412451361867703,0.6422321602177717,0.793939393939394,0.8720907490709955,0.712707182320442,0.7105657549644061
53,0.6867,0.6867,0.02,0.7849654819739197,0.7028694847269361,0.7070422535211267,0.5242718446601942,0.6817610062893081,0.6616766467065869,0.8297872340425532,0.621221468229488,0.7667777248929082,0.6741071428571429,0.7340168878166465,0.7988826815642458,0.8001014713343481,0.6850393700787402,0.4955530850472485,0.6262881586622594,0.7625140291806959,0.881087424212791,0.7458563535911602,0.6667291120269764
54,0.6808,0.6808,0.02,0.7668115571465098,0.6775686516507251,0.732206572769953,0.5145631067961165,0.6528301886792452,0.6332335329341318,0.8120567375886525,0.6113510178901912,0.7682056163731557,0.6428571428571429,0.7264776839565742,0.7988826815642458,0.8031456113647895,0.6456692913385826,0.46553640911617566,0.6476764534318491,0.7865319865319865,0.8873459808331704,0.7292817679558011,0.6549269389284376
55,0.6868,0.6868,0.02,0.761697775504986,0.6843566800370257,0.7173708920187793,0.49514563106796117,0.6817610062893081,0.6332335329341318,0.8156028368794326,0.5965453423812461,0.7710613993336506,0.6696428571428571,0.7454764776839565,0.8268156424581006,0.8097412480974124,0.6614173228346457,0.45497498610339077,0.662648259770562,0.7894500561167228,0.8828476432622726,0.7513812154696132,0.6745972274260023
56,0.686,0.686,0.02,0.7770391204295577,0.6966985498302993,0.715868544600939,0.5048543689320388,0.6635220125786163,0.6467065868263473,0.8092198581560284,0.6181369524984578,0.7677296525464065,0.6651785714285714,0.726779252110977,0.7960893854748603,0.8026382546930492,0.6614173228346457,0.4830461367426348,0.6379545012638538,0.7849607182940517,0.884999022100528,0.7513812154696132,0.6877107530910453
57,0.6812,0.6812,0.02,0.7862439273843007,0.6926874421474853,0.7102347417840376,0.5533980582524272,0.6408805031446541,0.6362275449101796,0.8085106382978723,0.6175200493522517,0.7743931461208948,0.6383928571428571,0.6984318455971049,0.7988826815642458,0.7924911212582445,0.6535433070866141,0.4886047804335742,0.6204549873614622,0.7793490460157126,0.8914531586152944,0.712707182320442,0.6759085799925065
58,0.6833,0.6833,0.02,0.7951930452569675,0.712742980561555,0.7017840375586855,0.5016181229773463,0.6364779874213836,0.6511976047904192,0.8092198581560284,0.6020974706971005,0.7729652546406474,0.6428571428571429,0.706875753920386,0.7905027932960894,0.7924911212582445,0.6771653543307087,0.4724847137298499,0.6426210383044916,0.7701459034792368,0.8945824369254841,0.7237569060773481,0.6667291120269764
59,0.6875,0.6875,0.02,0.7619534645870621,0.6809626658438753,0.6937089201877934,0.5210355987055016,0.6691823899371069,0.6272455089820359,0.8113475177304964,0.6119679210363973,0.7796287482151356,0.6696428571428571,0.7313027744270205,0.8072625698324022,0.8001014713343481,0.6850393700787402,0.47387437465258475,0.6461209410849699,0.792368125701459,0.8763935067475064,0.7182320441988951,0.7208692394155114
60,0.6847,0.6847,0.02,0.7872666837126054,0.6923788954026535,0.7019718309859155,0.5339805825242718,0.6345911949685534,0.6362275449101796,0.8021276595744681,0.6286243059839605,0.7772489290813898,0.6473214285714286,0.701145958986731,0.7960893854748603,0.7940131912734653,0.6377952755905512,0.49499722067815455,0.6136496208438654,0.782716049382716,0.8973205554469,0.7071823204419889,0.6727238666167104
61,0.6842,0.6842,0.02,0.7668115571465098,0.6794199321197162,0.7263849765258216,0.540453074433657,0.6830188679245283,0.6272455089820359,0.8198581560283688,0.6101172115977791,0.7701094716801523,0.6607142857142857,0.7421592279855247,0.8072625698324022,0.8072044647387113,0.6377952755905512,0.4741523068371317,0.6581761617732841,0.7820426487093154,0.8785448855857618,0.7237569060773481,0.6710378418883477
62,0.6881,0.6881,0.02,0.7747379186908719,0.6828139463128664,0.7004694835680751,0.5307443365695793,0.6610062893081761,0.6362275449101796,0.8191489361702128,0.6162862430598396,0.7796287482151356,0.6428571428571429,0.7243667068757539,0.8044692737430168,0.8097412480974124,0.6456692913385826,0.5011117287381879,0.6363989889169746,0.7898989898989899,0.8908664189321338,0.7071823204419889,0.6908954664668415
63,0.6899,0.6899,0.02,0.7829199693173101,0.6970070965751312,0.7156807511737089,0.517799352750809,0.6742138364779874,0.6646706586826348,0.8170212765957446,0.6125848241826033,0.7829604950023799,0.6651785714285714,0.7343184559710495,0.8156424581005587,0.8036529680365296,0.6377952755905512,0.4858254585881045,0.6278436710091386,0.7811447811447811,0.8867592411500098,0.7237569060773481,0.7066316972648932
64,0.6844,0.6844,0.02,0.7780618767578624,0.6917618019129899,0.712112676056338,0.4854368932038835,0.6396226415094339,0.6332335329341318,0.8283687943262411,0.6039481801357187,0.7815326035221323,0.6428571428571429,0.7080820265379976,0.8156424581005587,0.8011161846778285,0.6614173228346457,0.4672040022234575,0.6614816255104025,0.7784511784511785,0.8908664189321338,0.7403314917127072,0.6843387036343199
65,0.6853,0.6853,0.02,0.7606750191766811,0.6707806232644246,0.7295774647887324,0.4692556634304207,0.6654088050314465,0.6317365269461078,0.824822695035461,0.6045650832819247,0.757734412184674,0.6830357142857143,0.7334137515078407,0.8016759776536313,0.8016235413495687,0.6220472440944882,0.47387437465258475,0.6717868948084775,0.7950617283950617,0.8805006845296304,0.7348066298342542,0.673285874859498
66,0.6838,0.6838,0.02,0.7604193300946049,0.6766430114162295,0.7044131455399061,0.46601941747572817,0.6691823899371069,0.6287425149700598,0.8340425531914893,0.5842072794571253,0.7667777248929082,0.6428571428571429,0.738238841978287,0.8128491620111732,0.8117706747843734,0.6929133858267716,0.4349638688160089,0.68753645732063,0.796408529741863,0.8824564834734989,0.7237569060773481,0.6807793180966654
67,0.689,0.689,0.02,0.7872666837126054,0.7068805924097501,0.7077934272300469,0.5533980582524272,0.6735849056603773,0.657185628742515,0.826950354609929,0.6224552745219001,0.774869109947644,0.6696428571428571,0.7358262967430639,0.8100558659217877,0.8183663115169965,0.6377952755905512,0.48999444135630904,0.6309546957028972,0.7952861952861953,0.8869548210443966,0.7071823204419889,0.6944548520044961
68,0.6874,0.6874,0.02,0.7974942469956533,0.7179882752236963,0.7267605633802817,0.5145631067961165,0.6522012578616352,0.6691616766467066,0.8290780141843972,0.5903763109191857,0.7553545930509281,0.6651785714285714,0.721049457177322,0.7877094972067039,0.8001014713343481,0.6771653543307087,0.46470261256253476,0.672953529068637,0.7820426487093154,0.8881283004107178,0.6961325966850829,0.6798426376920195
69,0.6853,0.6853,0.02,0.7693684479672718,0.6871336007405122,0.7085446009389671,0.4886731391585761,0.6691823899371069,0.6482035928143712,0.8425531914893617,0.5934608266502159,0.7843883864826273,0.6651785714285714,0.732509047044632,0.8240223463687151,0.808726534753932,0.6771653543307087,0.47192884936075596,0.6612871864670425,0.7696969696969697,0.8869548210443966,0.7071823204419889,0.7159985013113526
70,0.6833,0.6833,0.02,0.7898235745333674,0.7037951249614317,0.6931455399061033,0.5210355987055016,0.6433962264150943,0.6317365269461078,0.8056737588652483,0.6224552745219001,0.789148024750119,0.6428571428571429,0.7165259348612787,0.7988826815642458,0.8016235413495687,0.5984251968503937,0.48554752640355753,0.631149134746257,0.7925925925925926,0.9004498337570898,0.712707182320442,0.7068190333458224
71,0.6909,0.6909,0.02,0.7844541038097673,0.7093489663684048,0.7246948356807512,0.511326860841424,0.6654088050314465,0.6601796407185628,0.8453900709219858,0.6125848241826033,0.7672536887196573,0.6294642857142857,0.7273823884197829,0.8240223463687151,0.8148148148148148,0.6377952755905512,0.48638132295719844,0.6710091386350379,0.7865319865319865,0.8883238803051047,0.7403314917127072,0.6721618583739228
72,0.6852,0.6852,0.02,0.7808744566607005,0.6957729095958037,0.715868544600939,0.47572815533980584,0.6540880503144654,0.657185628742515,0.826950354609929,0.5848241826033312,0.7691575440266539,0.6205357142857143,0.7150180940892642,0.8156424581005587,0.7975646879756468,0.6377952755905512,0.4510839355197332,0.6690647482014388,0.7789001122334456,0.8896929395658126,0.7182320441988951,0.7116897714499812
73,0.6862,0.6862,0.02,0.7957044234211199,0.7115087935822277,0.7215023474178404,0.5016181229773463,0.6874213836477987,0.6601796407185628,0.8489361702127659,0.5866748920419494,0.7839124226558781,0.65625,0.7337153196622437,0.8324022346368715,0.8046676813800101,0.6377952755905512,0.45886603668704834,0.6612871864670425,0.7703703703703704,0.8926266379816155,0.7237569060773481,0.6903334582240539
74,0.6879,0.6879,0.02,0.7742265405267195,0.6865165072508485,0.7228169014084507,0.47572815533980584,0.650314465408805,0.6302395209580839,0.826950354609929,0.5959284392350401,0.7848643503093765,0.6517857142857143,0.7264776839565742,0.8156424581005587,0.8077118214104515,0.6062992125984252,0.45775430794886046,0.6657592844643204,0.7988776655443323,0.8914531586152944,0.7292817679558011,0.7079430498313976
75,0.6938,0.6938,0.02,0.7829199693173101,0.6979327368096266,0.7156807511737089,0.5372168284789643,0.660377358490566,0.6526946107784432,0.8134751773049645,0.6298581122763726,0.7705854355069015,0.6607142857142857,0.7334137515078407,0.8100558659217877,0.8148148148148148,0.6299212598425197,0.5005558643690939,0.6519541123857671,0.8006734006734006,0.884999022100528,0.712707182320442,0.6897714499812664
76,0.6864,0.6864,0.02,0.7793403221682434,0.6920703486578217,0.7049765258215962,0.511326860841424,0.6723270440251572,0.6601796407185628,0.8205673758865248,0.6169031462060457,0.777724892908139,0.65625,0.7409529553679132,0.8100558659217877,0.8026382546930492,0.6141732283464567,0.47915508615897723,0.654092941862726,0.7894500561167228,0.8906708390377469,0.7182320441988951,0.7203072311727239
77,0.6924,0.6924,0.02,0.7778061876757862,0.7019438444924406,0.7124882629107981,0.5372168284789643,0.6666666666666666,0.6661676646706587,0.8226950354609929,0.6138186304750154,0.7686815801999048,0.6473214285714286,0.7349215922798552,0.7793296089385475,0.8132927447995941,0.6456692913385826,0.49221789883268485,0.6717868948084775,0.7977553310886645,0.8844122824173675,0.7292817679558011,0.702322967403522
78,0.6944,0.6944,0.02,0.8031194068013295,0.722616476396174,0.700093896713615,0.5631067961165048,0.6641509433962264,0.6931137724550899,0.8340425531914893,0.6267735965453424,0.7834364588291289,0.6517857142857143,0.7279855247285887,0.8212290502793296,0.8143074581430746,0.6456692913385826,0.5075041689827682,0.6579817227299242,0.7753086419753087,0.8936045374535497,0.6961325966850829,0.6933308355189209
79,0.6854,0.6854,0.02,0.7916133981079008,0.7037951249614317,0.699718309859155,0.4919093851132686,0.6647798742138364,0.6706586826347305,0.8241134751773049,0.5983960518198643,0.7701094716801523,0.6294642857142857,0.7282870928829915,0.8044692737430168,0.8224251648909183,0.6220472440944882,0.4566425792106726,0.6966750923585456,0.7984287317620651,0.8861725014668492,0.7403314917127072,0.6882727613338329
80,0.6908,0.6908,0.02,0.781385834824853,0.6902190681888306,0.7307042253521127,0.5307443365695793,0.6710691823899371,0.6676646706586826,0.8290780141843972,0.6175200493522517,0.7739171822941456,0.6517857142857143,0.7340168878166465,0.8072625698324022,0.8198883815322171,0.6456692913385826,0.4858254585881045,0.6731479681119968,0.7993265993265993,0.8916487385096812,0.7237569060773481,0.6972648932184339
81,0.6895,0.6895,0.02,0.7939145998465865,0.7074976858994138,0.7156807511737089,0.5339805825242718,0.640251572327044,0.655688622754491,0.8134751773049645,0.621838371375694,0.763445978105664,0.6428571428571429,0.7189384800965019,0.7905027932960894,0.8183663115169965,0.6456692913385826,0.48721511951083935,0.6515652342990472,0.7970819304152638,0.893213377664776,0.7237569060773481,0.6811539902585237
82,0.6908,0.6908,0.02,0.8054206085400153,0.7327985189756248,0.7290140845070423,0.5501618122977346,0.6616352201257861,0.6706586826347305,0.8432624113475178,0.6057988895743368,0.7743931461208948,0.6517857142857143,0.7279855247285887,0.8212290502793296,0.823947234906139,0.6220472440944882,0.4752640355753196,0.6632315769006416,0.784287317620651,0.8902796792489732,0.7348066298342542,0.6841513675533908
83,0.6945,0.6945,0.02,0.7826642802352339,0.6963900030854675,0.7115492957746479,0.540453074433657,0.6591194968553459,0.655688622754491,0.8304964539007093,0.6243059839605182,0.7791527843883865,0.65625,0.7237635705669482,0.7932960893854749,0.808726534753932,0.6062992125984252,0.49221789883268485,0.6686758701147191,0.7903479236812571,0.8930177977703893,0.7403314917127072,0.7107530910453354
84,0.6893,0.6893,0.02,0.789312196369215,0.7071891391545819,0.743849765258216,0.47572815533980584,0.6641509433962264,0.6422155688622755,0.8354609929078014,0.5842072794571253,0.7782008567348881,0.6383928571428571,0.7303980699638118,0.7932960893854749,0.8188736681887366,0.5826771653543307,0.4474708171206226,0.6787867003694342,0.7919191919191919,0.8881283004107178,0.7292817679558011,0.706444361183964
85,0.6954,0.6954,0.02,0.8095116338532344,0.7275532243134835,0.7183098591549296,0.4886731391585761,0.6654088050314465,0.6841317365269461,0.8340425531914893,0.5983960518198643,0.7829604950023799,0.6696428571428571,0.726779252110977,0.8016759776536313,0.8072044647387113,0.6141732283464567,0.46581434130072263,0.6649815282908809,0.7831649831649832,0.8941912771367103,0.7458563535911602,0.6937055076807793
86,0.6945,0.6945,0.02,0.7841984147276911,0.7071891391545819,0.7166197183098592,0.4854368932038835,0.6691823899371069,0.6452095808383234,0.8382978723404255,0.6064157927205429,0.7782008567348881,0.6830357142857143,0.7300965018094089,0.8016759776536313,0.8117706747843734,0.6141732283464567,0.47693162868260147,0.6776200661092747,0.7950617283950617,0.8889106199882653,0.7292817679558011,0.7148744848257774
87,0.6924,0.6924,0.02,0.7972385579135771,0.7244677568651651,0.7015962441314554,0.47896440129449835,0.6396226415094339,0.6482035928143712,0.824822695035461,0.6187538556446638,0.7734412184673964,0.6651785714285714,0.7207478890229192,0.8016759776536313,0.8143074581430746,0.5905511811023622,0.4735964424680378,0.652148551429127,0.7961840628507295,0.8975161353412869,0.7458563535911602,0.6978269014612214
88,0.6984,0.6984,0.02,0.783942725645615,0.7031780314717679,0.7290140845070423,0.49838187702265374,0.6849056603773584,0.655688622754491,0.8319148936170213,0.6119679210363973,0.7734412184673964,0.6696428571428571,0.741556091676719,0.7932960893854749,0.8183663115169965,0.6062992125984252,0.4777654252362424,0.6723702119385573,0.7948372615039282,0.8857813416780755,0.7292817679558011,0.7137504683402023
89,0.6937,0.6937,0.02,0.8018409613909486,0.7216908361616785,0.68,0.5436893203883495,0.6616352201257861,0.6437125748502994,0.8326241134751773,0.6471314003701419,0.7705854355069015,0.65625,0.7358262967430639,0.7988826815642458,0.8168442415017757,0.6299212598425197,0.5144524735964424,0.6566206494264049,0.7896745230078563,0.893213377664776,0.7348066298342542,0.7053203446983889
90,0.6931,0.6931,0.02,0.7890565072871388,0.7028694847269361,0.7173708920187793,0.5145631067961165,0.6855345911949685,0.6586826347305389,0.8226950354609929,0.6236890808143122,0.7796287482151356,0.6473214285714286,0.7521109770808203,0.7988826815642458,0.8138001014713343,0.5905511811023622,0.490550305725403,0.6461209410849699,0.8078563411896745,0.8916487385096812,0.7292817679558011,0.7167478456350693
91,0.6937,0.6937,0.02,0.793147532600358,0.7081147793890774,0.7209389671361502,0.5048543689320388,0.6981132075471698,0.6691616766467066,0.826950354609929,0.6132017273288094,0.7762970014278915,0.6785714285714286,0.7611580217129071,0.8016759776536313,0.8138001014713343,0.6062992125984252,0.48332406892718177,0.6533151856892864,0.7858585858585858,0.8945824369254841,0.7237569060773481,0.696328212813788
92,0.6929,0.6929,0.02,0.7890565072871388,0.7025609379821043,0.7412206572769953,0.5016181229773463,0.6754716981132075,0.6586826347305389,0.8241134751773049,0.6144355336212215,0.7791527843883865,0.6473214285714286,0.7322074788902292,0.7849162011173184,0.8092338914256723,0.6141732283464567,0.4608115619788771,0.662648259770562,0.8004489337822671,0.8959514961861921,0.7237569060773481,0.7197452229299363
93,0.6926,0.6926,0.02,0.7847097928918435,0.6963900030854675,0.723943661971831,0.5016181229773463,0.6641509433962264,0.655688622754491,0.8319148936170213,0.6187538556446638,0.7762970014278915,0.6473214285714286,0.7436670687575392,0.7960893854748603,0.8259766615930999,0.5748031496062992,0.4724847137298499,0.6737312852420766,0.8139169472502806,0.893213377664776,0.7513812154696132,0.697452229299363
94,0.6965,0.6965,0.02,0.7928918435182818,0.7164455414995372,0.7154929577464789,0.5048543689320388,0.7012578616352201,0.6781437125748503,0.8262411347517731,0.6446637877853177,0.7767729652546407,0.6785714285714286,0.75,0.7960893854748603,0.8077118214104515,0.6141732283464567,0.5119510839355197,0.6680925529846393,0.7874298540965208,0.8840211226285938,0.7292817679558011,0.710378418883477
95,0.6963,0.6963,0.02,0.7990283814881105,0.7182968219685283,0.7123004694835681,0.49514563106796117,0.6635220125786163,0.6541916167664671,0.8531914893617021,0.6286243059839605,0.772013326987149,0.65625,0.7337153196622437,0.7905027932960894,0.8127853881278538,0.5984251968503937,0.48721511951083935,0.6743146023721563,0.7892255892255893,0.904361431644827,0.7403314917127072,0.6908954664668415
96,0.6953,0.6953,0.02,0.7668115571465098,0.6929959888923172,0.7265727699530516,0.4919093851132686,0.7031446540880503,0.6437125748502994,0.8390070921985816,0.6113510178901912,0.7991432651118515,0.6607142857142857,0.7605548854041013,0.8044692737430168,0.8209030948756976,0.6062992125984252,0.4635908838243469,0.679175578456154,0.7930415263748597,0.8885194601994915,0.7182320441988951,0.7452229299363057
97,0.693,0.693,0.02,0.7877780618767579,0.7056464054304227,0.7077934272300469,0.5080906148867314,0.6861635220125786,0.6616766467065869,0.8219858156028369,0.6273904996915485,0.7767729652546407,0.6741071428571429,0.7548250904704463,0.7960893854748603,0.8138001014713343,0.5905511811023622,0.4777654252362424,0.6817032860198328,0.8094276094276094,0.8936045374535497,0.7624309392265194,0.7062570251030349
98,0.6973,0.6973,0.02,0.7816415239069292,0.7087318728787412,0.732018779342723,0.5048543689320388,0.6584905660377358,0.6497005988023952,0.8382978723404255,0.6261566933991364,0.7915278438838649,0.6651785714285714,0.7288902291917974,0.8100558659217877,0.8381532217148655,0.6299212598425197,0.4927737632017788,0.6782033832393545,0.8107744107744108,0.8902796792489732,0.7569060773480663,0.7131884600974148
99,0.6895,0.6895,0.02,0.7821529020710816,0.6994754705337859,0.7153051643192488,0.5080906148867314,0.6685534591194968,0.6452095808383234,0.8333333333333334,0.6027143738433066,0.7900999524036173,0.6875,0.7394451145958987,0.7932960893854749,0.8193810248604769,0.6141732283464567,0.4602556976097832,0.6700369434182384,0.8042648709315376,0.9035791120672795,0.7513812154696132,0.7233046084675908
100,0.6044,0.54083,0.02,0.6586550754282792,0.7543967911138537,0.6835680751173709,0.5922330097087378,0.6283018867924528,0.3218562874251497,0.8432624113475178,0.2282541640962369,0.6458829128986197,0.5803571428571429,0.5814234016887817,0.61731843575419,0.4444444444444444,0.2204724409448819,0.5686492495831017,0.42640482208827535,0.5694725028058362,0.7719538431449247,0.569060773480663,0.6316972648932184
101,0.614,0.54606,0.02,0.6934287905906418,0.7602591792656588,0.684319248826291,0.5016181229773463,0.6452830188679245,0.33532934131736525,0.8361702127659575,0.22331893892658852,0.6230366492146597,0.6071428571428571,0.5992159227985525,0.6256983240223464,0.4530695078640284,0.23622047244094488,0.4927737632017788,0.42329379739451684,0.5957351290684624,0.7690201447291218,0.580110497237569,0.6539902585237917
102,0.5892,0.54013,0.02,0.6433137305037074,0.7482258562172169,0.7143661971830986,0.4077669902912621,0.6150943396226415,0.3158682634730539,0.8397163120567376,0.30598396051819865,0.6987148976677773,0.6026785714285714,0.5681544028950543,0.5810055865921788,0.4642313546423135,0.23622047244094488,0.36770428015564205,0.4184328213105192,0.5667789001122334,0.8230001955798943,0.5469613259668509,0.6882727613338329
103,0.5913,0.5465500000000001,0.02,0.6228586039376118,0.7445232952792348,0.7184976525821596,0.3851132686084142,0.6679245283018868,0.33682634730538924,0.8595744680851064,0.32510795805058607,0.6996668253212756,0.59375,0.5986127864897467,0.5921787709497207,0.47539320142059865,0.2283464566929134,0.3790994997220678,0.43359906669259185,0.5865319865319866,0.8431449247017406,0.585635359116022,0.6612963656800299
104,0.5838,0.54418,0.02,0.6381999488621836,0.7707497685899414,0.7104225352112676,0.343042071197411,0.6081761006289308,0.30988023952095806,0.8609929078014185,0.34978408389882787,0.7025226082817706,0.5625,0.5500603136308806,0.5837988826815642,0.4774226281075596,0.2204724409448819,0.3285158421345192,0.4522652148551429,0.5991021324354657,0.8562487776256601,0.5580110497237569,0.6777819408017984
105,0.5835,0.54562,0.02,0.6164663768857069,0.7473002159827213,0.6965258215962441,0.34951456310679613,0.6352201257861635,0.3338323353293413,0.8609929078014185,0.3837137569401604,0.7272727272727273,0.5848214285714286,0.5711700844390832,0.5698324022346368,0.4733637747336377,0.2047244094488189,0.3321289605336298,0.4287380906085942,0.5802469135802469,0.8621161744572657,0.6022099447513812,0.6912701386286999
106,0.5828,0.54488,0.02,0.6315520327282025,0.7729095958037643,0.7046009389671362,0.3300970873786408,0.6452830188679245,0.3158682634730539,0.8397163120567376,0.3608883405305367,0.7201332698714897,0.5803571428571429,0.5853437876960192,0.5726256983240223,0.4743784880771182,0.2204724409448819,0.32073374096720403,0.4577095080692203,0.5795735129068462,0.8476432622726384,0.5524861878453039,0.6980142375421506
107,0.5846,0.5473399999999999,0.02,0.6169777550498594,0.7531626041345264,0.7162441314553991,0.32038834951456313,0.6515723270440251,0.3323353293413174,0.8531914893617021,0.38062924120913016,0.7153736316039981,0.59375,0.5726779252110977,0.6089385474860335,0.48300355149670215,0.2283464566929134,0.3237909949972207,0.4320435543457126,0.5916947250280583,0.8509681204772149,0.5911602209944752,0.6798426376920195
108,0.5818,0.5476099999999999,0.02,0.6289951419074405,0.779389077445233,0.6946478873239437,0.32362459546925565,0.6610062893081761,0.3338323353293413,0.8453900709219858,0.3824799506477483,0.7296525464064731,0.6205357142857143,0.5838359469240049,0.5586592178770949,0.4733637747336377,0.23622047244094488,0.3235130628126737,0.45829282519930004,0.5854096520763188,0.8709172697046743,0.6464088397790055,0.6905207943049831
109,0.5725,0.54384,0.02,0.6167220659677832,0.7732181425485961,0.7301408450704225,0.34627831715210355,0.6534591194968553,0.3278443113772455,0.8539007092198582,0.38618136952498455,0.732032365540219,0.5982142857142857,0.5814234016887817,0.5782122905027933,0.4941653982749873,0.2283464566929134,0.3176764869371873,0.4635426793700175,0.5367003367003367,0.8609426950909447,0.574585635359116,0.6854627201198951
110,0.5789,0.54576,0.02,0.6295065200715929,0.7766121567417463,0.7115492957746479,0.3333333333333333,0.6383647798742138,0.3203592814371258,0.8553191489361702,0.3867982726711906,0.7139457401237506,0.6026785714285714,0.5660434258142341,0.5893854748603352,0.48452562151192285,0.25984251968503935,0.3151750972762646,0.4555706785922613,0.5948372615039281,0.8656366125562293,0.6077348066298343,0.6882727613338329
111,0.5807,0.5425500000000001,0.02,0.6320634108923548,0.7630360999691453,0.7044131455399061,0.3786407766990291,0.6238993710691824,0.31736526946107785,0.826950354609929,0.3701418877236274,0.709662065683008,0.5848214285714286,0.5817249698431846,0.5698324022346368,0.48909183155758496,0.2677165354330709,0.349082823790995,0.4544040443321019,0.5712682379349046,0.8505769606884412,0.569060773480663,0.6972648932184339
112,0.569,0.5423899999999999,0.02,0.6090513935054973,0.7618019129898179,0.6953990610328639,0.313915857605178,0.6622641509433962,0.3338323353293413,0.8617021276595744,0.4071560764959901,0.7601142313184198,0.6116071428571429,0.5916767189384801,0.5698324022346368,0.4977168949771689,0.2440944881889764,0.3076709282934964,0.48006999805560957,0.561391694725028,0.86993937023274,0.5580110497237569,0.6910828025477707
113,0.5739,0.5415,0.02,0.6295065200715929,0.781240357914224,0.6944600938967136,0.3106796116504854,0.6220125786163522,0.3263473053892216,0.8588652482269503,0.38309685379395436,0.732032365540219,0.5848214285714286,0.5660434258142341,0.6005586592178771,0.4977168949771689,0.25196850393700787,0.2979433018343524,0.48143107135912894,0.5681257014590347,0.8689614707608058,0.56353591160221,0.6871487448482577
114,0.5773,0.54643,0.02,0.5911531577601636,0.7278617710583153,0.7397183098591549,0.3592233009708738,0.6452830188679245,0.33083832335329344,0.8432624113475178,0.4268969771745836,0.7491670633031889,0.6205357142857143,0.5759951749095296,0.5754189944134078,0.4855403348554033,0.25196850393700787,0.311284046692607,0.42640482208827535,0.6210998877665544,0.8705261099159006,0.6077348066298343,0.7002622705133008
115,0.5839,0.54544,0.02,0.6612119662490412,0.8028386300524529,0.6967136150234742,0.3074433656957929,0.620125786163522,0.312874251497006,0.8574468085106383,0.37075879086983343,0.6901475487862923,0.6160714285714286,0.5790108564535585,0.6061452513966481,0.465246067985794,0.2755905511811024,0.2979433018343524,0.49931946334824034,0.609652076318743,0.8409935458634852,0.585635359116022,0.6715998501311352
116,0.5745,0.54362,0.02,0.615187931475326,0.7633446467139772,0.7154929577464789,0.36245954692556637,0.6150943396226415,0.3188622754491018,0.8602836879432624,0.41455891425046265,0.763445978105664,0.6294642857142857,0.5539806996381182,0.5754189944134078,0.49518011161846776,0.25196850393700787,0.3254585881045025,0.45887614232937973,0.5714927048260382,0.882260903579112,0.5524861878453039,0.7060696890221057
117,0.5784,0.54226,0.02,0.6205574021989261,0.7469916692378895,0.7149295774647887,0.35275080906148865,0.6383647798742138,0.3263473053892216,0.8546099290780141,0.38556446637877856,0.7177534507377439,0.6205357142857143,0.5799155609167672,0.611731843575419,0.4911212582445459,0.23622047244094488,0.29488604780433575,0.45693175189578067,0.5652076318742986,0.8529239194210835,0.5469613259668509,0.7021356313225927
118,0.5879,0.5483399999999999,0.02,0.6261825620046024,0.7611848195001543,0.711924882629108,0.3786407766990291,0.6408805031446541,0.3263473053892216,0.8560283687943262,0.38309685379395436,0.7410756782484531,0.6383928571428571,0.5759951749095296,0.5977653631284916,0.4611872146118721,0.25984251968503935,0.3463035019455253,0.4664592650204161,0.5993265993265994,0.865832192450616,0.56353591160221,0.7032596478081679
119,0.588,0.54627,0.02,0.64919457939146,0.7531626041345264,0.7284507042253521,0.34951456310679613,0.6327044025157232,0.32335329341317365,0.8609929078014185,0.3541024059222702,0.6858638743455497,0.6026785714285714,0.5892641737032569,0.6340782122905028,0.534753932014206,0.2677165354330709,0.32323513062812675,0.4454598483375462,0.5232323232323233,0.8216311363191864,0.5414364640883977,0.7032596478081679
120,0.5907,0.5494399999999999,0.02,0.6036819227818973,0.7568651650725085,0.7010328638497653,0.39158576051779936,0.6459119496855346,0.33682634730538924,0.8609929078014185,0.37939543491671807,0.7529747739171823,0.6205357142857143,0.5684559710494572,0.5865921787709497,0.4515474378488077,0.25984251968503935,0.3763201778765981,0.44176550651370794,0.6567901234567901,0.8777625660082143,0.6408839779005525,0.6965155488947171
121,0.5815,0.5429700000000001,0.02,0.6627461007414983,0.7837087318728787,0.7029107981220657,0.33980582524271846,0.6477987421383647,0.3203592814371258,0.8539007092198582,0.35595311536088836,0.6896715849595431,0.59375,0.6052472858866104,0.6256983240223464,0.5484525621511923,0.25196850393700787,0.3285158421345192,0.48531985222632706,0.49382716049382713,0.8237825151574418,0.5303867403314917,0.6862120644436118
122,0.5934,0.54848,0.02,0.6394783942725646,0.7605677260104906,0.7094835680751174,0.343042071197411,0.6371069182389937,0.3143712574850299,0.8588652482269503,0.36273904996915485,0.7120418848167539,0.6116071428571429,0.5762967430639324,0.61731843575419,0.4576357179096905,0.28346456692913385,0.3443579766536965,0.47462570484153216,0.6336700336700337,0.8509681204772149,0.6132596685082873,0.6895841139003372
123,0.5829,0.54489,0.02,0.6341089235489644,0.7772292502314101,0.6942723004694835,0.31715210355987056,0.6377358490566037,0.33083832335329344,0.849645390070922,0.38988278840222085,0.7120418848167539,0.5803571428571429,0.5796139927623642,0.5865921787709497,0.46626078132927445,0.25984251968503935,0.329905503057254,0.4697647287575345,0.6179573512906846,0.8632896538235869,0.6132596685082873,0.6871487448482577
124,0.5796,0.54494,0.02,0.6233699821017643,0.7716754088244369,0.7151173708920188,0.34627831715210355,0.6534591194968553,0.3278443113772455,0.8489361702127659,0.39666872301048733,0.7472632079961923,0.6383928571428571,0.5823281061519904,0.5865921787709497,0.4764079147640791,0.2204724409448819,0.3349082823790995,0.4516818977250632,0.5894500561167227,0.8707216898102875,0.5966850828729282,0.7083177219932559
125,0.587,0.54642,0.02,0.6210687803630784,0.750077136686208,0.7066666666666667,0.3818770226537217,0.6339622641509434,0.32335329341317365,0.8588652482269503,0.35903763109191855,0.7348881485007139,0.6160714285714286,0.5672496984318456,0.5893854748603352,0.46626078132927445,0.2440944881889764,0.37048360200111174,0.4654870698036166,0.6246913580246913,0.8736553882260903,0.6187845303867403,0.7130011240164855
126,0.5859,0.54469,0.02,0.6514957811301457,0.7679728478864548,0.6955868544600939,0.3333333333333333,0.6345911949685534,0.3248502994011976,0.8574468085106383,0.3608883405305367,0.6815801999048072,0.6160714285714286,0.5817249698431846,0.6201117318435754,0.4946727549467275,0.2755905511811024,0.3085047248471373,0.4757923391016916,0.5858585858585859,0.8333659299823978,0.5580110497237569,0.7006369426751592
127,0.5758,0.54311,0.02,0.6353873689593454,0.7815489046590558,0.6884507042253522,0.37216828478964403,0.6471698113207547,0.3143712574850299,0.8602836879432624,0.3744602097470697,0.7220371251784864,0.6294642857142857,0.5765983112183354,0.6005586592178771,0.4779299847792998,0.23622047244094488,0.3387993329627571,0.5006805366517597,0.6006734006734007,0.8701349501271269,0.574585635359116,0.6925814911952042
128,0.5995,0.54928,0.02,0.6543083610329838,0.7574822585621722,0.6955868544600939,0.4045307443365696,0.6465408805031446,0.3263473053892216,0.8439716312056738,0.3362122146822949,0.658257972394098,0.6116071428571429,0.5913751507840772,0.6424581005586593,0.4581430745814307,0.25196850393700787,0.39466370205669815,0.45090414155162356,0.6370370370370371,0.8218267162135733,0.5966850828729282,0.6850880479580367
129,0.5771,0.54341,0.02,0.6154436205574022,0.7537796976241901,0.7017840375586855,0.39158576051779936,0.6320754716981132,0.32335329341317365,0.8432624113475178,0.38618136952498455,0.7344121846739647,0.6071428571428571,0.5566948130277443,0.5810055865921788,0.46778285134449515,0.2440944881889764,0.36964980544747084,0.46490375267353684,0.6197530864197531,0.8844122824173675,0.6077348066298343,0.7085050580741851
130,0.5948,0.54884,0.02,0.6901048325236513,0.785251465597038,0.7015962441314554,0.3106796116504854,0.6522012578616352,0.3218562874251497,0.8567375886524823,0.3337446020974707,0.6396953831508805,0.6339285714285714,0.6155006031363088,0.6536312849162011,0.49213597158802636,0.2992125984251969,0.29683157309616454,0.49173634065720395,0.5694725028058362,0.7987482886759241,0.5524861878453039,0.6802173098538778
131,0.5774,0.54335,0.02,0.6113525952441831,0.7494600431965442,0.6963380281690141,0.4045307443365696,0.6144654088050314,0.3143712574850299,0.8680851063829788,0.3744602097470697,0.7501189909566873,0.5982142857142857,0.5618214716525934,0.5810055865921788,0.48909183155758496,0.2440944881889764,0.40327959977765426,0.4602372156328991,0.5694725028058362,0.8846078623117544,0.585635359116022,0.7135631322592731
132,0.5948,0.5492900000000001,0.02,0.6653029915622602,0.775377969762419,0.6955868544600939,0.36245954692556637,0.6515723270440251,0.33083832335329344,0.8453900709219858,0.34361505243676743,0.6653974297953356,0.6160714285714286,0.6028347406513872,0.6229050279329609,0.495687468290208,0.2283464566929134,0.35547526403557533,0.48065331518568927,0.5616161616161616,0.8177195384314493,0.569060773480663,0.7141251405020607
133,0.5782,0.54679,0.02,0.6238813602659167,0.7772292502314101,0.7051643192488263,0.3333333333333333,0.650314465408805,0.32335329341317365,0.8425531914893617,0.3904996915484269,0.7610661589719181,0.6116071428571429,0.571773220747889,0.5614525139664804,0.4748858447488584,0.25984251968503935,0.3560311284046693,0.4995139023916002,0.5966329966329966,0.8879327205163309,0.574585635359116,0.7090670663169727
134,0.6013,0.5542199999999999,0.02,0.6670928151367936,0.7824745448935514,0.7068544600938967,0.31715210355987056,0.630817610062893,0.3323353293413174,0.8418439716312057,0.35903763109191855,0.6763445978105664,0.6160714285714286,0.5762967430639324,0.6145251396648045,0.4459665144596651,0.2440944881889764,0.32768204558087827,0.4868753645732063,0.6496071829405162,0.8319968707216898,0.6298342541436464,0.6931434994379918
135,0.5768,0.54523,0.02,0.6384556379442597,0.781240357914224,0.7190610328638498,0.3559870550161812,0.6314465408805031,0.3278443113772455,0.8539007092198582,0.3985194324491055,0.7129938124702523,0.59375,0.5747889022919179,0.611731843575419,0.5296803652968036,0.2204724409448819,0.329905503057254,0.48804199883336574,0.5149270482603816,0.8566399374144338,0.5082872928176796,0.6888347695766205
136,0.582,0.54755,0.02,0.6131424188187165,0.7614933662449861,0.6991549295774648,0.3883495145631068,0.6352201257861635,0.31736526946107785,0.8617021276595744,0.40160394818013573,0.7415516420752023,0.5982142857142857,0.5636308805790109,0.6005586592178771,0.4622019279553526,0.25196850393700787,0.368260144524736,0.4695702897141746,0.6222222222222222,0.8861725014668492,0.6132596685082873,0.7068190333458224
137,0.59,0.5465199999999999,0.02,0.6514957811301457,0.759642085775995,0.7062910798122066,0.37540453074433655,0.6345911949685534,0.3263473053892216,0.849645390070922,0.3689080814312153,0.695383150880533,0.6339285714285714,0.5925814234016887,0.6340782122905028,0.4885844748858447,0.25984251968503935,0.34769316286826013,0.4491541901613844,0.5362514029180696,0.8323880305104635,0.5580110497237569,0.7225552641438742
138,0.5762,0.54174,0.02,0.6550754282792125,0.796976241900648,0.676056338028169,0.3592233009708738,0.6264150943396226,0.30988023952095806,0.8489361702127659,0.36644046884639114,0.7120418848167539,0.6116071428571429,0.5814234016887817,0.611731843575419,0.49670218163368846,0.2283464566929134,0.3702056698165648,0.4870698036165662,0.5503928170594837,0.8607471151965578,0.5580110497237569,0.7047583364556014
139,0.5823,0.54515,0.02,0.6484275121452314,0.7815489046590558,0.6946478873239437,0.34951456310679613,0.6289308176100629,0.31736526946107785,0.850354609929078,0.37939543491671807,0.6982389338410281,0.6071428571428571,0.5787092882991556,0.6005586592178771,0.4535768645357686,0.2677165354330709,0.33824346859366317,0.48726424265992613,0.6004489337822672,0.8544885585761783,0.5966850828729282,0.6944548520044961
140,0.5705,0.54168,0.02,0.6200460240347737,0.7778463437210738,0.6965258215962441,0.3883495145631068,0.6257861635220126,0.31736526946107785,0.8567375886524823,0.38864898210980875,0.7482151356496907,0.6160714285714286,0.5765983112183354,0.5782122905027933,0.47995941146626075,0.25984251968503935,0.3802112284602557,0.49115302352712426,0.5423120089786756,0.8865636612556229,0.5580110497237569,0.696328212813788
141,0.5798,0.54619,0.02,0.6226029148555356,0.7658130206726319,0.6985915492957746,0.3883495145631068,0.6415094339622641,0.3278443113772455,0.8453900709219858,0.418877236273905,0.746311280342694,0.6383928571428571,0.5838359469240049,0.5837988826815642,0.4835109081684424,0.25984251968503935,0.36436909394107836,0.4606260937196189,0.5970819304152637,0.8773714062194407,0.585635359116022,0.7032596478081679
142,0.5741,0.54229,0.02,0.6474047558169266,0.7954335081764887,0.7021596244131455,0.32362459546925565,0.6169811320754717,0.3263473053892216,0.8574468085106383,0.3867982726711906,0.7049024274155165,0.6026785714285714,0.5606151990349819,0.5949720670391061,0.4824961948249619,0.2440944881889764,0.2951639799888827,0.5111802449931946,0.5966329966329966,0.8636808136123606,0.6077348066298343,0.6770325964780817
143,0.5832,0.5447,0.02,0.6665814369726413,0.7957420549213206,0.6923943661971831,0.4077669902912621,0.6496855345911949,0.3263473053892216,0.8546099290780141,0.3504009870450339,0.6872917658257972,0.6116071428571429,0.6058504221954162,0.6229050279329609,0.5114155251141552,0.23622047244094488,0.3843802112284603,0.5051526346490375,0.5257014590347924,0.8337570897711716,0.5469613259668509,0.6721618583739228
144,0.5811,0.54615,0.02,0.6156993096394784,0.7547053378586855,0.7023474178403756,0.3883495145631068,0.6477987421383647,0.3248502994011976,0.8468085106382979,0.38433066008636646,0.7439314612089482,0.6339285714285714,0.5850422195416164,0.6145251396648045,0.46930492135971585,0.23622047244094488,0.3888271261812118,0.4804588761423294,0.6251402918069585,0.8672012517113241,0.6408839779005525,0.7066316972648932
145,0.5812,0.54252,0.02,0.6775760675019177,0.7858685590867016,0.6940845070422536,0.36245954692556637,0.6641509433962264,0.32934131736526945,0.8411347517730496,0.3392967304133251,0.661113755354593,0.6473214285714286,0.6248492159227985,0.6368715083798883,0.5205479452054794,0.2204724409448819,0.32962757087270705,0.4952362434376823,0.5059483726150393,0.8032466262468219,0.5248618784530387,0.6931434994379918
146,0.5797,0.54491,0.02,0.636154436205574,0.7883369330453563,0.6903286384976526,0.4336569579288026,0.6327044025157232,0.3263473053892216,0.850354609929078,0.36520666255397904,0.7405997144217039,0.6473214285714286,0.5693606755126659,0.5698324022346368,0.4698122780314561,0.25984251968503935,0.40994997220678153,0.5102080497763951,0.6038159371492705,0.8748288675924115,0.6077348066298343,0.7019482952416636
147,0.6,0.55096,0.02,0.6860138072104321,0.7553224313483493,0.7010328638497653,0.40129449838187703,0.6490566037735849,0.33083832335329344,0.8574468085106383,0.3207896360271437,0.6473108043788672,0.625,0.6112786489746683,0.6731843575418994,0.5154743784880771,0.25196850393700787,0.3557531962201223,0.45907058137273965,0.5584736251402918,0.7901427733229024,0.569060773480663,0.6912701386286999
148,0.5826,0.54616,0.02,0.6440807977499361,0.804689910521444,0.6982159624413146,0.40129449838187703,0.6408805031446541,0.3143712574850299,0.8539007092198582,0.34978408389882787,0.7382198952879581,0.6116071428571429,0.5729794933655006,0.5837988826815642,0.45256215119228815,0.2440944881889764,0.368260144524736,0.5216799533346296,0.619304152637486,0.8628984940348132,0.6077348066298343,0.6798426376920195
149,0.5824,0.54054,0.02,0.6734850421886985,0.7846343721073743,0.7049765258215962,0.3851132686084142,0.6270440251572327,0.3263473053892216,0.8588652482269503,0.34361505243676743,0.6634935744883389,0.6071428571428571,0.5931845597104946,0.6508379888268156,0.5286656519533232,0.25196850393700787,0.3765981100611451,0.4660703869336963,0.5041526374859708,0.8214355564247995,0.4972375690607735,0.6890221056575496
150,0.5891,0.5485599999999999,0.02,0.6325747890565073,0.763653193458809,0.7111737089201878,0.35275080906148865,0.6176100628930817,0.3263473053892216,0.8581560283687943,0.39111659469463295,0.7172774869109948,0.6116071428571429,0.5554885404101327,0.5977653631284916,0.4408929477422628,0.2440944881889764,0.348804891606448,0.47929224188216996,0.6819304152637486,0.8574222569919813,0.6298342541436464,0.7028849756463095
151,0.5692,0.53891,0.02,0.6443364868320123,0.7658130206726319,0.7102347417840376,0.3883495145631068,0.650314465408805,0.3203592814371258,0.8489361702127659,0.37322640345465763,0.7077582103760114,0.6071428571428571,0.6127864897466827,0.6089385474860335,0.5799086757990868,0.25196850393700787,0.34491384102279043,0.47929224188216996,0.4401795735129068,0.8411891257578721,0.5027624309392266,0.7098164106406893
152,0.5831,0.54497,0.02,0.6392227051904884,0.7809318111693921,0.6766197183098591,0.3948220064724919,0.6540880503144654,0.3158682634730539,0.8553191489361702,0.3775447254780999,0.7372679676344598,0.6339285714285714,0.5799155609167672,0.5949720670391061,0.46473871131405375,0.25984251968503935,0.37770983879933295,0.5014582928251993,0.6244668911335578,0.8664189321337766,0.6685082872928176,0.6925814911952042
153,0.5725,0.53864,0.02,0.6517514702122219,0.7744523295279235,0.6871361502347418,0.44336569579288027,0.6358490566037736,0.3188622754491018,0.8595744680851064,0.34361505243676743,0.7039504997620181,0.6026785714285714,0.600422195416164,0.6201117318435754,0.5454084221207509,0.2283464566929134,0.42996108949416345,0.48512541318296715,0.47586980920314254,0.8490123215333464,0.5248618784530387,0.6959535406519296
154,0.5796,0.5424399999999999,0.02,0.6563538736895934,0.7815489046590558,0.7107981220657277,0.32362459546925565,0.6213836477987421,0.2994011976047904,0.8624113475177305,0.36397285626156695,0.7077582103760114,0.625,0.5702653799758746,0.6368715083798883,0.4901065449010654,0.2755905511811024,0.3568649249583102,0.5035971223021583,0.6002244668911335,0.8470565225894778,0.6464088397790055,0.6830273510678156
155,0.5799,0.54386,0.02,0.6236256711838405,0.7469916692378895,0.7226291079812207,0.36893203883495146,0.620125786163522,0.3263473053892216,0.8617021276595744,0.37199259716224553,0.7344121846739647,0.6071428571428571,0.5539806996381182,0.611731843575419,0.48756976154236426,0.2440944881889764,0.36770428015564205,0.4635426793700175,0.5865319865319866,0.8683747310776452,0.6187845303867403,0.7227426002248033
156,0.5969,0.5471199999999999,0.02,0.6566095627716696,0.7735266892934279,0.684319248826291,0.3883495145631068,0.6584905660377358,0.3248502994011976,0.8574468085106383,0.31276989512646514,0.6868158019990481,0.6160714285714286,0.6010253317249699,0.6033519553072626,0.47387113140537795,0.25196850393700787,0.4118954974986103,0.46782033832393544,0.5995510662177329,0.8359084686094269,0.6187845303867403,0.7055076807793181
157,0.5732,0.53682,0.02,0.6502173357197648,0.7658130206726319,0.7029107981220657,0.3948220064724919,0.620754716981132,0.3158682634730539,0.8659574468085106,0.3417643429981493,0.7006187529747739,0.6026785714285714,0.5768998793727382,0.6340782122905028,0.528158295281583,0.25196850393700787,0.434130072262368,0.4973750729146413,0.4940516273849607,0.8392333268140035,0.5359116022099447,0.6944548520044961
158,0.5907,0.54988,0.02,0.6325747890565073,0.7639617402036408,0.711924882629108,0.36245954692556637,0.6509433962264151,0.3263473053892216,0.8567375886524823,0.3800123380629241,0.7177534507377439,0.6428571428571429,0.5732810615199035,0.6145251396648045,0.450025367833587,0.23622047244094488,0.3707615341856587,0.4594594594594595,0.6383838383838384,0.8627029141404263,0.6464088397790055,0.7111277632071937
159,0.5718,0.5393,0.02,0.6330861672206597,0.7738352360382598,0.6788732394366197,0.40129449838187703,0.6364779874213836,0.32934131736526945,0.8588652482269503,0.3479333744602097,0.7348881485007139,0.6205357142857143,0.5844390832328106,0.5893854748603352,0.5083713850837138,0.25984251968503935,0.3841022790439133,0.510402488819755,0.5494949494949495,0.8650498728730687,0.5580110497237569,0.7045710003746721
160,0.5897,0.54289,0.02,0.6691383277934032,0.7800061709348967,0.6644131455399062,0.4077669902912621,0.6396226415094339,0.32934131736526945,0.8425531914893617,0.32757557063541026,0.6763445978105664,0.6026785714285714,0.5989143546441495,0.6312849162011173,0.4759005580923389,0.2283464566929134,0.4030016675931073,0.47540346101497183,0.5712682379349046,0.8216311363191864,0.5966850828729282,0.6997002622705133
161,0.5811,0.5432400000000001,0.02,0.6550754282792125,0.7769207034865783,0.6820657276995306,0.3592233009708738,0.6415094339622641,0.3263473053892216,0.851063829787234,0.3837137569401604,0.7158495954307472,0.6294642857142857,0.5781061519903499,0.6089385474860335,0.4627092846270928,0.25196850393700787,0.3841022790439133,0.4864864864864865,0.6053872053872054,0.8523371797379229,0.6077348066298343,0.7075683776695392
162,0.5644,0.53829,0.02,0.6238813602659167,0.7735266892934279,0.6961502347417841,0.39158576051779936,0.6509433962264151,0.3263473053892216,0.8524822695035461,0.40900678593460826,0.7425035697287006,0.65625,0.5841375150784077,0.5949720670391061,0.49670218163368846,0.23622047244094488,0.386881600889383,0.5026249270853588,0.5261503928170594,0.8818697437903383,0.6022099447513812,0.6987635818658674
163,0.5822,0.54389,0.02,0.636154436205574,0.7763036099969145,0.6878873239436619,0.3883495145631068,0.6320754716981132,0.3188622754491018,0.8609929078014185,0.3553362122146823,0.7139457401237506,0.6339285714285714,0.571773220747889,0.6145251396648045,0.4794520547945205,0.25196850393700787,0.3949416342412451,0.4965973167412016,0.5925925925925926,0.8701349501271269,0.6022099447513812,0.7060696890221057
164,0.5703,0.53788,0.02,0.6300178982357454,0.7602591792656588,0.6899530516431925,0.39158576051779936,0.6616352201257861,0.3188622754491018,0.8475177304964538,0.35780382479950645,0.7358400761542123,0.6473214285714286,0.606151990349819,0.6424581005586593,0.5220700152207002,0.2440944881889764,0.39744302390216785,0.48065331518568927,0.5153759820426487,0.8625073342460395,0.5303867403314917,0.7143124765829899
165,0.5917,0.54935,0.02,0.6369215034518027,0.7503856834310398,0.7064788732394366,0.36245954692556637,0.6477987421383647,0.3323353293413174,0.850354609929078,0.3726095003084516,0.7025226082817706,0.6116071428571429,0.5853437876960192,0.611731843575419,0.4576357179096905,0.30708661417322836,0.348804891606448,0.47307019249465293,0.6464646464646465,0.8476432622726384,0.6408839779005525,0.7167478456350693
166,0.5565,0.53393,0.02,0.623114293019688,0.7781548904659056,0.6786854460093896,0.4077669902912621,0.6295597484276729,0.3188622754491018,0.8468085106382979,0.36520666255397904,0.7629700142789148,0.625,0.5907720144752714,0.6005586592178771,0.5535261288685946,0.23622047244094488,0.4018899388549194,0.5107913669064749,0.4691358024691358,0.8883238803051047,0.5082872928176796,0.7156238291494942
167,0.6008,0.54749,0.02,0.7105599590897469,0.7704412218451095,0.6901408450704225,0.3559870550161812,0.6327044025157232,0.33083832335329344,0.8489361702127659,0.3362122146822949,0.626844359828653,0.6294642857142857,0.6031363088057901,0.6731843575418994,0.47387113140537795,0.29133858267716534,0.349082823790995,0.4897919502236049,0.5984287317620651,0.7877958145902602,0.5911602209944752,0.6942675159235668
168,0.5635,0.53818,0.02,0.6057274354385068,0.7584078987966677,0.6835680751173709,0.3786407766990291,0.6446540880503144,0.32335329341317365,0.8652482269503546,0.41579272054287475,0.7801047120418848,0.6428571428571429,0.5768998793727382,0.5726256983240223,0.502283105022831,0.2440944881889764,0.37770983879933295,0.4670425821504958,0.5470258136924804,0.9067083903774692,0.5911602209944752,0.7135631322592731
169,0.6017,0.55062,0.02,0.6860138072104321,0.7584078987966677,0.6967136150234742,0.3559870550161812,0.6647798742138364,0.33532934131736525,0.8560283687943262,0.34361505243676743,0.6373155640171347,0.6294642857142857,0.6227382388419783,0.6480446927374302,0.4713343480466768,0.2755905511811024,0.34463590883824347,0.4894030721368851,0.6148148148148148,0.7924897320555447,0.6187845303867403,0.7116897714499812
170,0.5701,0.539,0.02,0.6264382510866786,0.7614933662449861,0.7092957746478873,0.39158576051779936,0.6176100628930817,0.3278443113772455,0.8673758865248227,0.40160394818013573,0.7405997144217039,0.625,0.5651387213510254,0.61731843575419,0.47387113140537795,0.2440944881889764,0.36464702612562533,0.47618121718841144,0.5964085297418631,0.8785448855857618,0.6132596685082873,0.7056950168602473
171,0.5991,0.5462400000000001,0.02,0.6931731015085656,0.7747608762727554,0.6747417840375587,0.4045307443365696,0.6553459119496855,0.3338323353293413,0.8304964539007093,0.30721776681061075,0.6363636363636364,0.6160714285714286,0.6049457177322075,0.664804469273743,0.48148148148148145,0.2755905511811024,0.3952195664257921,0.4905697063970445,0.5775533108866442,0.7864267553295521,0.5966850828729282,0.7186212064443612
172,0.5726,0.54111,0.02,0.6246484275121452,0.7692070348657821,0.7132394366197183,0.39805825242718446,0.6220125786163522,0.33532934131736525,0.851063829787234,0.37199259716224553,0.7425035697287006,0.6205357142857143,0.5690591073582629,0.6229050279329609,0.5058346017250127,0.2204724409448819,0.36937187326292387,0.5090414155162356,0.559371492704826,0.86993937023274,0.5966850828729282,0.721431247658299
173,0.5772,0.5431,0.02,0.6384556379442597,0.7627275532243135,0.6890140845070423,0.3656957928802589,0.6283018867924528,0.33083832335329344,0.8581560283687943,0.3849475632325725,0.7301285102332222,0.6517857142857143,0.5768998793727382,0.61731843575419,0.4779299847792998,0.25984251968503935,0.34658143413007225,0.48298658370600817,0.5948372615039281,0.8638763935067475,0.6187845303867403,0.7212439115773698
174,0.58,0.5439299999999999,0.02,0.6300178982357454,0.7701326751002777,0.6933333333333334,0.42394822006472493,0.6383647798742138,0.32335329341317365,0.8581560283687943,0.38433066008636646,0.7168015230842456,0.6116071428571429,0.5922798552472859,0.6229050279329609,0.5078640284119736,0.23622047244094488,0.41245136186770426,0.4752090219716119,0.5402918069584737,0.8585957363583023,0.585635359116022,0.7019482952416636
175,0.5835,0.54377,0.02,0.6468933776527742,0.7834001851280469,0.6873239436619718,0.41423948220064727,0.630188679245283,0.31137724550898205,0.8390070921985816,0.34608266502159163,0.7015706806282722,0.6160714285714286,0.5895657418576599,0.6033519553072626,0.4672754946727549,0.25196850393700787,0.3746525847693163,0.49484736535096246,0.6060606060606061,0.8558576178368864,0.6077348066298343,0.714499812663919
176,0.5763,0.5402,0.02,0.6670928151367936,0.7747608762727554,0.7046009389671362,0.41423948220064727,0.6421383647798742,0.3188622754491018,0.8439716312056738,0.3207896360271437,0.6601618277010948,0.6026785714285714,0.6272617611580217,0.6312849162011173,0.5748351090816844,0.23622047244094488,0.40439132851584214,0.47909780283881004,0.4671156004489338,0.8233913553686681,0.5469613259668509,0.6946421880854252
177,0.5915,0.5509999999999999,0.02,0.6113525952441831,0.7531626041345264,0.6931455399061033,0.4401294498381877,0.6635220125786163,0.32335329341317365,0.8460992907801419,0.3658235657001851,0.7187053783912423,0.6071428571428571,0.5998190591073582,0.5949720670391061,0.4743784880771182,0.25196850393700787,0.4160644802668149,0.4684036554540152,0.6181818181818182,0.8722863289653824,0.6408839779005525,0.7085050580741851
178,0.5835,0.54447,0.02,0.6474047558169266,0.7834001851280469,0.6809389671361502,0.39805825242718446,0.6283018867924528,0.3263473053892216,0.8645390070921986,0.33867982726711904,0.7125178486435031,0.6116071428571429,0.5868516284680337,0.6201117318435754,0.5180111618467783,0.2204724409448819,0.3827126181211784,0.4923196577872837,0.524354657687991,0.8468609426950909,0.569060773480663,0.7227426002248033
179,0.5815,0.54379,0.02,0.6420352850933265,0.7766121567417463,0.6916431924882629,0.4077669902912621,0.6547169811320754,0.3338323353293413,0.8482269503546099,0.36397285626156695,0.7106139933365064,0.6116071428571429,0.5916767189384801,0.6201117318435754,0.48300355149670215,0.2440944881889764,0.386881600889383,0.4921252187439238,0.5829405162738496,0.8535106591042441,0.5911602209944752,0.714499812663919
180,0.5898,0.5455500000000001,0.02,0.6729736640245462,0.7849429188522061,0.6783098591549296,0.4110032362459547,0.630188679245283,0.30988023952095806,0.8581560283687943,0.3689080814312153,0.6777724892908139,0.6205357142857143,0.5814234016887817,0.6396648044692738,0.4596651445966514,0.2677165354330709,0.3782657031684269,0.4930974139607233,0.6092031425364759,0.8292587522002738,0.6243093922651933,0.6955788684900712
181,0.5679,0.53892,0.02,0.6353873689593454,0.7574822585621722,0.691830985915493,0.3948220064724919,0.6553459119496855,0.3278443113772455,0.8652482269503546,0.3689080814312153,0.7206092336982389,0.6428571428571429,0.603437876960193,0.6256983240223464,0.5494672754946728,0.23622047244094488,0.3743746525847693,0.5043748784755979,0.4657687991021324,0.8556620379424995,0.5469613259668509,0.726489321843387
182,0.5939,0.5514,0.02,0.662234722577346,0.7855600123418698,0.6953990610328639,0.4077669902912621,0.6635220125786163,0.31736526946107785,0.85177304964539,0.3571869216533004,0.6934792955735364,0.6294642857142857,0.5983112183353438,0.6256983240223464,0.4505327245053272,0.2440944881889764,0.38299055030572543,0.5123468792533541,0.6125701459034792,0.8341482495599453,0.6298342541436464,0.7040089921318846
183,0.5844,0.5437200000000001,0.02,0.680644336486832,0.7877198395556927,0.7132394366197183,0.42394822006472493,0.630817610062893,0.30988023952095806,0.85177304964539,0.32942628007402835,0.6554021894336031,0.5892857142857143,0.6028347406513872,0.659217877094972,0.5317097919837646,0.2440944881889764,0.38243468593663144,0.483375461792728,0.5209876543209877,0.8274985331507921,0.574585635359116,0.6824653428250281
184,0.5954,0.54632,0.02,0.6548197391971363,0.7642702869484727,0.6895774647887324,0.45307443365695793,0.6364779874213836,0.3263473053892216,0.8659574468085106,0.35225169648365207,0.6925273679200381,0.59375,0.5808202653799759,0.6368715083798883,0.4637239979705733,0.25984251968503935,0.42773763201778764,0.47637565623177136,0.622895622895623,0.846665362800704,0.6408839779005525,0.6980142375421506
185,0.5882,0.5470599999999999,0.02,0.6550754282792125,0.759642085775995,0.7147417840375587,0.4174757281553398,0.6389937106918239,0.33083832335329344,0.8638297872340426,0.351634793337446,0.6982389338410281,0.6071428571428571,0.5904704463208685,0.6368715083798883,0.541349568746829,0.2440944881889764,0.39994441356309063,0.4748201438848921,0.5180695847362514,0.8337570897711716,0.56353591160221,0.7219932559010865
186,0.5961,0.5484899999999999,0.02,0.6865251853745845,0.7895711200246838,0.6908920187793427,0.3818770226537217,0.6566037735849056,0.3203592814371258,0.8432624113475178,0.33806292412091304,0.6601618277010948,0.6339285714285714,0.606453558504222,0.6452513966480447,0.45865043125317095,0.25196850393700787,0.377153974430239,0.516818977250632,0.622895622895623,0.8153725796988069,0.6519337016574586,0.6946421880854252
187,0.578,0.5423600000000001,0.02,0.6261825620046024,0.7503856834310398,0.7149295774647887,0.42718446601941745,0.6396226415094339,0.32934131736526945,0.8560283687943262,0.378778531770512,0.7153736316039981,0.6428571428571429,0.5811218335343787,0.611731843575419,0.5083713850837138,0.2204724409448819,0.3921623123957754,0.4608205327629788,0.571043771043771,0.8677879913944846,0.5911602209944752,0.7189958786062196
188,0.6095,0.55137,0.02,0.704167732037842,0.7867941993211972,0.6970892018779342,0.39805825242718446,0.6509433962264151,0.3338323353293413,0.8397163120567376,0.30598396051819865,0.6249405045216564,0.6026785714285714,0.603437876960193,0.6536312849162011,0.4637239979705733,0.25984251968503935,0.39549749861033906,0.5098191716896753,0.6190796857463524,0.7846665362800704,0.6408839779005525,0.6998875983514425
189,0.5706,0.5408,0.02,0.6072615699309639,0.7491514964517124,0.7179342723004695,0.4563106796116505,0.6628930817610063,0.3323353293413174,0.8425531914893617,0.3750771128932758,0.7415516420752023,0.6339285714285714,0.6052472858866104,0.5977653631284916,0.5246067985794013,0.2204724409448819,0.41939966648137855,0.4641259965000972,0.5328843995510663,0.8799139448464698,0.56353591160221,0.7150618209067067
190,0.5933,0.54764,0.02,0.6520071592942981,0.7651959271829682,0.7094835680751174,0.4174757281553398,0.6383647798742138,0.3278443113772455,0.8574468085106383,0.3466995681677977,0.7044264635887673,0.6517857142857143,0.580518697225573,0.61731843575419,0.45104008117706745,0.25984251968503935,0.3752084491384102,0.47112580206105387,0.650729517396184,0.8507725405828281,0.6408839779005525,0.721431247658299
191,0.5586,0.53623,0.02,0.6128867297366403,0.7627275532243135,0.7021596244131455,0.44336569579288027,0.6446540880503144,0.3218562874251497,0.8624113475177305,0.4034546576187539,0.7534507377439315,0.6473214285714286,0.5937876960193004,0.5754189944134078,0.5504819888381532,0.2125984251968504,0.37131739855475265,0.48143107135912894,0.5095398428731762,0.8926266379816155,0.5193370165745856,0.7259273136005995
192,0.5963,0.54851,0.02,0.6591664535924316,0.7688984881209503,0.7072300469483568,0.4401294498381877,0.6597484276729559,0.3398203592814371,0.8468085106382979,0.33312769895126465,0.6801523084245598,0.6339285714285714,0.603437876960193,0.6368715083798883,0.4728564180618975,0.23622047244094488,0.3932740411339633,0.48570873031304684,0.6305274971941639,0.8267162135732447,0.6077348066298343,0.7011989509179468
193,0.5689,0.54203,0.02,0.6223472257734595,0.7766121567417463,0.7128638497652582,0.3851132686084142,0.6572327044025157,0.3158682634730539,0.8546099290780141,0.39790252930289943,0.7639219419324131,0.6428571428571429,0.5928829915560917,0.5893854748603352,0.4987316083206494,0.2047244094488189,0.3432462479155086,0.5039860003888781,0.5622895622895623,0.8814785840015646,0.569060773480663,0.7257399775196703
194,0.6012,0.5506800000000001,0.02,0.6645359243160317,0.7590249922863314,0.7070422535211267,0.45307443365695793,0.6270440251572327,0.3248502994011976,0.8468085106382979,0.32449105490438,0.6701570680628273,0.6205357142857143,0.5928829915560917,0.6256983240223464,0.47995941146626075,0.25984251968503935,0.4224569205113952,0.47151468014777365,0.6094276094276094,0.8204576569528652,0.5966850828729282,0.7038216560509554
195,0.5867,0.54789,0.02,0.6609562771669649,0.779389077445233,0.7072300469483568,0.3592233009708738,0.6559748427672956,0.3188622754491018,0.8482269503546099,0.3849475632325725,0.6844359828653023,0.6383928571428571,0.6067551266586249,0.6340782122905028,0.4987316083206494,0.2283464566929134,0.28071150639244025,0.4921252187439238,0.6008978675645342,0.8302366516722081,0.585635359116022,0.7150618209067067
196,0.5788,0.54411,0.02,0.6228586039376118,0.783091638383215,0.68,0.44983818770226536,0.650314465408805,0.3068862275449102,0.8716312056737588,0.38433066008636646,0.7539267015706806,0.6428571428571429,0.5886610373944512,0.5893854748603352,0.47995941146626075,0.2204724409448819,0.3932740411339633,0.47695897336185106,0.5627384960718294,0.8840211226285938,0.5911602209944752,0.7270513300861746
197,0.5937,0.54935,0.02,0.6527742265405267,0.7722925023141006,0.700093896713615,0.46601941747572817,0.6421383647798742,0.32335329341317365,0.849645390070922,0.34114743985194323,0.6991908614945264,0.6026785714285714,0.5793124246079614,0.6145251396648045,0.4728564180618975,0.2440944881889764,0.3971650917176209,0.48006999805560957,0.5997755331088664,0.8392333268140035,0.6022099447513812,0.7248032971150243
198,0.5871,0.5474,0.02,0.6630017898235745,0.7735266892934279,0.7365258215962441,0.39805825242718446,0.6459119496855346,0.33532934131736525,0.8716312056737588,0.3417643429981493,0.6882436934792956,0.6294642857142857,0.5986127864897467,0.6340782122905028,0.5139523084728564,0.2204724409448819,0.37882156753752083,0.4839587789228077,0.5281705948372615,0.8349305691374926,0.5359116022099447,0.6920194829524167
199,0.5933,0.54916,0.02,0.6614676553311174,0.771366862079605,0.7102347417840376,0.45307443365695793,0.6679245283018868,0.3398203592814371,0.8539007092198582,0.33436150524367675,0.6896715849595431,0.6294642857142857,0.6136911942098915,0.6145251396648045,0.4835109081684424,0.23622047244094488,0.4110617009449694,0.47773672953529067,0.578675645342312,0.8257383141013104,0.574585635359116,0.704383664293743
