round,global_acc,per_client_gen_acc,local_c00,local_c01,local_c02,local_c03,local_c04,local_c05,local_c06,local_c07,local_c08,local_c09,local_c10,local_c11,local_c12,local_c13,local_c14,local_c15,local_c16,local_c17,local_c18,local_c19
0,0.1833,0.1833,0.22039473684210525,0.004324992276799506,0.00244085617724371,0.032362459546925564,0.032989003665444855,0.016666666666666666,0.17861409796893668,0.29596412556053814,0.6270669040956499,0.14049586776859505,0.3633136094674556,0.28133704735376047,0.07422266800401203,0.19393939393939394,0.1345258515069836,0.24306375442739078,0.0197869101978691,0.3054285146152317,0.12048192771084337,0.036347318824321295
1,0.2492,0.2492,0.23152834008097167,0.05220883534136546,0.004130679684566279,0.038834951456310676,0.03532155948017328,0.027777777777777776,0.3697729988052569,0.2836322869955157,0.688120071228695,0.17355371900826447,0.31715976331360946,0.584958217270195,0.5667001003009027,0.20606060606060606,0.1391815731438373,0.40289256198347106,0.01902587519025875,0.3821833366474448,0.1566265060240964,0.05339914740857079
2,0.3527,0.3527,0.30516194331983804,0.1692925548347235,0.07566654149455501,0.05825242718446602,0.03898700433188937,0.04861111111111111,0.45101553166069297,0.27914798206278024,0.6840498600864919,0.19834710743801653,0.25680473372781065,0.6768802228412256,0.7291875626880642,0.21515151515151515,0.13379073756432247,0.6884592680047226,0.3226788432267884,0.5321137403062239,0.5301204819277109,0.16535786403410366
3,0.4074,0.4074,0.37955465587044535,0.2548656163113994,0.1002628614344724,0.06796116504854369,0.09896701099633455,0.11388888888888889,0.46176821983273597,0.288677130044843,0.7265326888832359,0.23140495867768596,0.32662721893491126,0.6545961002785515,0.6559679037111334,0.2636363636363636,0.13575104141141878,0.7162042502951594,0.3919330289193303,0.6546033008550408,0.6024096385542169,0.3681848777204398
4,0.4375,0.4375,0.38309716599190285,0.26536916898362684,0.13086744273375892,0.08737864077669903,0.1186271242919027,0.11388888888888889,0.5002986857825568,0.2942825112107623,0.7244975833121343,0.2644628099173554,0.336094674556213,0.6908077994428969,0.7271815446339017,0.26666666666666666,0.1426121048762558,0.8299881936245572,0.5136986301369864,0.6607675482203221,0.6506024096385542,0.3834417769800314
5,0.4812,0.4812,0.42105263157894735,0.3083101637318505,0.20484416072099138,0.11326860841423948,0.19126957680773077,0.20833333333333334,0.5310633213859021,0.3066143497757848,0.7397608750953956,0.30578512396694213,0.3810650887573965,0.724233983286908,0.7602808425275828,0.296969696969697,0.15780445969125215,0.8472550177095631,0.5570776255707762,0.6758798965997216,0.6867469879518072,0.47812429885573254
6,0.5021,0.5021,0.45394736842105265,0.3453815261044177,0.29233946676680433,0.15210355987055016,0.2339220259913362,0.24583333333333332,0.5522700119474313,0.336322869955157,0.7512083439328415,0.371900826446281,0.41183431952662725,0.7409470752089137,0.7763289869608826,0.33636363636363636,0.18083802989463366,0.8469598583234947,0.5707762557077626,0.6854245376814476,0.6746987951807228,0.4985416199237155
7,0.5343,0.5343,0.47596153846153844,0.38770466481309857,0.31092752534735263,0.1488673139158576,0.2912362545818061,0.29305555555555557,0.5851254480286738,0.3312780269058296,0.7631645891630628,0.38016528925619836,0.43550295857988164,0.724233983286908,0.7783350050150452,0.35454545454545455,0.18524871355060035,0.8696871310507674,0.6270928462709284,0.7112746072777888,0.6867469879518072,0.5882880861566075
8,0.5563,0.5563,0.5118927125506073,0.41241890639481,0.3056702966579046,0.19093851132686085,0.34488503832055983,0.32222222222222224,0.6018518518518519,0.35818385650224216,0.7840244212668532,0.4049586776859504,0.48994082840236686,0.766016713091922,0.7743229689067201,0.4212121212121212,0.20289144817446705,0.8596517119244392,0.621765601217656,0.7122688407238019,0.7228915662650602,0.660758357639668
9,0.5696,0.5696,0.5237854251012146,0.4454742045103491,0.3481036425084491,0.22330097087378642,0.4041986004665112,0.37777777777777777,0.6364994026284349,0.3570627802690583,0.7926736199440346,0.4214876033057851,0.49940828402366866,0.7576601671309192,0.7963891675025075,0.4666666666666667,0.2195540308747856,0.8618654073199528,0.6293759512937596,0.7065022867369258,0.7590361445783133,0.654027372672201
10,0.5803,0.5803,0.5460526315789473,0.4544331170837195,0.3340217799474277,0.22006472491909385,0.4461846051316228,0.4125,0.6612903225806451,0.36995515695067266,0.8023403714067667,0.4297520661157025,0.5360946745562131,0.7604456824512534,0.7923771313941825,0.4909090909090909,0.2293555501102671,0.8615702479338843,0.6362252663622526,0.7267846490355936,0.7108433734939759,0.6668162441103882
11,0.592,0.592,0.5731275303643725,0.4850169910410874,0.4087495306045813,0.21359223300970873,0.42919026991003,0.425,0.6397849462365591,0.3772421524663677,0.8066649707453574,0.4297520661157025,0.5491124260355029,0.7743732590529248,0.7783350050150452,0.4818181818181818,0.2293555501102671,0.8547815820543093,0.6445966514459666,0.7452773911314376,0.6867469879518072,0.6865604666816244
12,0.6051,0.6051,0.5862854251012146,0.5112758727216559,0.42470897484040554,0.28802588996763756,0.457514161946018,0.4638888888888889,0.6571087216248507,0.422085201793722,0.8036123123887051,0.4793388429752066,0.5633136094674556,0.7632311977715878,0.7733199598796389,0.5121212121212121,0.280813526096545,0.8646694214876033,0.6712328767123288,0.7532312586995427,0.7590361445783133,0.6820731433699798
13,0.5978,0.5978,0.5984311740890689,0.5227062094531975,0.400675929402929,0.24271844660194175,0.44918360546484504,0.44027777777777777,0.6523297491039427,0.4069506726457399,0.8153141694225388,0.4297520661157025,0.5692307692307692,0.7855153203342619,0.7893681043129388,0.5151515151515151,0.26390590541533937,0.8627508854781583,0.6484018264840182,0.7474647047126666,0.7469879518072289,0.6589634283150101
14,0.6086,0.6086,0.6194331983805668,0.5505097312326228,0.41212917761922646,0.2750809061488673,0.45051649450183273,0.4791666666666667,0.6559139784946236,0.4192825112107623,0.8132790638514373,0.4628099173553719,0.5644970414201184,0.7827298050139275,0.7873620862587764,0.5151515151515151,0.28130360205831906,0.8804604486422668,0.6666666666666666,0.7506462517399085,0.7590361445783133,0.6865604666816244
15,0.6257,0.6257,0.603744939271255,0.5186901451961693,0.40405557641757417,0.3106796116504854,0.57080973008997,0.49027777777777776,0.7213261648745519,0.4489910313901345,0.813533452047825,0.48760330578512395,0.6236686390532544,0.7855153203342619,0.7803410230692076,0.5787878787878787,0.313893653516295,0.8636363636363636,0.6796042617960426,0.7868363491747863,0.7831325301204819,0.6980031411263181
16,0.627,0.627,0.6543522267206477,0.5801668211306765,0.4279008636875704,0.3042071197411003,0.502165944685105,0.5125,0.6851851851851852,0.4433856502242152,0.8186212159755787,0.512396694214876,0.6094674556213018,0.7994428969359332,0.7723169508525577,0.5636363636363636,0.3080127419750061,0.8581759149940968,0.6659056316590564,0.7910121296480414,0.7469879518072289,0.7031635629347095
17,0.6355,0.6355,0.6366396761133604,0.5613222119246216,0.4419827262485918,0.2686084142394822,0.5324891702765745,0.5166666666666667,0.7060931899641577,0.4310538116591928,0.8198931569575172,0.5206611570247934,0.6118343195266273,0.7938718662952646,0.7903711133400201,0.5757575757575758,0.2803234501347709,0.8797225501770957,0.6818873668188736,0.7854444223503678,0.7710843373493976,0.713484406551492
18,0.639,0.639,0.6563765182186235,0.5826382452888477,0.4560645888096132,0.2750809061488673,0.5594801732755748,0.5402777777777777,0.7207287933094385,0.43553811659192826,0.8221826507250064,0.5206611570247934,0.6236686390532544,0.7994428969359332,0.8054162487462387,0.6121212121212121,0.28865474148493014,0.8823789846517119,0.6902587519025876,0.7788824816066813,0.7469879518072289,0.6782589185550819
19,0.646,0.646,0.6447368421052632,0.561631139944393,0.4609463011641006,0.3074433656957929,0.5541486171276241,0.5236111111111111,0.7129629629629629,0.45403587443946186,0.8282879674383109,0.5371900826446281,0.6130177514792899,0.8050139275766016,0.8054162487462387,0.5969696969696969,0.3163440333251654,0.8832644628099173,0.693302891933029,0.789620202823623,0.7710843373493976,0.6980031411263181
20,0.6497,0.6497,0.6814271255060729,0.6014828544949027,0.44611340593315807,0.3106796116504854,0.574808397200933,0.5569444444444445,0.7180406212664278,0.460762331838565,0.8293055202238616,0.5206611570247934,0.6615384615384615,0.7938718662952646,0.794383149448345,0.6151515151515151,0.31413869149718204,0.8810507674144038,0.6902587519025876,0.78484788228276,0.7349397590361446,0.7112407448956697
21,0.6605,0.6605,0.6697874493927125,0.5937596540006178,0.5167104769057455,0.29449838187702265,0.6164611796067977,0.5777777777777777,0.7386499402628435,0.4551569506726457,0.8254896972780463,0.5371900826446281,0.6579881656804734,0.8022284122562674,0.7953861584754263,0.6151515151515151,0.3033570203381524,0.8714580873671782,0.7100456621004566,0.795983296878107,0.8072289156626506,0.7332286291227282
22,0.6585,0.6585,0.6811740890688259,0.6200185356811863,0.5107022155463763,0.30097087378640774,0.5498167277574142,0.5652777777777778,0.7060931899641577,0.4680493273542601,0.8315950139913508,0.5371900826446281,0.6366863905325444,0.807799442896936,0.7923771313941825,0.6121212121212121,0.3107081597647635,0.8828217237308147,0.7062404870624048,0.8015510041757805,0.7831325301204819,0.713484406551492
23,0.661,0.661,0.6880060728744939,0.6274328081556997,0.4862936537739392,0.3300970873786408,0.6124625124958347,0.5777777777777777,0.7395459976105138,0.4758968609865471,0.8290511320274739,0.5371900826446281,0.6603550295857988,0.7994428969359332,0.8044132397191575,0.6272727272727273,0.33325165400637097,0.8828217237308147,0.7070015220700152,0.7989659972161464,0.7590361445783133,0.6989006057886471
24,0.6656,0.6656,0.6887651821862348,0.6042632066728453,0.4705219677055952,0.3786407766990291,0.6291236254581806,0.5902777777777778,0.7461170848267622,0.5106502242152466,0.8369371661154923,0.5537190082644629,0.6745562130177515,0.807799442896936,0.8004012036108324,0.6212121212121212,0.3768684146042637,0.8800177095631642,0.715372907153729,0.7957844501889043,0.7349397590361446,0.7040610275970384
25,0.6707,0.6707,0.6907894736842105,0.632375656472042,0.5035674051821254,0.34951456310679613,0.6254581806064645,0.6013888888888889,0.7386499402628435,0.48094170403587444,0.8394810480793691,0.5537190082644629,0.6627218934911243,0.8022284122562674,0.7893681043129388,0.6333333333333333,0.35383484440088214,0.8817886658795749,0.715372907153729,0.7910121296480414,0.7951807228915663,0.7374915862687906
26,0.6735,0.6735,0.6930668016194332,0.6215631757800433,0.498685692827638,0.3592233009708738,0.6537820726424525,0.6069444444444444,0.754778972520908,0.49327354260089684,0.8458407529890614,0.5454545454545454,0.6828402366863905,0.7994428969359332,0.7833500501504513,0.6242424242424243,0.346483704974271,0.8689492325855962,0.713089802130898,0.8192483595148141,0.8072289156626506,0.7581332735023558
27,0.6745,0.6745,0.7042004048582996,0.6357738646895273,0.5356740518212543,0.3559870550161812,0.6451182939020327,0.6180555555555556,0.7577658303464755,0.49551569506726456,0.8377003307046553,0.5371900826446281,0.6710059171597633,0.807799442896936,0.8144433299899699,0.6393939393939394,0.346483704974271,0.8927095631641087,0.7313546423135464,0.8033406243786041,0.7710843373493976,0.6944132824770025
28,0.6755,0.6755,0.7026821862348178,0.6221810318195861,0.530229064964326,0.3592233009708738,0.6511162945684772,0.6097222222222223,0.7598566308243727,0.5072869955156951,0.8455863647926736,0.5537190082644629,0.6899408284023668,0.8272980501392758,0.7963891675025075,0.6424242424242425,0.35873560401862287,0.8723435655253837,0.715372907153729,0.8128852654603301,0.7831325301204819,0.7318824321292349
29,0.6805,0.6805,0.708502024291498,0.6354649366697559,0.5245963199399174,0.343042071197411,0.6371209596801066,0.6069444444444444,0.7556750298685783,0.5016816143497758,0.8529636224879166,0.5371900826446281,0.6887573964497041,0.7966573816155988,0.7863590772316951,0.6454545454545455,0.35824552805684884,0.8721959858323495,0.7161339421613394,0.822429906542056,0.7951807228915663,0.7428763742427642
30,0.6803,0.6803,0.7049595141700404,0.6336113685511275,0.4909876079609463,0.36893203883495146,0.6377874041986005,0.5930555555555556,0.766726403823178,0.5,0.8506741287204274,0.5619834710743802,0.6792899408284023,0.8189415041782729,0.8144433299899699,0.6363636363636364,0.36314628767458956,0.8924144037780402,0.7222222222222222,0.8148737323523564,0.7590361445783133,0.7462418667264976
31,0.688,0.688,0.7148279352226721,0.6416434970651839,0.5396169733383402,0.36245954692556637,0.6737754081972676,0.6111111111111112,0.7747909199522103,0.507847533632287,0.8468583057746121,0.5537190082644629,0.6970414201183432,0.8050139275766016,0.7823470411233701,0.6484848484848484,0.3626562117128155,0.8876918536009445,0.745814307458143,0.8254126068800954,0.7590361445783133,0.7336773614538927
32,0.684,0.684,0.7069838056680162,0.6391720729070126,0.5182125422455877,0.3818770226537217,0.6561146284571809,0.6208333333333333,0.766726403823178,0.5224215246636771,0.8539811752734673,0.5867768595041323,0.693491124260355,0.8161559888579387,0.8034102306920762,0.6424242424242425,0.3844645920117618,0.894185360094451,0.7404870624048706,0.8174587393119904,0.7710843373493976,0.7181960960287189
33,0.6893,0.6893,0.7206477732793523,0.6530738337967253,0.5232820127675554,0.3883495145631068,0.6951016327890703,0.6347222222222222,0.7777777777777778,0.522982062780269,0.8473670821673874,0.5785123966942148,0.7029585798816568,0.8161559888579387,0.7783350050150452,0.6606060606060606,0.38961038961038963,0.8804604486422668,0.73896499238965,0.8232252932988666,0.7710843373493976,0.7428763742427642
34,0.6847,0.6847,0.7029352226720648,0.6227988878591288,0.5392414570033797,0.39805825242718446,0.6754415194935022,0.6041666666666666,0.7768817204301075,0.5263452914798207,0.861612821165098,0.5702479338842975,0.7053254437869823,0.8133704735376045,0.7933801404212638,0.6393939393939394,0.40112717471208037,0.8887249114521841,0.73896499238965,0.8299860807317558,0.7831325301204819,0.7305362351357415
35,0.692,0.692,0.708248987854251,0.6376274328081557,0.5546376267367631,0.40129449838187703,0.6524491836054649,0.6263888888888889,0.7658303464755077,0.531390134529148,0.8527092342915289,0.5950413223140496,0.6840236686390533,0.8022284122562674,0.7953861584754263,0.6242424242424243,0.4072531242342563,0.8965466351829988,0.7549467275494672,0.8260091469477033,0.7951807228915663,0.739735247924613
36,0.6902,0.6902,0.7388663967611336,0.6768612913191226,0.5264739016147202,0.3656957928802589,0.66811062979007,0.6458333333333334,0.7676224611708483,0.5112107623318386,0.8534723988806919,0.5867768595041323,0.6982248520710059,0.8105849582172702,0.7963891675025075,0.6575757575757576,0.3692722371967655,0.8813459268004723,0.7420091324200914,0.8305826207993637,0.8072289156626506,0.7706977787749607
37,0.6912,0.6912,0.6996457489878543,0.6163113994439295,0.5548253849042434,0.4077669902912621,0.6791069643452182,0.6166666666666667,0.779868578255675,0.5353139013452914,0.8567794454337319,0.5867768595041323,0.7041420118343196,0.8050139275766016,0.8124373119358074,0.6636363636363637,0.4067630482724822,0.891086186540732,0.7496194824961948,0.8279976138397296,0.7831325301204819,0.7462418667264976
38,0.6937,0.6937,0.7122975708502024,0.6283595922150139,0.5405557641757417,0.39158576051779936,0.6887704098633789,0.6277777777777778,0.7873357228195937,0.5330717488789237,0.8598321037903841,0.6115702479338843,0.7230769230769231,0.8161559888579387,0.8134403209628887,0.6757575757575758,0.4023523646165156,0.8782467532467533,0.7465753424657534,0.8361503280970372,0.7951807228915663,0.7599282028270137
39,0.6923,0.6923,0.7492408906882592,0.6808773555761508,0.5277882087870822,0.37216828478964403,0.6711096301232923,0.6416666666666667,0.772700119474313,0.5325112107623319,0.8618672093614856,0.6115702479338843,0.7136094674556213,0.8050139275766016,0.7923771313941825,0.6757575757575758,0.385689781916197,0.8919716646989374,0.7397260273972602,0.8385364883674686,0.7710843373493976,0.7179717298631366
40,0.697,0.697,0.7181174089068826,0.6428792091442694,0.5516334960570785,0.37540453074433655,0.6827724091969344,0.6416666666666667,0.7855436081242533,0.5269058295964125,0.8656830323073009,0.6115702479338843,0.7195266272189349,0.8105849582172702,0.8034102306920762,0.6666666666666666,0.39573633913256556,0.8907910271546635,0.756468797564688,0.8447007357327501,0.7831325301204819,0.7756338344177698
41,0.6996,0.6996,0.7553137651821862,0.691998764287921,0.5337964701464514,0.39805825242718446,0.6774408530489837,0.6763888888888889,0.7732974910394266,0.5454035874439462,0.8590689392012211,0.628099173553719,0.7159763313609467,0.7938718662952646,0.7893681043129388,0.6757575757575758,0.41190884587111004,0.8947756788665879,0.7519025875190258,0.8270033803937165,0.8192771084337349,0.7419789095804352
42,0.6974,0.6974,0.7110323886639676,0.6265060240963856,0.5634622606083365,0.4174757281553398,0.6671109630123292,0.6208333333333333,0.7753882915173238,0.5504484304932735,0.8694988552531162,0.628099173553719,0.7159763313609467,0.8105849582172702,0.7953861584754263,0.6606060606060606,0.4207302131830434,0.8882821723730815,0.7450532724505328,0.8464903559355736,0.7831325301204819,0.7644155261386583
43,0.7013,0.7013,0.7393724696356275,0.6635773864689527,0.5458129928651896,0.42071197411003236,0.6684438520493169,0.6402777777777777,0.7741935483870968,0.5437219730941704,0.8712795726278301,0.6446280991735537,0.7171597633136094,0.7938718662952646,0.7642928786359077,0.6818181818181818,0.4136241117373193,0.8903482880755608,0.7579908675799086,0.8474845893815868,0.8192771084337349,0.7491586268790666
44,0.7033,0.7033,0.7072368421052632,0.6308310163731851,0.5884340968832145,0.39805825242718446,0.6771076307897368,0.6361111111111111,0.7804659498207885,0.5392376681614349,0.8728059018061562,0.6033057851239669,0.7100591715976331,0.7966573816155988,0.802407221664995,0.6606060606060606,0.3974516049987748,0.8934474616292798,0.7511415525114156,0.8425134221515211,0.7710843373493976,0.7675566524568095
45,0.7043,0.7043,0.7229251012145749,0.6543095458758109,0.582238077356365,0.3948220064724919,0.7050983005664778,0.6541666666666667,0.7974910394265233,0.5414798206278026,0.8710251844314424,0.6115702479338843,0.7254437869822485,0.8050139275766016,0.8064192577733199,0.6757575757575758,0.39843175692232297,0.8943329397874853,0.76103500761035,0.8279976138397296,0.7831325301204819,0.741754543414853
46,0.7006,0.7006,0.7386133603238867,0.6694470188446092,0.5490048817123545,0.3818770226537217,0.6851049650116627,0.6347222222222222,0.7885304659498208,0.5330717488789237,0.8717883490206054,0.6363636363636364,0.736094674556213,0.8050139275766016,0.7953861584754263,0.6818181818181818,0.38789512374418034,0.8921192443919717,0.7442922374429224,0.8460926625571684,0.7951807228915663,0.7502804577069778
47,0.7043,0.7043,0.7244433198380567,0.6552363299351252,0.5510702215546376,0.42394822006472493,0.6991002999000333,0.6388888888888888,0.796594982078853,0.5622197309417041,0.8761129483591962,0.6528925619834711,0.7266272189349112,0.8022284122562674,0.8084252758274825,0.6818181818181818,0.43690271992158786,0.8959563164108618,0.7572298325722984,0.8361503280970372,0.8072289156626506,0.7657617231321516
48,0.7065,0.7065,0.742661943319838,0.6688291628050664,0.5591438227562899,0.4174757281553398,0.6834388537154282,0.6430555555555556,0.783452807646356,0.5616591928251121,0.8766217247519715,0.6776859504132231,0.7396449704142012,0.8105849582172702,0.7823470411233701,0.6909090909090909,0.44596912521440824,0.8921192443919717,0.7686453576864536,0.8429111155299265,0.8192771084337349,0.7527484855283824
49,0.7043,0.7043,0.7246963562753036,0.6450417052826691,0.5475028163725122,0.4401294498381877,0.6971009663445518,0.6319444444444444,0.7983870967741935,0.5487668161434978,0.8814551004833375,0.628099173553719,0.7313609467455622,0.8161559888579387,0.8154463390170511,0.6757575757575758,0.43151188434207305,0.9027449822904369,0.7671232876712328,0.8433088089083317,0.7951807228915663,0.7686784832847207
50,0.7021,0.7021,0.7155870445344129,0.6317578004324992,0.5493803980473151,0.42394822006472493,0.6931022992335888,0.6208333333333333,0.8016726403823178,0.5420403587443946,0.8756041719664207,0.628099173553719,0.7207100591715976,0.8133704735376045,0.8214643931795386,0.6727272727272727,0.42269051703013966,0.9064344746162928,0.7595129375951294,0.8492742095844105,0.7951807228915663,0.74848552838232
51,0.7028,0.7028,0.7259615384615384,0.6431881371640408,0.5935035674051822,0.42071197411003236,0.7030989670109964,0.6388888888888888,0.796594982078853,0.5397982062780269,0.8824726532688884,0.6363636363636364,0.7242603550295857,0.8105849582172702,0.7973921765295887,0.6666666666666666,0.4229355550110267,0.885478158205431,0.758751902587519,0.8498707496520183,0.8072289156626506,0.7581332735023558
52,0.7062,0.7062,0.7446862348178138,0.6641952425084955,0.5313556139692076,0.4077669902912621,0.7374208597134289,0.6444444444444445,0.8160095579450418,0.547085201793722,0.8750953955736454,0.6528925619834711,0.7431952662721893,0.8133704735376045,0.7993981945837513,0.696969696969697,0.43249203626562116,0.887396694214876,0.76103500761035,0.8504672897196262,0.8072289156626506,0.7623962306484182
53,0.7047,0.7047,0.7487348178137652,0.668520234785295,0.6034547502816372,0.4045307443365696,0.6697767410863046,0.6388888888888888,0.77389486260454,0.5392376681614349,0.8845077588399898,0.6198347107438017,0.7218934911242604,0.8105849582172702,0.7773319959879639,0.6636363636363637,0.4170546434697378,0.894185360094451,0.7709284627092846,0.8419168820839134,0.8192771084337349,0.7354722907785506
54,0.7063,0.7063,0.7421558704453441,0.6679023787457522,0.5843034171986481,0.41423948220064727,0.7117627457514162,0.6666666666666666,0.7977897252090801,0.5498878923766816,0.8799287713050115,0.6198347107438017,0.7337278106508875,0.8217270194986073,0.8004012036108324,0.6848484848484848,0.4263660867434452,0.894185360094451,0.7800608828006088,0.8443030423543448,0.8072289156626506,0.7552165133497869
55,0.7062,0.7062,0.707742914979757,0.6187828236021007,0.5743522343221931,0.4919093851132686,0.6997667444185272,0.6069444444444444,0.8034647550776584,0.5846412556053812,0.878656830323073,0.6776859504132231,0.736094674556213,0.807799442896936,0.8074222668004012,0.6575757575757576,0.47145307522666013,0.9030401416765053,0.7937595129375952,0.8522569099224498,0.8072289156626506,0.7511779223693067
56,0.7081,0.7081,0.7381072874493927,0.6552363299351252,0.5638377769432971,0.4368932038834951,0.7157614128623792,0.6472222222222223,0.8115292712066906,0.5667040358744395,0.87458661918087,0.6446280991735537,0.7218934911242604,0.8050139275766016,0.8214643931795386,0.6818181818181818,0.451114922813036,0.9028925619834711,0.7754946727549468,0.8447007357327501,0.8072289156626506,0.7496073592102311
57,0.7062,0.7062,0.7338056680161943,0.6533827618164968,0.5497559143822757,0.4336569579288026,0.6981006331222925,0.6458333333333334,0.8025686977299881,0.5582959641255605,0.8801831595013991,0.6611570247933884,0.7195266272189349,0.8022284122562674,0.8224674022066198,0.6757575757575758,0.4425385934819897,0.9042207792207793,0.773972602739726,0.8425134221515211,0.7951807228915663,0.7776531299080098
58,0.7049,0.7049,0.7348178137651822,0.651220265678097,0.566466391288021,0.4563106796116505,0.7090969676774409,0.6416666666666667,0.8040621266427718,0.5661434977578476,0.8847621470363776,0.6446280991735537,0.7242603550295857,0.8189415041782729,0.8084252758274825,0.6757575757575758,0.4479294290615045,0.9006788665879575,0.7792998477929984,0.8506661364088288,0.8192771084337349,0.7543190486874579
59,0.7111,0.7111,0.743421052631579,0.6595613222119246,0.5709725873075479,0.43042071197411,0.7180939686771076,0.6555555555555556,0.8106332138590203,0.5588565022421524,0.8850165352327652,0.6363636363636364,0.7372781065088757,0.8161559888579387,0.8154463390170511,0.6848484848484848,0.4332271502082823,0.8999409681227863,0.7808219178082192,0.8488765162060051,0.8313253012048193,0.7644155261386583
60,0.7105,0.7105,0.7350708502024291,0.6543095458758109,0.5672174239579422,0.44660194174757284,0.7454181939353549,0.65,0.8234767025089605,0.5588565022421524,0.8791656067158484,0.6528925619834711,0.7313609467455622,0.8161559888579387,0.8034102306920762,0.6909090909090909,0.44327370742465083,0.8980224321133412,0.7876712328767124,0.8488765162060051,0.8554216867469879,0.7617231321516715
61,0.7107,0.7107,0.7580971659919028,0.6753166512202656,0.5364250844911753,0.4563106796116505,0.7120959680106631,0.6666666666666666,0.8091397849462365,0.5678251121076233,0.8885779699821929,0.6528925619834711,0.7408284023668639,0.8133704735376045,0.8114343029087262,0.693939393939394,0.4418034795393286,0.9002361275088547,0.7785388127853882,0.8502684430304236,0.8072289156626506,0.7590307381646848
62,0.7118,0.7118,0.7560728744939271,0.6753166512202656,0.5734134434847916,0.4563106796116505,0.7147617460846385,0.6569444444444444,0.8091397849462365,0.5588565022421524,0.8817094886797252,0.6446280991735537,0.7514792899408284,0.8105849582172702,0.8014042126379137,0.6909090909090909,0.438127909826023,0.903482880755608,0.791476407914764,0.8635911712069994,0.8313253012048193,0.741754543414853
63,0.7157,0.7157,0.7454453441295547,0.6648130985480383,0.5897484040555764,0.47896440129449835,0.753082305898034,0.6763888888888889,0.8195937873357229,0.577354260089686,0.8839989824472144,0.6776859504132231,0.7526627218934911,0.8050139275766016,0.7763289869608826,0.696969696969697,0.4675324675324675,0.8788370720188902,0.7884322678843226,0.8528534499900576,0.8313253012048193,0.7727170742652008
64,0.7108,0.7108,0.750253036437247,0.6697559468643806,0.5657153586180999,0.4336569579288026,0.6947684105298234,0.6527777777777778,0.8064516129032258,0.5627802690582959,0.8885779699821929,0.6363636363636364,0.7254437869822485,0.8161559888579387,0.8134403209628887,0.6696969696969697,0.44596912521440824,0.9077626918536009,0.791476407914764,0.8584211572877312,0.8192771084337349,0.7448956697330043
65,0.7126,0.7126,0.7459514170040485,0.659870250231696,0.5647765677806985,0.4563106796116505,0.7277574141952683,0.6541666666666667,0.8210872162485066,0.5678251121076233,0.894174510302722,0.6528925619834711,0.7502958579881657,0.8189415041782729,0.8154463390170511,0.696969696969697,0.44866454300416564,0.891086186540732,0.7823439878234398,0.8627957844501889,0.8192771084337349,0.7763069329145165
66,0.7169,0.7169,0.7583502024291497,0.6734630831016373,0.5758542996620353,0.4886731391585761,0.724758413862046,0.6722222222222223,0.8106332138590203,0.5846412556053812,0.8822182650725007,0.6198347107438017,0.7467455621301775,0.8133704735376045,0.7813440320962889,0.7,0.4778240627297231,0.8980224321133412,0.799847792998478,0.8592165440445416,0.8554216867469879,0.7496073592102311
67,0.7118,0.7118,0.7489878542510121,0.661414890330553,0.5550131430717237,0.4692556634304207,0.7297567477507497,0.6569444444444444,0.8249701314217444,0.5689461883408071,0.887560417196642,0.6363636363636364,0.749112426035503,0.8189415041782729,0.8134403209628887,0.706060606060606,0.45086988483214896,0.9006788665879575,0.7899543378995434,0.8586200039769338,0.8313253012048193,0.7733901727619475
68,0.7132,0.7132,0.7611336032388664,0.6886005560704356,0.5555764175741644,0.4627831715210356,0.7100966344551816,0.675,0.8139187574671446,0.5801569506726457,0.8852709234291529,0.6528925619834711,0.7502958579881657,0.8133704735376045,0.8194583751253761,0.7151515151515152,0.46557216368537124,0.9077626918536009,0.7876712328767124,0.8425134221515211,0.8313253012048193,0.7502804577069778
69,0.7171,0.7171,0.7545546558704453,0.6709916589434661,0.587495306045813,0.47896440129449835,0.736754415194935,0.6708333333333333,0.8157108721624851,0.5751121076233184,0.881963876876113,0.6611570247933884,0.7420118343195267,0.7994428969359332,0.7923771313941825,0.703030303030303,0.47218818916932126,0.8981700118063755,0.7990867579908676,0.8550407635712866,0.8313253012048193,0.7662104554633161
70,0.7155,0.7155,0.7532894736842105,0.6635773864689527,0.5818625610214044,0.4627831715210356,0.745084971676108,0.6722222222222223,0.8219832735961768,0.5661434977578476,0.8929025693207835,0.6363636363636364,0.7420118343195267,0.8272980501392758,0.802407221664995,0.7212121212121212,0.44400882136731196,0.9011216056670602,0.7899543378995434,0.8582223105985285,0.8554216867469879,0.778774960735921
71,0.712,0.712,0.7454453441295547,0.6552363299351252,0.5698460383026661,0.4854368932038835,0.720759746751083,0.6555555555555556,0.8210872162485066,0.5734304932735426,0.8837445942508267,0.6446280991735537,0.7254437869822485,0.83008356545961,0.835506519558676,0.703030303030303,0.4543004165645675,0.9079102715466352,0.7960426179604262,0.8576257705309207,0.8313253012048193,0.7823648193852367
72,0.7147,0.7147,0.7477226720647774,0.6546184738955824,0.5775441231693579,0.44660194174757284,0.748750416527824,0.6472222222222223,0.8246714456391876,0.5605381165919282,0.8903586873569066,0.6446280991735537,0.749112426035503,0.8189415041782729,0.8094282848545636,0.696969696969697,0.4535653026219064,0.8990554899645808,0.7899543378995434,0.8721415788427123,0.8313253012048193,0.7801211577294144
73,0.7143,0.7143,0.7419028340080972,0.6555452579548965,0.5790461885092002,0.459546925566343,0.7470843052315894,0.6638888888888889,0.828853046594982,0.5683856502242153,0.8870516408038667,0.6611570247933884,0.744378698224852,0.8133704735376045,0.8054162487462387,0.6909090909090909,0.4636118598382749,0.9002361275088547,0.791476407914764,0.8584211572877312,0.8313253012048193,0.7659860892977339
74,0.7148,0.7148,0.7580971659919028,0.6793327154772938,0.5332331956440105,0.46601941747572817,0.7334221926024659,0.675,0.8210872162485066,0.5823991031390134,0.8898499109641312,0.6611570247933884,0.7396449704142012,0.8161559888579387,0.8214643931795386,0.693939393939394,0.4729233031119824,0.9113046044864227,0.789193302891933,0.8540465301252734,0.8313253012048193,0.7715952434372897
75,0.7149,0.7149,0.757085020242915,0.6709916589434661,0.5843034171986481,0.4627831715210356,0.7250916361212929,0.6722222222222223,0.8163082437275986,0.570627802690583,0.8931569575171712,0.6694214876033058,0.7479289940828402,0.8189415041782729,0.8134403209628887,0.703030303030303,0.46165155599117863,0.903482880755608,0.7800608828006088,0.8534499900576655,0.8433734939759037,0.7619474983172537
76,0.7164,0.7164,0.7560728744939271,0.6756255792400371,0.5565152084115659,0.4919093851132686,0.7290903032322559,0.6763888888888889,0.8225806451612904,0.5868834080717489,0.8913762401424574,0.6528925619834711,0.7467455621301775,0.8217270194986073,0.8074222668004012,0.7090909090909091,0.4829698603283509,0.9028925619834711,0.789193302891933,0.8520580632332472,0.8192771084337349,0.772941440430783
77,0.7119,0.7119,0.7229251012145749,0.6184738955823293,0.5961321817499061,0.4401294498381877,0.7134288570476508,0.6277777777777778,0.8246714456391876,0.5695067264573991,0.8964640040702111,0.6198347107438017,0.7301775147928994,0.8328690807799443,0.8335005015045135,0.6848484848484848,0.4589561382014212,0.9155844155844156,0.7929984779299848,0.8639888645854047,0.8192771084337349,0.778774960735921
78,0.7166,0.7166,0.75,0.661414890330553,0.5536988358993616,0.47249190938511326,0.7387537487504166,0.6680555555555555,0.831242532855436,0.5863228699551569,0.8929025693207835,0.6446280991735537,0.744378698224852,0.83008356545961,0.8224674022066198,0.703030303030303,0.477088948787062,0.9006788665879575,0.7777777777777778,0.8606084708689601,0.8433734939759037,0.7819160870540722
79,0.713,0.713,0.7596153846153846,0.6753166512202656,0.5578295155839279,0.4627831715210356,0.7274241919360214,0.6652777777777777,0.8249701314217444,0.5767937219730942,0.8934113457135588,0.6446280991735537,0.749112426035503,0.8217270194986073,0.8044132397191575,0.703030303030303,0.45846606223964714,0.9000885478158206,0.7823439878234398,0.8727381189103202,0.8072289156626506,0.7702490464437963
80,0.7179,0.7179,0.7616396761133604,0.6746987951807228,0.5480660908749531,0.47572815533980584,0.736754415194935,0.6652777777777777,0.8270609318996416,0.601457399103139,0.8964640040702111,0.6528925619834711,0.7538461538461538,0.8272980501392758,0.8064192577733199,0.703030303030303,0.4876255819652046,0.8989079102715466,0.7724505327245054,0.8618015510041758,0.7951807228915663,0.7848328472066413
81,0.7148,0.7148,0.7515182186234818,0.6546184738955824,0.5807360120165227,0.46601941747572817,0.7510829723425525,0.6625,0.8399044205495818,0.5762331838565022,0.8852709234291529,0.6528925619834711,0.7526627218934911,0.8356545961002786,0.8164493480441324,0.696969696969697,0.4567507963734379,0.9006788665879575,0.7929984779299848,0.8675681049910519,0.7951807228915663,0.7698003141126318
82,0.7138,0.7138,0.757338056680162,0.6672845227062094,0.557266241081487,0.4692556634304207,0.7314228590469843,0.6583333333333333,0.8306451612903226,0.5689461883408071,0.8908674637496821,0.6363636363636364,0.749112426035503,0.8328690807799443,0.8234704112337011,0.7,0.45650575839255086,0.9107142857142857,0.7861491628614916,0.8673692583018493,0.7951807228915663,0.7778774960735921
83,0.7167,0.7167,0.7598684210526315,0.6713005869632376,0.5550131430717237,0.4919093851132686,0.7270909696767744,0.6652777777777777,0.8246714456391876,0.5846412556053812,0.8918850165352328,0.6198347107438017,0.7479289940828402,0.83008356545961,0.8084252758274825,0.6909090909090909,0.4908110757167361,0.910271546635183,0.7929984779299848,0.8715450387751044,0.8192771084337349,0.7668835539600628
84,0.7206,0.7206,0.7517712550607287,0.668520234785295,0.5803604956815621,0.4919093851132686,0.7670776407864045,0.6791666666666667,0.8413978494623656,0.5852017937219731,0.8923937929280081,0.628099173553719,0.762130177514793,0.8272980501392758,0.8144433299899699,0.7181818181818181,0.4814996324430287,0.8932998819362455,0.7884322678843226,0.8564326903957049,0.7951807228915663,0.7623962306484182
85,0.7188,0.7188,0.7555668016194332,0.6586345381526104,0.5531355613969208,0.46601941747572817,0.7360879706764412,0.6680555555555555,0.8315412186379928,0.5908071748878924,0.8977359450521496,0.628099173553719,0.7597633136094675,0.83008356545961,0.8034102306920762,0.703030303030303,0.48468512619456017,0.906582054309327,0.789193302891933,0.8681646450586598,0.7951807228915663,0.7601525689925959
86,0.724,0.724,0.7507591093117408,0.6663577386468953,0.5747277506571535,0.49514563106796117,0.7547484171942686,0.6680555555555555,0.8309438470728794,0.5952914798206278,0.8959552276774357,0.6528925619834711,0.7455621301775148,0.7966573816155988,0.7923771313941825,0.7090909090909091,0.49865229110512127,0.8934474616292798,0.7907153729071538,0.8681646450586598,0.8192771084337349,0.7720439757684541
87,0.7192,0.7192,0.750253036437247,0.6706827309236948,0.5775441231693579,0.4692556634304207,0.728423858713762,0.6541666666666667,0.8387096774193549,0.5695067264573991,0.8944288984991097,0.6446280991735537,0.7479289940828402,0.8467966573816156,0.8324974924774323,0.6878787878787879,0.4604263660867434,0.9077626918536009,0.7975646879756468,0.8751242791807516,0.7831325301204819,0.7614987659860893
88,0.7188,0.7188,0.7540485829959515,0.6682113067655236,0.6047690574539992,0.5016181229773463,0.7267577474175275,0.6652777777777777,0.8294504181600956,0.5857623318385651,0.8923937929280081,0.6859504132231405,0.7396449704142012,0.8189415041782729,0.8154463390170511,0.6878787878787879,0.48664543004165645,0.9058441558441559,0.7960426179604262,0.8625969377609862,0.8192771084337349,0.7610500336549249
89,0.72,0.72,0.7593623481781376,0.6713005869632376,0.5803604956815621,0.4563106796116505,0.7267577474175275,0.6555555555555556,0.822879330943847,0.5672645739910314,0.9018061561943526,0.6611570247933884,0.7467455621301775,0.8245125348189415,0.8184553660982948,0.6757575757575758,0.45699583435432495,0.8996458087367178,0.7876712328767124,0.8715450387751044,0.8192771084337349,0.7938074938299304
90,0.7198,0.7198,0.756831983805668,0.6564720420142107,0.5542621104018025,0.4919093851132686,0.733088970343219,0.6458333333333334,0.8333333333333334,0.5952914798206278,0.9038412617654541,0.6776859504132231,0.7550295857988165,0.8328690807799443,0.8174523570712137,0.6818181818181818,0.48566527811810833,0.9074675324675324,0.7960426179604262,0.8808908331676277,0.8072289156626506,0.7751851020866053
91,0.7171,0.7171,0.7517712550607287,0.6595613222119246,0.607209913631243,0.4854368932038835,0.7317560813062313,0.6388888888888888,0.8279569892473119,0.5767937219730942,0.9002798270160265,0.7107438016528925,0.7420118343195267,0.8217270194986073,0.8074222668004012,0.7090909090909091,0.47488360695907866,0.901564344746163,0.8006088280060882,0.8691588785046729,0.7710843373493976,0.7751851020866053
92,0.7188,0.7188,0.7611336032388664,0.6762434352795799,0.5685317311303042,0.5016181229773463,0.7337554148617128,0.6583333333333333,0.8369175627240143,0.5857623318385651,0.8959552276774357,0.6776859504132231,0.7526627218934911,0.8217270194986073,0.8214643931795386,0.6848484848484848,0.47537368292085275,0.9089433293978748,0.7907153729071538,0.871743885464307,0.7831325301204819,0.7632936953107471
93,0.7175,0.7175,0.7747975708502024,0.6901451961692926,0.5724746526473902,0.4368932038834951,0.7470843052315894,0.6694444444444444,0.8378136200716846,0.5756726457399103,0.8926481811243958,0.6446280991735537,0.749112426035503,0.8217270194986073,0.8194583751253761,0.703030303030303,0.45846606223964714,0.9064344746162928,0.7968036529680366,0.8695565718830781,0.7831325301204819,0.7691272156158852
94,0.7172,0.7172,0.7449392712550608,0.6416434970651839,0.582238077356365,0.5080906148867314,0.7474175274908363,0.65,0.8402031063321386,0.5947309417040358,0.8997710506232511,0.6611570247933884,0.749112426035503,0.8105849582172702,0.8074222668004012,0.6848484848484848,0.48002940455770643,0.9115997638724912,0.8051750380517504,0.8651819447206204,0.7831325301204819,0.7830379178819834
95,0.7197,0.7197,0.7735323886639676,0.6858202038924931,0.5546376267367631,0.49514563106796117,0.7540819726757747,0.6625,0.8363201911589009,0.5846412556053812,0.8936657339099465,0.6363636363636364,0.762130177514793,0.8050139275766016,0.802407221664995,0.703030303030303,0.490075961774075,0.8992030696576151,0.7929984779299848,0.8759196659375621,0.7590361445783133,0.7659860892977339
96,0.7205,0.7205,0.7606275303643725,0.6675934507259809,0.5602703717611716,0.5048543689320388,0.7410863045651449,0.6555555555555556,0.8336320191158901,0.6031390134529148,0.8944288984991097,0.6528925619834711,0.7467455621301775,0.8133704735376045,0.802407221664995,0.7,0.5057583925508454,0.9031877213695395,0.7952815829528158,0.8759196659375621,0.7951807228915663,0.770922144940543
97,0.719,0.719,0.7537955465587044,0.6555452579548965,0.5617724371010139,0.47249190938511326,0.7700766411196268,0.6694444444444444,0.8473715651135006,0.5880044843049327,0.899007886034088,0.6363636363636364,0.7479289940828402,0.8161559888579387,0.8154463390170511,0.6909090909090909,0.4765988728252879,0.9082054309327037,0.7968036529680366,0.8731358122887254,0.7710843373493976,0.7781018622391743
98,0.7168,0.7168,0.7727732793522267,0.6882916280506642,0.5668419076229816,0.4886731391585761,0.7374208597134289,0.6625,0.8258661887694145,0.5924887892376681,0.8911218519460697,0.6528925619834711,0.7479289940828402,0.8189415041782729,0.8134403209628887,0.696969696969697,0.4935064935064935,0.9120425029515938,0.799847792998478,0.8699542652614835,0.7831325301204819,0.7695759479470495
99,0.716,0.716,0.7575910931174089,0.6564720420142107,0.5728501689823507,0.47249190938511326,0.7310896367877374,0.6416666666666667,0.8285543608124253,0.5997757847533632,0.899007886034088,0.628099173553719,0.7656804733727811,0.83008356545961,0.8224674022066198,0.693939393939394,0.48247978436657685,0.9085005903187722,0.8028919330289194,0.878106979518791,0.7590361445783133,0.7765312990800988
100,0.6238,0.5455099999999999,0.4081477732793522,0.20698177324683348,0.3738265114532482,0.3948220064724919,0.7527490836387871,0.4638888888888889,0.7956989247311828,0.44114349775784756,0.9287713050114474,0.4132231404958678,0.6473372781065089,0.8189415041782729,0.8094282848545636,0.6181818181818182,0.38201421220289145,0.81685360094451,0.5662100456621004,0.5784450188904354,0.6746987951807228,0.713484406551492
101,0.6339,0.5545,0.4331983805668016,0.24219956750077232,0.4359744648892227,0.32362459546925565,0.7790736421192935,0.5166666666666667,0.8103345280764636,0.4187219730941704,0.9132536250317985,0.47107438016528924,0.6615384615384615,0.807799442896936,0.8084252758274825,0.6333333333333333,0.32345013477088946,0.8178866587957497,0.5677321156773212,0.614237422946908,0.6144578313253012,0.7069777877496074
102,0.6118,0.54963,0.41776315789473684,0.21408711770157554,0.4034923019151333,0.36245954692556637,0.8000666444518494,0.49444444444444446,0.8291517323775388,0.4248878923766816,0.9155431187992877,0.4793388429752066,0.6674556213017752,0.8050139275766016,0.8094282848545636,0.6545454545454545,0.35702033815241363,0.7991440377804014,0.5502283105022832,0.6754822032213164,0.6024096385542169,0.7415301772492708
103,0.6073,0.55171,0.409919028340081,0.2153228297806611,0.4205782951558393,0.3559870550161812,0.7907364211929356,0.49027777777777776,0.8369175627240143,0.4282511210762332,0.9137624014245739,0.47107438016528924,0.6698224852071006,0.807799442896936,0.8104312938816449,0.6575757575757576,0.3457485910316099,0.814344746162928,0.573820395738204,0.7120699940345994,0.6024096385542169,0.7287413058110837
104,0.5967,0.54789,0.4066295546558704,0.20420142106889094,0.39673300788584304,0.3883495145631068,0.8107297567477507,0.4888888888888889,0.8419952210274791,0.42713004484304934,0.9188501653523277,0.4793388429752066,0.685207100591716,0.807799442896936,0.8074222668004012,0.6454545454545455,0.3692722371967655,0.7911747343565525,0.5494672754946728,0.7230065619407436,0.6144578313253012,0.7540946825218757
105,0.5906,0.5473,0.39954453441295545,0.20729070126660487,0.413819001126549,0.3656957928802589,0.8007330889703432,0.46805555555555556,0.8408004778972521,0.43385650224215244,0.917832612566777,0.4628099173553719,0.6840236686390533,0.8133704735376045,0.8094282848545636,0.6424242424242425,0.35971575594217103,0.8063754427390791,0.576103500761035,0.7675482203221317,0.6265060240963856,0.7666591877944806
106,0.5919,0.54739,0.4225708502024291,0.22366388631448872,0.36875704093128053,0.42071197411003236,0.7817394201932689,0.4736111111111111,0.8339307048984468,0.43553811659192826,0.9157975069956754,0.48760330578512395,0.6899408284023668,0.8022284122562674,0.7923771313941825,0.6484848484848484,0.40627297231070814,0.8357438016528925,0.5989345509893456,0.7486577848478823,0.6265060240963856,0.7235808840026924
107,0.594,0.55042,0.4035931174089069,0.20512820512820512,0.40743522343221933,0.37540453074433655,0.801732755748084,0.4736111111111111,0.8524492234169654,0.437780269058296,0.9163062833884508,0.4793388429752066,0.6899408284023668,0.8133704735376045,0.8034102306920762,0.6424242424242425,0.3633913256554766,0.8115407319952774,0.5806697108066972,0.7544243388347585,0.5662650602409639,0.7442225712362576
108,0.6,0.55022,0.44205465587044535,0.2548656163113994,0.3496057078482914,0.36245954692556637,0.7750749750083306,0.46944444444444444,0.8282556750298686,0.4327354260089686,0.9180870007631646,0.45454545454545453,0.6911242603550296,0.8133704735376045,0.8124373119358074,0.6363636363636364,0.3626562117128155,0.83913813459268,0.606544901065449,0.7076953668721416,0.6867469879518072,0.7473636975544088
109,0.5932,0.5497,0.44686234817813764,0.256101328390485,0.3995493803980473,0.3883495145631068,0.8013995334888371,0.44305555555555554,0.8500597371565114,0.42937219730941706,0.911218519460697,0.4628099173553719,0.7065088757396449,0.8161559888579387,0.8074222668004012,0.6575757575757576,0.38740504778240625,0.8413518299881936,0.6187214611872146,0.7532312586995427,0.6144578313253012,0.7247027148306036
110,0.5861,0.54799,0.4339574898785425,0.24806919987642878,0.40030041306796843,0.37216828478964403,0.7890703098967011,0.4444444444444444,0.8422939068100358,0.43385650224215244,0.9137624014245739,0.45454545454545453,0.7005917159763314,0.7994428969359332,0.7933801404212638,0.6303030303030303,0.36510659152168584,0.8022432113341205,0.5791476407914764,0.7655597534301054,0.5903614457831325,0.7460175005609154
111,0.5979,0.5513600000000001,0.45470647773279355,0.2761816496756256,0.37082238077356366,0.3818770226537217,0.7890703098967011,0.43333333333333335,0.8437873357228196,0.4282511210762332,0.9165606715848384,0.4628099173553719,0.6911242603550296,0.8217270194986073,0.8174523570712137,0.6575757575757576,0.37564322469982847,0.8627508854781583,0.6362252663622526,0.7194273215350965,0.6626506024096386,0.7372672201032084
112,0.5881,0.54728,0.4458502024291498,0.25733704046957057,0.412504693954187,0.37540453074433655,0.7580806397867378,0.41805555555555557,0.8345280764635603,0.4383408071748879,0.9180870007631646,0.45454545454545453,0.6946745562130178,0.8022284122562674,0.8104312938816449,0.6181818181818182,0.37172261700563586,0.8181818181818182,0.576103500761035,0.7578047325512031,0.5903614457831325,0.7390621494278663
113,0.5928,0.5526,0.42940283400809715,0.22582638245288847,0.3589936162223057,0.3818770226537217,0.7890703098967011,0.45694444444444443,0.8461768219832736,0.43609865470852016,0.9247010938692445,0.45454545454545453,0.7112426035502959,0.8105849582172702,0.79839518555667,0.6454545454545455,0.3903455035530507,0.8388429752066116,0.6103500761035008,0.7749055478226288,0.6506024096385542,0.7610500336549249
114,0.5959,0.55015,0.5025303643724697,0.32406549274019153,0.37476530229064964,0.37216828478964403,0.7667444185271576,0.4111111111111111,0.8366188769414575,0.4327354260089686,0.9198677181378784,0.4297520661157025,0.7041420118343196,0.8105849582172702,0.8114343029087262,0.6151515151515151,0.3812790982602303,0.8593565525383707,0.6255707762557078,0.7080930602505469,0.6265060240963856,0.7377159524343729
115,0.5973,0.5513899999999999,0.479251012145749,0.2934816187828236,0.3984228313931656,0.34951456310679613,0.7680773075641453,0.4305555555555556,0.8336320191158901,0.4405829596412556,0.920122106334266,0.4462809917355372,0.6911242603550296,0.7883008356545961,0.8054162487462387,0.6303030303030303,0.3606959078657192,0.8673258559622196,0.636986301369863,0.7347385166036986,0.6626506024096386,0.7439982050706754
116,0.5951,0.5514,0.4825404858299595,0.2919369786839666,0.3790837401426962,0.41423948220064727,0.7960679773408864,0.42777777777777776,0.8425925925925926,0.43553811659192826,0.9254642584584075,0.4462809917355372,0.7266272189349112,0.7910863509749304,0.7783350050150452,0.6303030303030303,0.3954913011516785,0.8215761511216056,0.5821917808219178,0.736130443428117,0.5783132530120482,0.7395108817590308
117,0.5907,0.55065,0.472165991902834,0.2925548347235094,0.40781073976717985,0.3883495145631068,0.7504165278240587,0.40555555555555556,0.8351254480286738,0.4433856502242152,0.9236835410836938,0.45454545454545453,0.6982248520710059,0.8133704735376045,0.8144433299899699,0.6303030303030303,0.3802989463366822,0.8491735537190083,0.604261796042618,0.7603897395108371,0.6144578313253012,0.7401839802557775
118,0.5914,0.55309,0.458502024291498,0.2557924003707136,0.3972962823882839,0.3656957928802589,0.7964011996001333,0.4263888888888889,0.8566308243727598,0.4517937219730942,0.9264818112439582,0.4462809917355372,0.714792899408284,0.8161559888579387,0.7933801404212638,0.6272727272727273,0.3680470472923303,0.8170011806375442,0.5920852359208524,0.7751043945118313,0.6265060240963856,0.7646398923042406
119,0.5904,0.5512,0.478997975708502,0.2974976830398517,0.37758167480285393,0.4045307443365696,0.7770743085638121,0.41805555555555557,0.839605734767025,0.43385650224215244,0.9213940473162046,0.4462809917355372,0.7159763313609467,0.8050139275766016,0.8044132397191575,0.6181818181818182,0.3969615290370007,0.8431227863046045,0.6027397260273972,0.7420958441041957,0.6626506024096386,0.7404083464213597
120,0.5898,0.55185,0.45040485829959515,0.2622798887859129,0.3777694329703342,0.3948220064724919,0.7820726424525158,0.4236111111111111,0.8509557945041816,0.4461883408071749,0.9183413889595523,0.4628099173553719,0.7076923076923077,0.807799442896936,0.8084252758274825,0.6272727272727273,0.3893653516295026,0.842827626918536,0.6027397260273972,0.7709286140385763,0.6385542168674698,0.7466905990576621
121,0.5951,0.55167,0.49266194331983804,0.31263515600865,0.4115659031167856,0.3656957928802589,0.7807397534155281,0.4222222222222222,0.8452807646356033,0.4501121076233184,0.9213940473162046,0.4462809917355372,0.7242603550295857,0.7910863509749304,0.79839518555667,0.6333333333333333,0.37441803479539326,0.8246753246753247,0.5837138508371386,0.7478623980910718,0.6265060240963856,0.742652008077182
122,0.5988,0.5547500000000001,0.493168016194332,0.321285140562249,0.3753285767930905,0.39805825242718446,0.7780739753415529,0.41805555555555557,0.8416965352449224,0.4523542600896861,0.9183413889595523,0.4462809917355372,0.7289940828402367,0.8022284122562674,0.7893681043129388,0.6393939393939394,0.38421955403087477,0.8463695395513577,0.6225266362252664,0.7411016106581826,0.6385542168674698,0.7264976441552614
123,0.591,0.55382,0.4592611336032389,0.2567191844300278,0.35674051821254227,0.42071197411003236,0.7760746417860713,0.4375,0.8449820788530465,0.4501121076233184,0.9231747646909183,0.4462809917355372,0.7136094674556213,0.7966573816155988,0.7993981945837513,0.6393939393939394,0.405047782406273,0.842827626918536,0.6141552511415526,0.7774905547822629,0.6144578313253012,0.7502804577069778
124,0.5889,0.55221,0.4825404858299595,0.2968798270003089,0.35692827638002256,0.4077669902912621,0.7840719760079974,0.425,0.8524492234169654,0.4445067264573991,0.9221572119053676,0.4380165289256198,0.7254437869822485,0.8022284122562674,0.7953861584754263,0.6363636363636364,0.405047782406273,0.8381050767414404,0.6156773211567732,0.7647643666732948,0.6144578313253012,0.7516266547004712
125,0.6054,0.55859,0.4893724696356275,0.3089280197713933,0.4038678182500939,0.3851132686084142,0.769410196601133,0.4375,0.8285543608124253,0.4624439461883408,0.9247010938692445,0.4297520661157025,0.7254437869822485,0.8133704735376045,0.7913741223671013,0.6242424242424243,0.37172261700563586,0.8525678866587958,0.634703196347032,0.7458739311990455,0.6385542168674698,0.7554408795153691
126,0.5903,0.55128,0.4729251012145749,0.2832869941303676,0.39673300788584304,0.39158576051779936,0.7720759746751082,0.43194444444444446,0.8408004778972521,0.43946188340807174,0.9224116001017553,0.4380165289256198,0.714792899408284,0.8161559888579387,0.8014042126379137,0.6181818181818182,0.3888752756677285,0.8472550177095631,0.6248097412480974,0.7639689799164844,0.6626506024096386,0.7498317253758133
127,0.5898,0.55175,0.4812753036437247,0.30120481927710846,0.37213668794592564,0.41423948220064727,0.7580806397867378,0.4083333333333333,0.8384109916367981,0.4422645739910314,0.9262274230475706,0.4462809917355372,0.7076923076923077,0.8133704735376045,0.8014042126379137,0.6121212121212121,0.4033325165400637,0.8364817001180638,0.6103500761035008,0.7548220322131637,0.6506024096385542,0.7601525689925959
128,0.5925,0.5515399999999999,0.4936740890688259,0.30614766759345075,0.38772061584678935,0.4077669902912621,0.7810729756747751,0.41388888888888886,0.8351254480286738,0.4439461883408072,0.9280081404222844,0.4462809917355372,0.7207100591715976,0.8189415041782729,0.7893681043129388,0.6393939393939394,0.40553785836804707,0.8302833530106257,0.6057838660578386,0.750447405050706,0.6144578313253012,0.7347991922818039
129,0.6006,0.55571,0.4741902834008097,0.28699413036762433,0.43240705970709725,0.3592233009708738,0.7700766411196268,0.425,0.8369175627240143,0.4562780269058296,0.9259730348511829,0.4380165289256198,0.7136094674556213,0.8161559888579387,0.8014042126379137,0.6181818181818182,0.3709875030629748,0.8378099173553719,0.6126331811263318,0.7532312586995427,0.6506024096385542,0.7413058110836885
130,0.5796,0.54767,0.4767206477732793,0.3033673154155082,0.38847164851671045,0.39158576051779936,0.7720759746751082,0.38055555555555554,0.8572281959378734,0.44506726457399104,0.9236835410836938,0.4297520661157025,0.7254437869822485,0.8217270194986073,0.8074222668004012,0.6090909090909091,0.3861798578779711,0.8549291617473436,0.6210045662100456,0.786438655796381,0.6626506024096386,0.7361453892752973
131,0.5918,0.55009,0.4901315789473684,0.3160333642261353,0.3864063086744273,0.36893203883495146,0.7794068643785405,0.4111111111111111,0.8446833930704899,0.4551569506726457,0.9262274230475706,0.4380165289256198,0.7207100591715976,0.8161559888579387,0.7953861584754263,0.6393939393939394,0.372702768929184,0.8332349468713105,0.6118721461187214,0.7381189103201432,0.6626506024096386,0.7585820058335203
132,0.5843,0.55022,0.4714068825910931,0.30089589125733707,0.4232069095005633,0.3786407766990291,0.7790736421192935,0.3958333333333333,0.8509557945041816,0.4523542600896861,0.9175782243703892,0.4297520661157025,0.7218934911242604,0.8189415041782729,0.7933801404212638,0.6181818181818182,0.3866699338397452,0.7913223140495868,0.5555555555555556,0.7802744084310996,0.6265060240963856,0.7359210231097151
133,0.6011,0.5565599999999999,0.5027834008097166,0.33086190917516217,0.3698835899361622,0.4045307443365696,0.7744085304898367,0.4041666666666667,0.8327359617682198,0.44730941704035876,0.9203764945306537,0.4380165289256198,0.7218934911242604,0.8133704735376045,0.7873620862587764,0.6303030303030303,0.3893653516295026,0.8674734356552538,0.6704718417047184,0.7381189103201432,0.6746987951807228,0.7590307381646848
134,0.5862,0.54938,0.49266194331983804,0.3246833487797343,0.3982350732256853,0.42394822006472493,0.7910696434521826,0.40555555555555556,0.8500597371565114,0.4405829596412556,0.9244467056728568,0.4380165289256198,0.727810650887574,0.8189415041782729,0.7893681043129388,0.6212121212121212,0.38863023768684146,0.8105076741440378,0.576103500761035,0.7584012726188109,0.6024096385542169,0.7262732779896791
135,0.5858,0.54958,0.4772267206477733,0.30120481927710846,0.3841532106646639,0.3883495145631068,0.7740753082305898,0.39166666666666666,0.8425925925925926,0.452914798206278,0.9320783515644874,0.4297520661157025,0.7337278106508875,0.8133704735376045,0.7993981945837513,0.6090909090909091,0.39573633913256556,0.8519775678866588,0.624048706240487,0.7757009345794392,0.6144578313253012,0.7561139780121158
136,0.5885,0.55077,0.4896255060728745,0.3262279888785913,0.40743522343221933,0.40129449838187703,0.7647450849716761,0.4125,0.8393070489844683,0.4445067264573991,0.9198677181378784,0.4380165289256198,0.7195266272189349,0.7966573816155988,0.7993981945837513,0.603030303030303,0.38005390835579517,0.8444510035419126,0.6080669710806698,0.7611851262676477,0.6506024096385542,0.7404083464213597
137,0.5922,0.5543100000000001,0.4605263157894737,0.2789620018535681,0.3922268118663162,0.3818770226537217,0.7614128623792069,0.4236111111111111,0.8461768219832736,0.4669282511210762,0.9244467056728568,0.4297520661157025,0.7195266272189349,0.8022284122562674,0.7903711133400201,0.6151515151515151,0.3783386424895859,0.8674734356552538,0.6506849315068494,0.7997613839729568,0.6506024096385542,0.7565627103432803
138,0.5863,0.54947,0.5088562753036437,0.3413654618473896,0.42208036049568154,0.3592233009708738,0.7887370876374542,0.40694444444444444,0.8533452807646356,0.44114349775784756,0.9173238361740015,0.45454545454545453,0.7266272189349112,0.8161559888579387,0.7963891675025075,0.6363636363636364,0.3751531487380544,0.8403187721369539,0.6111111111111112,0.7691389938357527,0.6265060240963856,0.7179717298631366
139,0.5832,0.5490700000000001,0.45293522267206476,0.2746370095767686,0.3834021779947428,0.42718446601941745,0.7860713095634788,0.42083333333333334,0.8557347670250897,0.44730941704035876,0.9264818112439582,0.4214876033057851,0.7159763313609467,0.8133704735376045,0.7913741223671013,0.6272727272727273,0.41607449154618964,0.836629279811098,0.601978691019787,0.7884271226884072,0.6024096385542169,0.7493829930446488
140,0.588,0.55206,0.4815283400809717,0.31047265987025024,0.3890349230191513,0.32362459546925565,0.7837387537487505,0.4166666666666667,0.8518518518518519,0.4663677130044843,0.9224116001017553,0.4462809917355372,0.7124260355029586,0.8161559888579387,0.8034102306920762,0.6181818181818182,0.35726537613330067,0.8457792207792207,0.6179604261796042,0.7717240007953867,0.6265060240963856,0.7487098945479022
141,0.5907,0.55213,0.46558704453441296,0.27803521779425394,0.3815245963199399,0.3883495145631068,0.7710763078973676,0.41388888888888886,0.8500597371565114,0.43890134529147984,0.9262274230475706,0.4214876033057851,0.7136094674556213,0.8189415041782729,0.7973921765295887,0.6181818181818182,0.4025974025974026,0.8659976387249114,0.6377473363774734,0.7794790216742892,0.6626506024096386,0.7527484855283824
142,0.5864,0.5501400000000001,0.48633603238866396,0.3073833796725363,0.42621104018024786,0.3656957928802589,0.7687437520826391,0.4125,0.839605734767025,0.44506726457399104,0.9277537522258967,0.4297520661157025,0.7230769230769231,0.8133704735376045,0.7853560682046138,0.6242424242424243,0.37490811075716735,0.806965761511216,0.5684931506849316,0.7713263074169815,0.5903614457831325,0.7410814449181063
143,0.592,0.55389,0.48456477732793524,0.3135619400679642,0.3738265114532482,0.3786407766990291,0.7557480839720093,0.425,0.8303464755077659,0.4445067264573991,0.9325871279572627,0.4297520661157025,0.7218934911242604,0.8105849582172702,0.7913741223671013,0.6121212121212121,0.3932859593236952,0.8792798110979929,0.6590563165905632,0.7685424537681448,0.6746987951807228,0.7576845411711914
144,0.5882,0.5524899999999999,0.4876012145748988,0.31448872412727835,0.39279008636875706,0.36245954692556637,0.7824058647117628,0.4263888888888889,0.8563321385902031,0.4428251121076233,0.9292800814042228,0.4462809917355372,0.7230769230769231,0.8105849582172702,0.7873620862587764,0.6212121212121212,0.3778485665278118,0.8509445100354192,0.6293759512937596,0.778484788228276,0.6144578313253012,0.7646398923042406
145,0.5962,0.55349,0.5141700404858299,0.3453815261044177,0.3892226811866316,0.3592233009708738,0.769076974341886,0.41944444444444445,0.8497610513739546,0.452914798206278,0.9254642584584075,0.4297520661157025,0.7195266272189349,0.8133704735376045,0.8064192577733199,0.6151515151515151,0.3802989463366822,0.8649645808736718,0.6270928462709284,0.7343408232252933,0.6506024096385542,0.7370428539376263
146,0.5885,0.55227,0.4977226720647773,0.32252085264133457,0.42114156965828015,0.3656957928802589,0.7787404198600466,0.41388888888888886,0.8566308243727598,0.44170403587443946,0.9277537522258967,0.4297520661157025,0.7218934911242604,0.8161559888579387,0.7963891675025075,0.6090909090909091,0.3746630727762803,0.8536009445100354,0.6156773211567732,0.7721216941737921,0.6506024096385542,0.7478124298855733
147,0.5968,0.5543699999999999,0.49898785425101216,0.3219029966017918,0.38809613218174993,0.40129449838187703,0.7797400866377874,0.4236111111111111,0.8440860215053764,0.4405829596412556,0.9259730348511829,0.4132231404958678,0.7242603550295857,0.8161559888579387,0.794383149448345,0.6363636363636364,0.4065180102915952,0.8355962219598583,0.5951293759512938,0.7444820043746272,0.6385542168674698,0.7404083464213597
148,0.5996,0.5556099999999999,0.5,0.32808155699721964,0.4318437852046564,0.39805825242718446,0.7704098633788737,0.4236111111111111,0.8369175627240143,0.43890134529147984,0.9213940473162046,0.4380165289256198,0.7230769230769231,0.807799442896936,0.8054162487462387,0.6121212121212121,0.3869149718206322,0.8654073199527745,0.6286149162861492,0.7510439451183137,0.6506024096385542,0.7446713035674221
149,0.5874,0.5516099999999999,0.5247975708502024,0.35526722273710226,0.4031167855801727,0.3818770226537217,0.7617460846384538,0.4013888888888889,0.8327359617682198,0.4445067264573991,0.922665988298143,0.4132231404958678,0.7337278106508875,0.8133704735376045,0.7853560682046138,0.6060606060606061,0.38863023768684146,0.8363341204250295,0.601978691019787,0.7645655199840923,0.6506024096385542,0.7547677810186224
150,0.5908,0.5526500000000001,0.4832995951417004,0.29842446709916587,0.40405557641757417,0.34951456310679613,0.7840719760079974,0.425,0.8578255675029869,0.452914798206278,0.9241923174764691,0.4214876033057851,0.7313609467455622,0.8161559888579387,0.7823470411233701,0.6242424242424243,0.38054398431756925,0.8729338842975206,0.6506849315068494,0.7862398091071784,0.6626506024096386,0.7435494727395109
151,0.6019,0.55453,0.507338056680162,0.3438368860055607,0.41306796845662785,0.36893203883495146,0.7577474175274909,0.40694444444444444,0.8336320191158901,0.43553811659192826,0.9313151869753243,0.4297520661157025,0.7136094674556213,0.8161559888579387,0.7893681043129388,0.6060606060606061,0.3959813771134526,0.8533057851239669,0.6156773211567732,0.7335454364684828,0.6144578313253012,0.7264976441552614
152,0.591,0.55352,0.5096153846153846,0.33518690145196167,0.3920390536988359,0.3656957928802589,0.793402199266911,0.4125,0.8578255675029869,0.4433856502242152,0.923429152887306,0.4214876033057851,0.7301775147928994,0.8133704735376045,0.7903711133400201,0.6212121212121212,0.3908355795148248,0.8571428571428571,0.6354642313546424,0.778484788228276,0.6626506024096386,0.7531972178595467
153,0.5886,0.55181,0.48279352226720645,0.29440840284213776,0.398047315058205,0.3851132686084142,0.7917360879706764,0.42777777777777776,0.8575268817204301,0.43946188340807174,0.9262274230475706,0.4214876033057851,0.7242603550295857,0.83008356545961,0.7923771313941825,0.6242424242424243,0.3996569468267582,0.8316115702479339,0.5806697108066972,0.7838536488367469,0.6024096385542169,0.7419789095804352
154,0.5989,0.55267,0.5005060728744939,0.3333333333333333,0.4198272624859181,0.3786407766990291,0.7754081972675775,0.44305555555555554,0.8393070489844683,0.437780269058296,0.9241923174764691,0.4297520661157025,0.7195266272189349,0.8022284122562674,0.7823470411233701,0.6303030303030303,0.38201421220289145,0.8587662337662337,0.6270928462709284,0.7480612447802744,0.6746987951807228,0.7386134170967018
155,0.5908,0.5525100000000001,0.5058198380566802,0.3305529811553908,0.4342846413819001,0.3656957928802589,0.7800733088970343,0.4125,0.8458781362007168,0.4349775784753363,0.9206308827270414,0.4380165289256198,0.7242603550295857,0.8245125348189415,0.7953861584754263,0.6090909090909091,0.38421955403087477,0.8295454545454546,0.601978691019787,0.7685424537681448,0.6385542168674698,0.7435494727395109
156,0.5952,0.5532600000000001,0.49063765182186236,0.30583873957367935,0.3950431843785205,0.4110032362459547,0.7914028657114295,0.43194444444444446,0.8515531660692951,0.44114349775784756,0.930806410582549,0.4297520661157025,0.7325443786982249,0.8161559888579387,0.7863590772316951,0.6181818181818182,0.41190884587111004,0.8392857142857143,0.6149162861491628,0.7707297673493736,0.6867469879518072,0.7482611622167377
157,0.591,0.54985,0.5101214574898786,0.3345690454124189,0.3817123544874202,0.3883495145631068,0.7394201932689104,0.4152777777777778,0.8258661887694145,0.4551569506726457,0.930806410582549,0.45454545454545453,0.7230769230769231,0.8050139275766016,0.7903711133400201,0.5848484848484848,0.39059054153393774,0.8667355371900827,0.6514459665144596,0.7707297673493736,0.6506024096385542,0.7583576396679381
158,0.586,0.5508200000000001,0.4949392712550607,0.31819586036453507,0.40443109275253475,0.36893203883495146,0.7657447517494168,0.425,0.8473715651135006,0.45067264573991034,0.9239379292800814,0.4297520661157025,0.7100591715976331,0.8105849582172702,0.7993981945837513,0.6,0.38323940210732665,0.836629279811098,0.6057838660578386,0.78484788228276,0.6626506024096386,0.7451200358985864
159,0.5883,0.5515399999999999,0.5159412955465587,0.3493975903614458,0.3676304919263988,0.3786407766990291,0.7754081972675775,0.4,0.8521505376344086,0.4579596412556054,0.9285169168150598,0.4297520661157025,0.7337278106508875,0.8272980501392758,0.7913741223671013,0.6090909090909091,0.40749816221514334,0.8541912632821723,0.639269406392694,0.7725193875521973,0.6506024096385542,0.7410814449181063
160,0.5925,0.5548,0.4848178137651822,0.30120481927710846,0.4416072099136312,0.3656957928802589,0.7747417527490836,0.4097222222222222,0.8584229390681004,0.437219730941704,0.9203764945306537,0.4380165289256198,0.7112426035502959,0.8245125348189415,0.8084252758274825,0.6151515151515151,0.36951727517765254,0.8512396694214877,0.6255707762557078,0.7918075164048518,0.6385542168674698,0.7585820058335203
161,0.5883,0.5501900000000001,0.5098684210526315,0.3345690454124189,0.3787082238077356,0.43042071197411,0.7607464178607131,0.4,0.8390083632019116,0.4501121076233184,0.9264818112439582,0.4462809917355372,0.7218934911242604,0.7966573816155988,0.7733199598796389,0.6060606060606061,0.43028669443763784,0.851534828807556,0.6308980213089802,0.7601908928216345,0.6626506024096386,0.7383890509311196
162,0.5901,0.54954,0.49696356275303644,0.3092369477911647,0.42677431468268867,0.4110032362459547,0.7410863045651449,0.4222222222222222,0.8282556750298686,0.42769058295964124,0.9280081404222844,0.4214876033057851,0.714792899408284,0.807799442896936,0.7863590772316951,0.5969696969696969,0.4040676304827248,0.8379574970484062,0.6073059360730594,0.767349373632929,0.6385542168674698,0.7482611622167377
163,0.5922,0.5518,0.47950404858299595,0.2873030583873957,0.416447615471273,0.3656957928802589,0.753082305898034,0.43194444444444446,0.8393070489844683,0.4461883408071749,0.9282625286186721,0.4462809917355372,0.7100591715976331,0.8022284122562674,0.7953861584754263,0.603030303030303,0.37564322469982847,0.8509445100354192,0.632420091324201,0.7760986279578445,0.6506024096385542,0.768005384787974
164,0.5894,0.55144,0.4982287449392713,0.3132530120481928,0.4034923019151333,0.39805825242718446,0.7647450849716761,0.4013888888888889,0.8461768219832736,0.452914798206278,0.9277537522258967,0.4380165289256198,0.7289940828402367,0.8217270194986073,0.7773319959879639,0.5969696969696969,0.4038225925018378,0.8367768595041323,0.619482496194825,0.7721216941737921,0.6746987951807228,0.7386134170967018
165,0.5813,0.54965,0.48785425101214575,0.30645659561322214,0.4194517461509576,0.3948220064724919,0.7650783072309231,0.4111111111111111,0.8479689366786141,0.4344170403587444,0.9236835410836938,0.4380165289256198,0.7183431952662722,0.8133704735376045,0.7833500501504513,0.6060606060606061,0.4143592256799804,0.8530106257378984,0.6301369863013698,0.8071187114734539,0.6506024096385542,0.747588063719991
166,0.5955,0.55196,0.5174595141700404,0.3447636700648749,0.4025535110777319,0.3883495145631068,0.7807397534155281,0.4152777777777778,0.8422939068100358,0.4624439461883408,0.9295344696006105,0.4380165289256198,0.7301775147928994,0.8105849582172702,0.7773319959879639,0.6121212121212121,0.3942661112472433,0.8333825265643447,0.617199391171994,0.7399085305229668,0.6265060240963856,0.7307606013013238
167,0.5874,0.5525599999999999,0.48355263157894735,0.29904232313870865,0.44367254975591436,0.3883495145631068,0.7670776407864045,0.41805555555555557,0.8473715651135006,0.4445067264573991,0.9231747646909183,0.4380165289256198,0.7266272189349112,0.8217270194986073,0.7743229689067201,0.6060606060606061,0.3925508453810341,0.8568476977567887,0.639269406392694,0.8116921853251143,0.6626506024096386,0.7500560915413955
168,0.585,0.55072,0.49873481781376516,0.3163422922459067,0.40030041306796843,0.37540453074433655,0.76541152949017,0.4097222222222222,0.8557347670250897,0.4501121076233184,0.9280081404222844,0.4297520661157025,0.7301775147928994,0.8272980501392758,0.7933801404212638,0.6,0.3908355795148248,0.8488783943329398,0.6248097412480974,0.7900178962020282,0.6746987951807228,0.7561139780121158
169,0.5984,0.55342,0.5129048582995951,0.338585109669447,0.3907247465264739,0.4077669902912621,0.7617460846384538,0.41944444444444445,0.8384109916367981,0.4501121076233184,0.930806410582549,0.4214876033057851,0.714792899408284,0.8245125348189415,0.7763289869608826,0.6212121212121212,0.4214653271257045,0.8720484061393152,0.6643835616438356,0.7470670113342612,0.6626506024096386,0.7408570787525242
170,0.5854,0.54904,0.521255060728745,0.3456904541241891,0.42902741269245215,0.40129449838187703,0.7710763078973676,0.4111111111111111,0.8443847072879331,0.4439461883408072,0.9252098702620198,0.4132231404958678,0.7337278106508875,0.8384401114206128,0.7853560682046138,0.6151515151515151,0.4018622886547415,0.8268890200708382,0.604261796042618,0.7665539868761185,0.6506024096385542,0.7522997531972179
171,0.5951,0.55321,0.5354251012145749,0.3614457831325301,0.4012392039053699,0.3883495145631068,0.7727424191936021,0.4041666666666667,0.8336320191158901,0.45123318385650224,0.9247010938692445,0.4380165289256198,0.7396449704142012,0.8161559888579387,0.7803410230692076,0.6060606060606061,0.3861798578779711,0.8745572609208973,0.6689497716894978,0.7611851262676477,0.6987951807228916,0.7536459501907112
172,0.5869,0.5509499999999999,0.5055668016194332,0.3290083410565338,0.42940292902741267,0.3883495145631068,0.7680773075641453,0.4152777777777778,0.8437873357228196,0.4461883408071749,0.9302976341897736,0.4214876033057851,0.7325443786982249,0.8189415041782729,0.7833500501504513,0.6151515151515151,0.4023523646165156,0.8302833530106257,0.6149162861491628,0.7868363491747863,0.6385542168674698,0.7603769351581782
173,0.6001,0.55535,0.5220141700404858,0.35125115848007415,0.411190386781825,0.3818770226537217,0.757080973008997,0.425,0.8348267622461171,0.4439461883408072,0.9277537522258967,0.4297520661157025,0.7266272189349112,0.8189415041782729,0.7823470411233701,0.5969696969696969,0.385689781916197,0.8699822904368358,0.6621004566210046,0.7578047325512031,0.7108433734939759,0.7639667938074939
174,0.5873,0.5503,0.520242914979757,0.3497065183812172,0.41062711227938414,0.4077669902912621,0.773075641452849,0.41388888888888886,0.8494623655913979,0.4489910313901345,0.9272449758331214,0.4132231404958678,0.7266272189349112,0.8133704735376045,0.7763289869608826,0.6090909090909091,0.39720656701788776,0.8471074380165289,0.6316590563165906,0.7713263074169815,0.6746987951807228,0.7482611622167377
175,0.5929,0.55281,0.5030364372469636,0.3259190608588199,0.42358242583552386,0.3818770226537217,0.7674108630456514,0.42777777777777776,0.8369175627240143,0.4349775784753363,0.9262274230475706,0.4132231404958678,0.7230769230769231,0.807799442896936,0.7823470411233701,0.5848484848484848,0.3996569468267582,0.8603896103896104,0.6529680365296804,0.773712467687413,0.6867469879518072,0.7653129908009872
176,0.5833,0.5482899999999999,0.5270748987854251,0.35156008649984555,0.36293653773939166,0.3948220064724919,0.7627457514161946,0.3902777777777778,0.8449820788530465,0.4489910313901345,0.9302976341897736,0.4297520661157025,0.7313609467455622,0.8384401114206128,0.8044132397191575,0.5757575757575758,0.40039206076941924,0.8605371900826446,0.6468797564687976,0.7667528335653211,0.6385542168674698,0.7381646847655373
177,0.5974,0.55549,0.5296052631578947,0.36422613531047265,0.46207285016898236,0.39158576051779936,0.7890703098967011,0.41944444444444445,0.8539426523297491,0.43329596412556054,0.9188501653523277,0.4214876033057851,0.7289940828402367,0.8105849582172702,0.7873620862587764,0.6303030303030303,0.3741729968145063,0.8457792207792207,0.6270928462709284,0.7669516802545238,0.6626506024096386,0.7502804577069778
178,0.5935,0.5546,0.49468623481781376,0.31448872412727835,0.36669170108899735,0.42071197411003236,0.7740753082305898,0.4152777777777778,0.8467741935483871,0.4366591928251121,0.9295344696006105,0.4132231404958678,0.7183431952662722,0.807799442896936,0.7803410230692076,0.6151515151515151,0.43102180838029897,0.8736717827626919,0.6567732115677322,0.7703320739709684,0.6746987951807228,0.7684541171191385
179,0.5838,0.5511199999999999,0.5144230769230769,0.33580475749150446,0.39016147202403306,0.3948220064724919,0.7907364211929356,0.4083333333333333,0.8566308243727598,0.4405829596412556,0.9287713050114474,0.4297520661157025,0.7420118343195267,0.8133704735376045,0.7733199598796389,0.6090909090909091,0.4143592256799804,0.8136068476977568,0.5905631659056316,0.7957844501889043,0.6506024096385542,0.7457931343953332
180,0.5944,0.5538700000000001,0.4590080971659919,0.2554834723509422,0.42377018400300415,0.4077669902912621,0.777407530823059,0.45555555555555555,0.8506571087216248,0.4445067264573991,0.9376748918850165,0.4380165289256198,0.7171597633136094,0.7994428969359332,0.7803410230692076,0.6242424242424243,0.42269051703013966,0.8696871310507674,0.6445966514459666,0.8037383177570093,0.6746987951807228,0.7448956697330043
181,0.5858,0.55111,0.534665991902834,0.3546493666975595,0.4284641381900113,0.37216828478964403,0.7677440853048983,0.4027777777777778,0.8428912783751493,0.43553811659192826,0.922665988298143,0.4380165289256198,0.736094674556213,0.8272980501392758,0.7963891675025075,0.5909090909090909,0.38054398431756925,0.838547815820543,0.6095890410958904,0.7794790216742892,0.6746987951807228,0.7359210231097151
182,0.59,0.5514,0.5098684210526315,0.32282978066110596,0.39372887720615846,0.39158576051779936,0.7910696434521826,0.4375,0.8545400238948626,0.4327354260089686,0.9269905876367337,0.4297520661157025,0.7349112426035503,0.8272980501392758,0.7953861584754263,0.6242424242424243,0.418034795393286,0.8344155844155844,0.6080669710806698,0.764167826605687,0.6987951807228916,0.7574601750056091
183,0.5901,0.5505,0.500253036437247,0.32282978066110596,0.40931280510702217,0.3818770226537217,0.7650783072309231,0.4111111111111111,0.8458781362007168,0.4461883408071749,0.9257186466547952,0.4297520661157025,0.7171597633136094,0.8133704735376045,0.8004012036108324,0.593939393939394,0.3967164910561137,0.880608028335301,0.6605783866057838,0.7747067011334261,0.7228915662650602,0.741754543414853
184,0.5893,0.5498,0.5149291497975709,0.34692616620327466,0.4089372887720616,0.4045307443365696,0.7677440853048983,0.4111111111111111,0.8399044205495818,0.437219730941704,0.922665988298143,0.4297520661157025,0.7195266272189349,0.8189415041782729,0.7963891675025075,0.6,0.39867679490321,0.8540436835891382,0.632420091324201,0.7578047325512031,0.7108433734939759,0.762171864482836
185,0.5857,0.54776,0.5407388663967612,0.38368860055607046,0.42996620352985354,0.41423948220064727,0.7394201932689104,0.3958333333333333,0.8264635603345281,0.4344170403587444,0.9198677181378784,0.4297520661157025,0.7124260355029586,0.8133704735376045,0.794383149448345,0.5787878787878787,0.4023523646165156,0.8482880755608029,0.6210045662100456,0.7522370252535295,0.6506024096385542,0.7413058110836885
186,0.5836,0.54752,0.5316295546558705,0.36360827927092987,0.4173864063086744,0.3818770226537217,0.7537487504165278,0.39166666666666666,0.8330346475507766,0.4405829596412556,0.9241923174764691,0.4214876033057851,0.7254437869822485,0.8133704735376045,0.7853560682046138,0.5787878787878787,0.4109286939475619,0.8271841794569067,0.5958904109589042,0.7639689799164844,0.6506024096385542,0.7502804577069778
187,0.5814,0.54704,0.5159412955465587,0.34785295026258883,0.39354111903867817,0.3883495145631068,0.7727424191936021,0.3972222222222222,0.8527479091995221,0.4422645739910314,0.9257186466547952,0.4049586776859504,0.7218934911242604,0.8133704735376045,0.8034102306920762,0.5878787878787879,0.411663807890223,0.8590613931523022,0.6286149162861492,0.7749055478226288,0.6867469879518072,0.739735247924613
188,0.581,0.54742,0.4891194331983806,0.30522088353413657,0.4057453999248967,0.37540453074433655,0.7824058647117628,0.43472222222222223,0.8635005973715651,0.4428251121076233,0.926736199440346,0.4214876033057851,0.7207100591715976,0.8217270194986073,0.8014042126379137,0.6272727272727273,0.39500122518990444,0.8422373081463991,0.60882800608828,0.78484788228276,0.6746987951807228,0.7323311644603994
189,0.5798,0.5443100000000001,0.5245445344129555,0.3586654309545876,0.4091250469395419,0.3948220064724919,0.7760746417860713,0.41388888888888886,0.8488649940262843,0.4400224215246637,0.9262274230475706,0.39669421487603307,0.744378698224852,0.8161559888579387,0.7823470411233701,0.6060606060606061,0.41019358000490075,0.8155253837072018,0.5821917808219178,0.7774905547822629,0.6626506024096386,0.7482611622167377
190,0.5859,0.5487,0.5306174089068826,0.36855112758727215,0.42433345850544496,0.39158576051779936,0.7790736421192935,0.41388888888888886,0.8572281959378734,0.4484304932735426,0.9206308827270414,0.4214876033057851,0.7431952662721893,0.8245125348189415,0.7883650952858575,0.6121212121212121,0.3925508453810341,0.8546340023612751,0.639269406392694,0.7693378405249552,0.6987951807228916,0.738837783262284
191,0.5872,0.5489499999999999,0.5169534412955465,0.3376583256101328,0.3892226811866316,0.3851132686084142,0.7770743085638121,0.4263888888888889,0.8569295101553166,0.4422645739910314,0.9262274230475706,0.4214876033057851,0.7301775147928994,0.83008356545961,0.7923771313941825,0.5969696969696969,0.41337907375643224,0.8602420306965761,0.6331811263318112,0.7699343805925631,0.6987951807228916,0.7469149652232443
192,0.5853,0.54974,0.49215587044534415,0.30120481927710846,0.3897859556890725,0.4110032362459547,0.7887370876374542,0.4263888888888889,0.8703703703703703,0.4445067264573991,0.9247010938692445,0.4297520661157025,0.727810650887574,0.8272980501392758,0.7973921765295887,0.603030303030303,0.41190884587111004,0.8478453364817001,0.6316590563165906,0.7963809902565122,0.6987951807228916,0.7518510208660534
193,0.5855,0.5478500000000001,0.4984817813765182,0.31448872412727835,0.39297784453623735,0.4077669902912621,0.7584138620459847,0.3972222222222222,0.850358422939068,0.45067264573991034,0.9297888577969983,0.4297520661157025,0.7337278106508875,0.8328690807799443,0.7883650952858575,0.5727272727272728,0.411663807890223,0.8760330578512396,0.6537290715372908,0.7914098230264466,0.7228915662650602,0.7399596140901952
194,0.5819,0.54596,0.5020242914979757,0.3345690454124189,0.41963950431843783,0.41423948220064727,0.8000666444518494,0.41388888888888886,0.8694743130227002,0.4400224215246637,0.9285169168150598,0.4214876033057851,0.7431952662721893,0.83008356545961,0.7933801404212638,0.6151515151515151,0.41460426366086744,0.8381050767414404,0.606544901065449,0.7786836349174786,0.6626506024096386,0.7383890509311196
195,0.586,0.54898,0.5169534412955465,0.3450725980846463,0.41569658280135185,0.4045307443365696,0.7750749750083306,0.4236111111111111,0.8533452807646356,0.4439461883408072,0.9341134571355889,0.4132231404958678,0.7384615384615385,0.8161559888579387,0.7963891675025075,0.603030303030303,0.4123989218328841,0.8416469893742621,0.60882800608828,0.76894014714655,0.6867469879518072,0.7608256674893427
196,0.5809,0.54721,0.4888663967611336,0.3046030274945938,0.4399173864063087,0.3851132686084142,0.7687437520826391,0.42916666666666664,0.8449820788530465,0.4439461883408072,0.9285169168150598,0.4132231404958678,0.7325443786982249,0.83008356545961,0.7843530591775326,0.6060606060606061,0.40700808625336926,0.8119834710743802,0.5821917808219178,0.7941936766752834,0.6746987951807228,0.7601525689925959
197,0.5889,0.5494,0.527834008097166,0.3571207908557306,0.37420202778820877,0.42071197411003236,0.7564145284905032,0.4166666666666667,0.8446833930704899,0.43385650224215244,0.9259730348511829,0.4214876033057851,0.727810650887574,0.8217270194986073,0.8034102306920762,0.6,0.43371722617005637,0.8862160566706021,0.6689497716894978,0.7597931994432293,0.7108433734939759,0.7303118689701593
198,0.5786,0.54704,0.5017712550607287,0.3209762125424776,0.41813743897859557,0.3948220064724919,0.7794068643785405,0.43333333333333335,0.8533452807646356,0.4383408071748879,0.9206308827270414,0.4297520661157025,0.7325443786982249,0.8328690807799443,0.7973921765295887,0.6181818181818182,0.41337907375643224,0.8409090909090909,0.6187214611872146,0.7910121296480414,0.6867469879518072,0.759255104330267
199,0.5876,0.54839,0.5134109311740891,0.34291010194624655,0.42095381149079986,0.40129449838187703,0.769076974341886,0.42083333333333334,0.8366188769414575,0.43890134529147984,0.9330959043500382,0.4049586776859504,0.7349112426035503,0.8189415041782729,0.7833500501504513,0.5909090909090909,0.4307767703994119,0.849025974025974,0.6210045662100456,0.7703320739709684,0.6987951807228916,0.7325555306259816
