round,global_acc,per_client_gen_acc,client_lr,local_c00,local_c01,local_c02,local_c03,local_c04,local_c05,local_c06,local_c07,local_c08,local_c09,local_c10,local_c11,local_c12,local_c13,local_c14,local_c15,local_c16,local_c17,local_c18,local_c19
0,0.1005,0.1005,0.0001,0.0025568908207619537,0.0018512804689910522,0.0009389671361502347,0.016181229773462782,0.0031446540880503146,0.0074850299401197605,0.7361702127659574,0.02961135101789019,0.22893860066634936,0.04017857142857143,0.0015078407720144752,0.5782122905027933,0.4322678843226788,0.05511811023622047,0.006948304613674263,0.3404627649231966,0.00202020202020202,0.1056131429689028,0.03314917127071823,0.002810041213937804
1,0.136,0.136,5.4777381592430174e-05,0.11301457427767835,0.038876889848812095,0.009389671361502348,0.032362459546925564,0.005031446540880503,0.016467065868263474,0.7056737588652482,0.09932140653917335,0.32793907663017613,0.049107142857142856,0.03528347406513872,0.5810055865921788,0.38711314053779805,0.05511811023622047,0.013896609227348526,0.3418238382267159,0.011672278338945005,0.24545276745550557,0.03867403314917127,0.023604346197077557
2,0.1487,0.1487,4.264586095814593e-05,0.2799795448734339,0.13761184819500155,0.006009389671361502,0.032362459546925564,0.005660377358490566,0.025449101796407185,0.4014184397163121,0.18568784700801974,0.3436458829128986,0.03571428571428571,0.06604342581423402,0.39664804469273746,0.1917808219178082,0.06299212598425197,0.02028904947192885,0.15302352712424655,0.008978675645342313,0.45765695286524544,0.04419889502762431,0.05732484076433121
3,0.1546,0.1546,3.760369509109296e-05,0.30989516747634877,0.13822894168466524,0.005446009389671361,0.032362459546925564,0.005660377358490566,0.025449101796407185,0.35106382978723405,0.2146822948797039,0.3717277486910995,0.04017857142857143,0.07720144752714113,0.40502793296089384,0.16489091831557584,0.05511811023622047,0.02529182879377432,0.12871864670425823,0.007407407407407408,0.4903187952278506,0.049723756906077346,0.05863619333083552
4,0.158,0.158,3.525620195432566e-05,0.31194068013295834,0.13514347423634682,0.006572769953051643,0.025889967637540454,0.006289308176100629,0.02245508982035928,0.3475177304964539,0.22208513263417642,0.38933841028081867,0.04017857142857143,0.08232810615199035,0.4134078212290503,0.16032470826991374,0.05511811023622047,0.02612562534741523,0.13046859809449737,0.007856341189674524,0.4948171327987483,0.055248618784530384,0.05863619333083552
5,0.16,0.16,3.462952736299485e-05,0.31577601636410124,0.1373033014501697,0.007136150234741784,0.02912621359223301,0.006918238993710692,0.023952095808383235,0.3588652482269504,0.22331893892658852,0.3945740123750595,0.04017857142857143,0.08443908323281062,0.4273743016759777,0.1598173515981735,0.05511811023622047,0.0264035575319622,0.137468403655454,0.00920314253647587,0.5036182280461569,0.055248618784530384,0.05938553765455227
6,0.1623,0.1623,3.600933632696979e-05,0.32677064689337765,0.14409132983647022,0.007511737089201878,0.03559870550161812,0.006918238993710692,0.025449101796407185,0.36028368794326243,0.2282541640962369,0.39171822941456447,0.044642857142857144,0.0853437876960193,0.42178770949720673,0.15220700152207,0.07086614173228346,0.02584769316286826,0.13474625704841534,0.010101010101010102,0.5186778799139449,0.06077348066298342,0.06219557886849007
7,0.1669,0.1669,4.035806705360301e-05,0.3306059831245206,0.148410984264116,0.007887323943661971,0.03559870550161812,0.006918238993710692,0.025449101796407185,0.3723404255319149,0.22887106724244294,0.39552594002855784,0.044642857142857144,0.0853437876960193,0.4329608938547486,0.15575849822425164,0.07086614173228346,0.027237354085603113,0.1370795255687342,0.010101010101010102,0.5243496968511637,0.06077348066298342,0.06331959535406519
8,0.1698,0.1698,4.7918427299009636e-05,0.3410892354896446,0.16044430731255785,0.006384976525821596,0.03559870550161812,0.006918238993710692,0.02844311377245509,0.37446808510638296,0.2325724861196792,0.3940980485483103,0.04017857142857143,0.0856453558504222,0.4329608938547486,0.15626585489599187,0.07874015748031496,0.02612562534741523,0.13221854948473655,0.00920314253647587,0.5390181889301779,0.06077348066298342,0.06725365305357812
9,0.173,0.173,5.7109773479169235e-05,0.3400664791613398,0.15396482567108918,0.0067605633802816905,0.03559870550161812,0.006918238993710692,0.029940119760479042,0.4,0.23750771128932757,0.407425035697287,0.04017857142857143,0.08685162846803378,0.4581005586592179,0.16793505834601724,0.07874015748031496,0.027237354085603113,0.14991250243048804,0.010101010101010102,0.5413651476628203,0.06629834254143646,0.06875234170101162
10,0.1775,0.1775,6.626152026001364e-05,0.35080542060854003,0.1703178031471768,0.006572769953051643,0.032362459546925564,0.006918238993710692,0.029940119760479042,0.40070921985815605,0.23565700185070945,0.40599714421703953,0.03571428571428571,0.08715319662243667,0.4581005586592179,0.1628614916286149,0.07874015748031496,0.027237354085603113,0.14077386739257242,0.00920314253647587,0.5697242323489146,0.06629834254143646,0.07306107156238291
11,0.1812,0.1812,7.47207595850341e-05,0.36180005113781644,0.18111693921629127,0.006572769953051643,0.032362459546925564,0.008176100628930818,0.03143712574850299,0.4,0.23627390499691547,0.4036173250832937,0.03571428571428571,0.08745476477683957,0.4441340782122905,0.16539827498731607,0.07874015748031496,0.027515286270150083,0.14194050165273187,0.009427609427609427,0.588304322315666,0.06629834254143646,0.07680779318096666
12,0.1852,0.1852,8.259103196905926e-05,0.36358987471234977,0.18913915458191916,0.007511737089201878,0.03559870550161812,0.008176100628930818,0.03293413173652695,0.4177304964539007,0.23442319555829735,0.4040932889100428,0.04017857142857143,0.08685162846803378,0.4441340782122905,0.1735159817351598,0.07874015748031496,0.026959421901056144,0.14991250243048804,0.010325476992143659,0.6021904948171328,0.07734806629834254,0.0775571375046834
13,0.1873,0.1873,8.9914959971793e-05,0.35898747123497826,0.18142548596112312,0.00863849765258216,0.032362459546925564,0.008176100628930818,0.03293413173652695,0.4553191489361702,0.23689080814312152,0.418848167539267,0.04017857142857143,0.08745476477683957,0.4692737430167598,0.19076610857432774,0.07874015748031496,0.027793218454697052,0.16877308963639898,0.011447811447811448,0.5953451985135928,0.07734806629834254,0.07643312101910828
14,0.1897,0.1897,9.650208812672645e-05,0.3837893121963692,0.207034865782166,0.008826291079812207,0.03559870550161812,0.008176100628930818,0.0344311377245509,0.4205673758865248,0.2405922270203578,0.41266063779152784,0.04017857142857143,0.08956574185765984,0.4441340782122905,0.1643835616438356,0.07874015748031496,0.028349082823790995,0.14057942834921253,0.00920314253647587,0.6366125562292196,0.0718232044198895,0.08167853128512552
15,0.1934,0.1934,0.0001,0.3796982868831501,0.20148102437519283,0.010892018779342722,0.03559870550161812,0.008176100628930818,0.0344311377245509,0.4652482269503546,0.23935842072794572,0.4250356972870062,0.049107142857142856,0.08866103739445115,0.4692737430167598,0.19228817858954844,0.07874015748031496,0.029738743746525846,0.16216216216216217,0.010998877665544332,0.6303539996088402,0.0718232044198895,0.08074185088047958
16,0.1974,0.1974,0.0001,0.3912042955765789,0.21413144091329836,0.017652582159624414,0.03559870550161812,0.008176100628930818,0.0344311377245509,0.44397163120567373,0.243059839605182,0.421703950499762,0.049107142857142856,0.08986731001206273,0.46089385474860334,0.18011161846778284,0.07874015748031496,0.029738743746525846,0.15282908808088663,0.011896745230078564,0.6481517699980442,0.06077348066298342,0.08392656425627576
17,0.1996,0.1996,0.0001,0.3945282536435694,0.21567417463745758,0.020657276995305163,0.03559870550161812,0.008176100628930818,0.03592814371257485,0.4595744680851064,0.2418260333127699,0.4255116611137554,0.05357142857142857,0.08956574185765984,0.4776536312849162,0.18924403855910704,0.08661417322834646,0.03001667593107282,0.15963445459848338,0.012121212121212121,0.652454527674555,0.055248618784530384,0.0848632446609217
18,0.2022,0.2022,0.0001,0.4021989261058553,0.22184510953409442,0.0307981220657277,0.03559870550161812,0.00880503144654088,0.038922155688622756,0.45602836879432623,0.24552745219000616,0.42836744407425037,0.05357142857142857,0.08956574185765984,0.4776536312849162,0.18772196854388634,0.08661417322834646,0.03001667593107282,0.16235660120552206,0.01526374859708193,0.6653628007040876,0.055248618784530384,0.086174597227426
19,0.2059,0.2059,0.0001,0.40884684223983636,0.2230792965134218,0.038497652582159626,0.03559870550161812,0.010062893081761006,0.040419161676646706,0.45177304964539006,0.2486119679210364,0.4336030461684912,0.049107142857142856,0.09197828709288298,0.4692737430167598,0.1856925418569254,0.07874015748031496,0.030572540300166758,0.1631343573789617,0.016610549943883276,0.6725992567964013,0.06629834254143646,0.08804795803671787
20,0.2089,0.2089,0.0001,0.4078240859115316,0.22369639000308547,0.05070422535211268,0.03559870550161812,0.011949685534591196,0.04341317365269461,0.47304964539007094,0.2473781616286243,0.43693479295573534,0.0625,0.09258142340168878,0.4748603351955307,0.197869101978691,0.07874015748031496,0.030572540300166758,0.1716896752867976,0.017732884399551067,0.6751417954234304,0.06077348066298342,0.08711127763207194
21,0.2111,0.2111,0.0001,0.408335464075684,0.22462203023758098,0.061220657276995306,0.03559870550161812,0.011949685534591196,0.04341317365269461,0.47375886524822697,0.2486119679210364,0.44121846739647785,0.06696428571428571,0.09227985524728588,0.4748603351955307,0.19583967529173008,0.07874015748031496,0.03029460811561979,0.18043943223799339,0.019977553310886645,0.6788578134167808,0.06629834254143646,0.08860996627950543
22,0.2173,0.2173,9.763673733687028e-05,0.4075683968294554,0.22523912372724467,0.08694835680751174,0.03559870550161812,0.012578616352201259,0.05089820359281437,0.48226950354609927,0.2486119679210364,0.43788672060923367,0.06696428571428571,0.09137515078407721,0.48044692737430167,0.19533231861998984,0.07874015748031496,0.03001667593107282,0.1950223604899864,0.0244668911335578,0.6763152747897516,0.07734806629834254,0.0906706631697265
23,0.2197,0.2197,9.531945397611707e-05,0.40322168243416007,0.22215365627892625,0.10122065727699531,0.03559870550161812,0.012578616352201259,0.05239520958083832,0.4900709219858156,0.24676125848241826,0.4397905759162304,0.07142857142857142,0.09137515078407721,0.4888268156424581,0.2100456621004566,0.07874015748031496,0.029738743746525846,0.20610538596150108,0.02558922558922559,0.6755329552122041,0.07734806629834254,0.0919820157362308
24,0.2212,0.2212,9.345521539216861e-05,0.4062899514190744,0.22153656278926256,0.10948356807511737,0.03559870550161812,0.013836477987421384,0.05239520958083832,0.4900709219858156,0.24922887106724245,0.43883864826273206,0.08035714285714286,0.09288299155609167,0.48324022346368717,0.20903094875697614,0.07874015748031496,0.029738743746525846,0.21193855726229827,0.029180695847362513,0.6774887541560728,0.07734806629834254,0.08973398276508056
25,0.2234,0.2234,9.240272629540414e-05,0.4055228841728458,0.22184510953409442,0.12018779342723004,0.03559870550161812,0.013836477987421384,0.05389221556886228,0.4978723404255319,0.2486119679210364,0.4421703950499762,0.08035714285714286,0.09288299155609167,0.4888268156424581,0.213089802130898,0.07874015748031496,0.029738743746525846,0.21757728951973557,0.031874298540965205,0.6772931742616859,0.07734806629834254,0.09216935181715999
26,0.2291,0.2291,9.212381701217964e-05,0.40526719509076964,0.21999382906510337,0.1444131455399061,0.03559870550161812,0.016352201257861635,0.05239520958083832,0.5014184397163121,0.25046267735965455,0.44550214183722037,0.08035714285714286,0.09499396863691194,0.4888268156424581,0.21562658548959918,0.10236220472440945,0.03001667593107282,0.23254909585844838,0.040179573512906845,0.675728535106591,0.08287292817679558,0.09516672911202698
27,0.2295,0.2295,9.245888941222802e-05,0.4055228841728458,0.2203023758099352,0.1472300469483568,0.038834951456310676,0.013836477987421384,0.05389221556886228,0.5113475177304965,0.24922887106724245,0.44455021418372204,0.08035714285714286,0.09408926417370325,0.5,0.2207001522070015,0.08661417322834646,0.03029460811561979,0.24052109663620455,0.038159371492704826,0.675728535106591,0.08287292817679558,0.09423004870738104
28,0.2327,0.2327,9.33239352889359e-05,0.4085911531577602,0.2240049367479173,0.1723943661971831,0.038834951456310676,0.01949685534591195,0.06287425149700598,0.4978723404255319,0.2510795805058606,0.4431223227034745,0.08482142857142858,0.0974065138721351,0.49441340782122906,0.21055301877219684,0.11023622047244094,0.03001667593107282,0.23760451098580596,0.041301907968574636,0.6819870917269705,0.08287292817679558,0.10116148370176097
29,0.2351,0.2351,9.456620318815112e-05,0.40910253132191254,0.22462203023758098,0.172018779342723,0.042071197411003236,0.023270440251572325,0.06437125748502993,0.5120567375886524,0.24922887106724245,0.44455021418372204,0.08928571428571429,0.10012062726176116,0.5083798882681564,0.2161339421613394,0.11023622047244094,0.030572540300166758,0.24440987750340268,0.0430976430976431,0.6815959319381968,0.08287292817679558,0.10509554140127389
30,0.2403,0.2403,9.59897370194085e-05,0.405778573254922,0.22215365627892625,0.19211267605633803,0.03559870550161812,0.03522012578616352,0.07035928143712575,0.5219858156028369,0.25046267735965455,0.447405997144217,0.09821428571428571,0.1155006031363088,0.5223463687150838,0.22323693556570268,0.11023622047244094,0.0311284046692607,0.2545207077581178,0.04668911335578002,0.6786622335223939,0.08839779005524862,0.10659423004870738
31,0.2449,0.2449,9.754724305821583e-05,0.4021989261058553,0.21845109534094415,0.20431924882629107,0.038834951456310676,0.04905660377358491,0.07934131736526946,0.5439716312056737,0.2510795805058606,0.45216563541170873,0.10714285714285714,0.12635705669481304,0.5335195530726257,0.23845763571790968,0.11023622047244094,0.0311284046692607,0.26910363601011084,0.04983164983164983,0.6731859964795619,0.08839779005524862,0.10753091045335332
32,0.2472,0.2472,9.903190220938995e-05,0.4073127077473792,0.22153656278926256,0.21220657276995306,0.038834951456310676,0.048427672955974846,0.07934131736526946,0.5319148936170213,0.25046267735965455,0.4497858162779629,0.10267857142857142,0.13118214716525936,0.5223463687150838,0.22881785895484524,0.11023622047244094,0.0311284046692607,0.266575928446432,0.05409652076318743,0.6804224525718756,0.08839779005524862,0.10790558261521169
33,0.2551,0.2551,0.0001,0.40322168243416007,0.22061092255476705,0.24262910798122067,0.038834951456310676,0.06792452830188679,0.08832335329341318,0.5432624113475177,0.2510795805058606,0.4564493098524512,0.10714285714285714,0.13781664656212303,0.5391061452513967,0.24403855910705224,0.11023622047244094,0.03085047248471373,0.28193661287186467,0.05589225589225589,0.6759241150009779,0.09392265193370165,0.11577369801423754
34,0.256,0.256,0.0001,0.4068013295832268,0.22122801604443074,0.24356807511737089,0.038834951456310676,0.06981132075471698,0.08832335329341318,0.5375886524822695,0.25169648365206665,0.4564493098524512,0.10714285714285714,0.14083232810615198,0.5335195530726257,0.23947234906139014,0.11023622047244094,0.032240133407448586,0.26677036748979194,0.05117845117845118,0.6843340504596127,0.08839779005524862,0.11689771449981266
35,0.2609,0.2609,0.0001,0.4029659933520839,0.2165998148719531,0.2591549295774648,0.04854368932038835,0.09559748427672957,0.09730538922155689,0.5446808510638298,0.25169648365206665,0.4645406949071871,0.125,0.16043425814234016,0.547486033519553,0.25164890918315574,0.11811023622047244,0.03168426903835464,0.2844643204355435,0.05701459034792368,0.6765108546841385,0.11602209944751381,0.11745972274260022
36,0.2645,0.2645,0.0001,0.40526719509076964,0.218759642085776,0.25370892018779345,0.04854368932038835,0.11886792452830189,0.09880239520958084,0.551063829787234,0.25169648365206665,0.4640647310804379,0.12053571428571429,0.1779252110977081,0.547486033519553,0.2496194824961948,0.11811023622047244,0.03196220122290161,0.2881586622593817,0.060381593714927045,0.6796401329943281,0.12154696132596685,0.12532783814162607
37,0.2683,0.2683,0.0001,0.39887496803886474,0.2113545202098118,0.27286384976525824,0.04854368932038835,0.14088050314465408,0.1062874251497006,0.5638297872340425,0.2541640962368908,0.4745359352689196,0.13392857142857142,0.19782870928829915,0.5698324022346368,0.2709284627092846,0.12598425196850394,0.032240133407448586,0.29515846782033833,0.057912457912457915,0.668883238803051,0.11602209944751381,0.12289246908954665
38,0.2694,0.2694,0.0001,0.4047558169266172,0.21721690836161678,0.27624413145539906,0.04854368932038835,0.1320754716981132,0.10479041916167664,0.5567375886524822,0.25601480567550894,0.4726320799619229,0.12946428571428573,0.19059107358262967,0.5558659217877095,0.26230339928970065,0.12598425196850394,0.032795997776542525,0.2941862726035388,0.06374859708193041,0.677097594367299,0.12154696132596685,0.1309479205695017
39,0.2727,0.2727,0.0001,0.4055228841728458,0.21567417463745758,0.28788732394366195,0.04854368932038835,0.14528301886792452,0.1092814371257485,0.5574468085106383,0.25724861196792104,0.4740599714421704,0.14285714285714285,0.1963208685162847,0.5558659217877095,0.2633181126331811,0.12598425196850394,0.033073929961089495,0.29224188216993974,0.0632996632996633,0.6804224525718756,0.11602209944751381,0.1337579617834395
40,0.2748,0.2748,0.0001,0.4062899514190744,0.21814254859611232,0.2984037558685446,0.04854368932038835,0.14779874213836477,0.11676646706586827,0.5609929078014184,0.25601480567550894,0.4788196097096621,0.14732142857142858,0.19662243667068757,0.5586592178770949,0.26991374936580415,0.12598425196850394,0.033351862145636464,0.2976861753840171,0.06509539842873176,0.6810091922550362,0.12154696132596685,0.13563132259273136
41,0.2805,0.2805,9.94220536085777e-05,0.40373306059831243,0.21783400185128046,0.31342723004694834,0.04854368932038835,0.16289308176100628,0.12275449101796407,0.5638297872340425,0.2553979025293029,0.4797715373631604,0.16071428571428573,0.20778045838359469,0.5558659217877095,0.2709284627092846,0.11811023622047244,0.033351862145636464,0.30701924946529263,0.06891133557800225,0.6804224525718756,0.13259668508287292,0.14556013488197828
42,0.2804,0.2804,9.873952512862161e-05,0.40398874968038867,0.21721690836161678,0.29784037558685444,0.05177993527508091,0.17861635220125785,0.12275449101796407,0.5553191489361702,0.2578655151141271,0.48453117563065207,0.17857142857142858,0.22617611580217128,0.5642458100558659,0.2749873160832065,0.11811023622047244,0.0339077265147304,0.30643593233521293,0.07654320987654321,0.6814003520438099,0.14917127071823205,0.14818284001498688
43,0.2851,0.2851,9.811059862840921e-05,0.4062899514190744,0.22277074976858993,0.3288262910798122,0.04854368932038835,0.17735849056603772,0.12425149700598802,0.5638297872340425,0.25478099938309684,0.47786768205616376,0.16071428571428573,0.21531966224366708,0.553072625698324,0.27143581938102485,0.12598425196850394,0.033073929961089495,0.3066303713785728,0.06958473625140292,0.6862898494034814,0.143646408839779,0.15024353690520795
44,0.2874,0.2874,9.75401999312453e-05,0.405778573254922,0.22091946929959888,0.3275117370892019,0.05177993527508091,0.20125786163522014,0.13023952095808383,0.5617021276595745,0.2541640962368908,0.4811994288434079,0.20089285714285715,0.2322074788902292,0.5558659217877095,0.2749873160832065,0.13385826771653545,0.033073929961089495,0.31071359128913084,0.0734006734006734,0.6837473107764522,0.16022099447513813,0.15455226676657924
45,0.2922,0.2922,9.698861686047167e-05,0.39785221171055996,0.212897253933971,0.3245070422535211,0.05501618122977346,0.21635220125786164,0.1347305389221557,0.5680851063829787,0.25601480567550894,0.4930985245121371,0.20535714285714285,0.24969843184559712,0.5558659217877095,0.28361237950279045,0.13385826771653545,0.033629794330183434,0.320824421543846,0.08282828282828283,0.6776843340504596,0.1712707182320442,0.16204571000374673
46,0.2917,0.2917,9.650857100496069e-05,0.40961390948606496,0.2224622030237581,0.328075117370892,0.05501618122977346,0.21257861635220127,0.13323353293413173,0.5602836879432624,0.25848241826033314,0.49167063303188957,0.20535714285714285,0.24306393244873342,0.5502793296089385,0.2795535261288686,0.12598425196850394,0.0339077265147304,0.3002138829476959,0.08395061728395062,0.6903970271856054,0.17679558011049723,0.16485575121768453
47,0.2947,0.2947,9.619746560929343e-05,0.4047558169266172,0.2165998148719531,0.3333333333333333,0.05825242718446602,0.22264150943396227,0.1347305389221557,0.5617021276595745,0.25724861196792104,0.5026178010471204,0.20982142857142858,0.25784077201447525,0.5558659217877095,0.2856418061897514,0.12598425196850394,0.0339077265147304,0.30507485903169357,0.08327721661054995,0.6845296303539996,0.19337016574585636,0.1697264893218434
48,0.2953,0.2953,9.587855311110616e-05,0.40961390948606496,0.22061092255476705,0.3421596244131455,0.05501618122977346,0.21635220125786164,0.13323353293413173,0.5602836879432624,0.256631708821715,0.4969062351261304,0.20982142857142858,0.25090470446320867,0.5502793296089385,0.2856418061897514,0.12598425196850394,0.0339077265147304,0.3144079331129691,0.09090909090909091,0.688050068452963,0.19889502762430938,0.1669164481079056
49,0.2967,0.2967,9.560141188558191e-05,0.4047558169266172,0.21474853440296204,0.3404694835680751,0.05825242718446602,0.2270440251572327,0.13323353293413173,0.5624113475177305,0.2621838371375694,0.504521656354117,0.21428571428571427,0.26417370325693607,0.5558659217877095,0.29426686960933535,0.12598425196850394,0.0339077265147304,0.3118802255492903,0.09090909090909091,0.6849207901427733,0.20441988950276244,0.17066316972648932
50,0.3028,0.3028,9.549658716423437e-05,0.40373306059831243,0.21752545510644863,0.36338028169014086,0.05825242718446602,0.23962264150943396,0.1347305389221557,0.5609929078014184,0.2578655151141271,0.4954783436458829,0.22321428571428573,0.27864897466827504,0.5446927374301676,0.29274479959411465,0.12598425196850394,0.033351862145636464,0.3134357378961696,0.09988776655443322,0.683942890670839,0.2265193370165746,0.17890595728737355
51,0.2993,0.2993,9.565174696035683e-05,0.4055228841728458,0.21536562789262573,0.3489201877934272,0.05825242718446602,0.24339622641509434,0.1377245508982036,0.5609929078014184,0.2628007402837754,0.4973821989528796,0.22321428571428573,0.2852834740651387,0.553072625698324,0.2932521562658549,0.13385826771653545,0.0339077265147304,0.31071359128913084,0.1037037037037037,0.6864854292978682,0.2154696132596685,0.1710378418883477
52,0.3068,0.3068,9.570745169185102e-05,0.4019432370237791,0.21413144091329836,0.35380281690140847,0.05825242718446602,0.25471698113207547,0.13622754491017963,0.5631205673758866,0.2590993214065392,0.5069014754878629,0.23214285714285715,0.29794933655006034,0.547486033519553,0.30796549974632165,0.12598425196850394,0.0339077265147304,0.3128524207660898,0.11313131313131314,0.6843340504596127,0.22099447513812154,0.19370550768077932
53,0.3045,0.3045,9.575672447681427e-05,0.4065456405011506,0.21999382906510337,0.3571830985915493,0.061488673139158574,0.24213836477987422,0.13622754491017963,0.5617021276595745,0.2615669339913634,0.5092812946216088,0.22767857142857142,0.2861881785283474,0.5614525139664804,0.3028919330289193,0.12598425196850394,0.03474152306837132,0.30507485903169357,0.10662177328843996,0.6911793467631527,0.22099447513812154,0.19220681903334583
54,0.3079,0.3079,9.588260581949726e-05,0.3998977243671695,0.2122801604443073,0.35812206572769956,0.06472491909385113,0.2490566037735849,0.1347305389221557,0.5709219858156028,0.26095003084515733,0.5049976201808662,0.22767857142857142,0.2955367913148372,0.5502793296089385,0.3160832064941654,0.13385826771653545,0.03418565869927738,0.33249076414544043,0.11627384960718294,0.6835517308820653,0.2265193370165746,0.1837766953915324
55,0.3124,0.3124,9.60301113082096e-05,0.4016875479417029,0.21351434742363468,0.36187793427230047,0.06472491909385113,0.27044025157232704,0.13922155688622753,0.5602836879432624,0.25971622455274523,0.5064255116611137,0.23214285714285715,0.3088057901085645,0.5446927374301676,0.32014205986808725,0.13385826771653545,0.0339077265147304,0.3264631538012833,0.13535353535353536,0.6825738314101311,0.23756906077348067,0.19295616335706256
56,0.3147,0.3147,9.614836017135531e-05,0.4016875479417029,0.21413144091329836,0.36375586854460096,0.06472491909385113,0.28176100628930817,0.1407185628742515,0.5645390070921986,0.25848241826033314,0.5102332222751071,0.24553571428571427,0.3148371531966224,0.5502793296089385,0.3267376966007103,0.13385826771653545,0.03474152306837132,0.3254909585844838,0.13804713804713806,0.6802268726774887,0.23756906077348067,0.20269763956538028
57,0.3166,0.3166,9.616560419090092e-05,0.3975965226284838,0.20888614625115706,0.36225352112676057,0.06472491909385113,0.2943396226415094,0.13922155688622753,0.5638297872340425,0.26095003084515733,0.5135649690623513,0.25892857142857145,0.3220747889022919,0.553072625698324,0.32166412988330795,0.13385826771653545,0.03474152306837132,0.3293797394516819,0.13849607182940515,0.6786622335223939,0.23756906077348067,0.21337579617834396
58,0.3194,0.3194,9.632004366721958e-05,0.40424443876246485,0.218759642085776,0.37652582159624415,0.06796116504854369,0.28867924528301886,0.14520958083832336,0.5574468085106383,0.2603331276989513,0.5116611137553546,0.2544642857142857,0.3169481302774427,0.553072625698324,0.3343480466768138,0.12598425196850394,0.03501945525291829,0.31324129885280966,0.1506172839506173,0.6833561509876784,0.2596685082872928,0.21768452603971525
59,0.3194,0.3194,9.651225263951346e-05,0.40526719509076964,0.21690836161678495,0.36826291079812207,0.06472491909385113,0.28364779874213836,0.1437125748502994,0.5645390070921986,0.26095003084515733,0.5159447881960971,0.25892857142857145,0.3130277442702051,0.553072625698324,0.3318112633181126,0.13385826771653545,0.03529738743746526,0.3235465681508847,0.14702581369248036,0.683942890670839,0.2596685082872928,0.22068190333458224
60,0.3233,0.3233,9.669834253145382e-05,0.39708514446433135,0.2122801604443073,0.38215962441314555,0.06796116504854369,0.3081761006289308,0.1467065868263473,0.5666666666666667,0.25971622455274523,0.5149928605425987,0.2767857142857143,0.34047044632086854,0.5558659217877095,0.33688483003551495,0.13385826771653545,0.03529738743746526,0.3344351545790395,0.15578002244668912,0.6767064345785253,0.2541436464088398,0.22236792806294492
61,0.324,0.324,9.689183934824541e-05,0.39350549731526463,0.20950323974082075,0.37370892018779345,0.06796116504854369,0.3081761006289308,0.14820359281437126,0.5808510638297872,0.2615669339913634,0.5226082817705854,0.28125,0.3428829915560917,0.5586592178770949,0.34297311009639775,0.13385826771653545,0.03613118399110617,0.3373517402294381,0.1463524130190797,0.6763152747897516,0.2430939226519337,0.2345447733233421
62,0.3267,0.3267,9.725293784867972e-05,0.4016875479417029,0.21536562789262573,0.37539906103286386,0.07119741100323625,0.3062893081761006,0.15119760479041916,0.5631205673758866,0.2646514497223936,0.5188005711565921,0.2767857142857143,0.3428829915560917,0.5642458100558659,0.3541349568746829,0.14173228346456693,0.03779877709838799,0.31985222632704646,0.17194163860830528,0.6794445530999413,0.27071823204419887,0.22892469089546646
63,0.3326,0.3326,9.753667109180242e-05,0.39606238813602657,0.21536562789262573,0.39098591549295775,0.0744336569579288,0.30377358490566037,0.15419161676646706,0.5702127659574469,0.2621838371375694,0.5221323179438363,0.28125,0.3398673100120627,0.5614525139664804,0.3622526636225266,0.14960629921259844,0.03696498054474708,0.3326852031888003,0.18742985409652077,0.6769020144729122,0.27071823204419887,0.23772948669913826
64,0.3301,0.3301,9.765667346073315e-05,0.40501150600869346,0.22863313792039494,0.3815962441314554,0.0744336569579288,0.29748427672955974,0.15568862275449102,0.5666666666666667,0.26095003084515733,0.5178486435030938,0.28125,0.3347406513872135,0.5614525139664804,0.3526128868594622,0.14173228346456693,0.03724291272929405,0.33774061831615787,0.17777777777777778,0.6817915118325836,0.27071823204419887,0.23772948669913826
65,0.3318,0.3318,9.77365707512945e-05,0.39606238813602657,0.21413144091329836,0.3723943661971831,0.07119741100323625,0.31446540880503143,0.15269461077844312,0.5666666666666667,0.2646514497223936,0.5264159923845788,0.2857142857142857,0.347708082026538,0.5642458100558659,0.35514967021816335,0.13385826771653545,0.03835464146748194,0.3373517402294381,0.1840628507295174,0.6776843340504596,0.26519337016574585,0.24690895466466842
66,0.3361,0.3361,9.786628652364016e-05,0.39248274098695984,0.2150570811477939,0.38460093896713615,0.07119741100323625,0.3264150943396226,0.1601796407185629,0.5645390070921986,0.26588525601480567,0.5245121370775822,0.29017857142857145,0.35675512665862485,0.5726256983240223,0.3663115169964485,0.14173228346456693,0.04141189549749861,0.34260159440015553,0.1984287317620651,0.6741638959514962,0.27624309392265195,0.24241288872236794
67,0.3374,0.3374,9.798875544220209e-05,0.39887496803886474,0.21906818883060783,0.38253521126760565,0.0744336569579288,0.31572327044025156,0.15868263473053892,0.5624113475177305,0.26835286859962987,0.5245121370775822,0.29464285714285715,0.35072376357056695,0.5642458100558659,0.36580416032470825,0.14173228346456693,0.042245692051139525,0.33171300797200076,0.20852974186307519,0.6782710737336202,0.287292817679558,0.247470962907456
68,0.3386,0.3386,9.799617691896856e-05,0.38788033750958834,0.20148102437519283,0.38685446009389673,0.07119741100323625,0.3421383647798742,0.16467065868263472,0.5794326241134752,0.26835286859962987,0.5302237029985721,0.3169642857142857,0.37605548854041015,0.5754189944134078,0.3800101471334348,0.14173228346456693,0.04391328515842134,0.34065720396655647,0.21683501683501682,0.6661451202816351,0.2983425414364641,0.24016485575121768
69,0.3398,0.3398,9.812325879465789e-05,0.3963180772181028,0.2196852823202715,0.3755868544600939,0.0744336569579288,0.33081761006289306,0.1661676646706587,0.5652482269503546,0.2689697717458359,0.5321275583055688,0.3080357142857143,0.3603739445114596,0.5782122905027933,0.3632673769660071,0.14173228346456693,0.0433574207893274,0.33696286214271826,0.20067340067340067,0.6745550557402699,0.287292817679558,0.2557137504683402
70,0.3442,0.3442,9.812941425479949e-05,0.39861927895678856,0.22091946929959888,0.38892018779342724,0.0744336569579288,0.32452830188679244,0.1751497005988024,0.5645390070921986,0.2677359654534238,0.5283198476915755,0.29464285714285715,0.35645355850422195,0.5698324022346368,0.3668188736681887,0.14960629921259844,0.04502501389660923,0.34532374100719426,0.21818181818181817,0.6743594758458831,0.292817679558011,0.26095916073435743
71,0.3455,0.3455,9.804295405047014e-05,0.39145998465865506,0.21197161369947548,0.39136150234741784,0.07119741100323625,0.3389937106918239,0.18263473053892215,0.5702127659574469,0.26835286859962987,0.5321275583055688,0.32142857142857145,0.36972255729794934,0.5865921787709497,0.3708777270421106,0.14960629921259844,0.048082267926625906,0.3455181800505541,0.22065095398428733,0.6692743985918248,0.2983425414364641,0.2592731360059948
72,0.3468,0.3468,9.811259224079549e-05,0.3991306571209409,0.23141005862388153,0.39211267605633804,0.0744336569579288,0.3289308176100629,0.18862275449101795,0.5553191489361702,0.2665021591610117,0.5264159923845788,0.30357142857142855,0.3594692400482509,0.5782122905027933,0.36732623033992895,0.15748031496062992,0.04697053918843802,0.35135135135135137,0.2222222222222222,0.6733815763739488,0.30386740331491713,0.26845260397152493
73,0.3475,0.3475,9.801812120713294e-05,0.39606238813602657,0.22061092255476705,0.39230046948356806,0.08414239482200647,0.3471698113207547,0.19311377245508982,0.5702127659574469,0.27143738433066006,0.5340314136125655,0.33482142857142855,0.3784680337756333,0.5921787709497207,0.3678335870116692,0.15748031496062992,0.051973318510283494,0.34512930196383435,0.2159371492704826,0.6692743985918248,0.292817679558011,0.2695766204571
74,0.3494,0.3494,9.801705891732126e-05,0.3917156737407313,0.21320580067880285,0.39661971830985915,0.08414239482200647,0.35157232704402513,0.18862275449101795,0.573049645390071,0.27267119062307216,0.5378391242265588,0.3392857142857143,0.3854041013268999,0.5977653631284916,0.3713850837138508,0.15748031496062992,0.05030572540300167,0.34590705813727396,0.22424242424242424,0.6677097594367299,0.30939226519337015,0.2697639565380292
75,0.3517,0.3517,9.799067629501224e-05,0.39427256456149323,0.22338784325825362,0.38065727699530516,0.08414239482200647,0.3339622641509434,0.18413173652694612,0.5609929078014184,0.2745219000616903,0.5368871965730605,0.32589285714285715,0.3733413751507841,0.5921787709497207,0.3835616438356164,0.14960629921259844,0.055030572540300166,0.3412405210966362,0.24983164983164982,0.6720125171132407,0.32044198895027626,0.27838141626077184
76,0.3536,0.3536,9.795455844141543e-05,0.3947839427256456,0.22493057698241284,0.39624413145539905,0.08737864077669903,0.33773584905660375,0.19011976047904192,0.5638297872340425,0.2720542874768661,0.5416468348405521,0.33482142857142855,0.37273823884197826,0.5893854748603352,0.3729071537290715,0.15748031496062992,0.054474708171206226,0.3466848143107136,0.2345679012345679,0.6724036769020145,0.32044198895027626,0.28924690895466465
77,0.3557,0.3557,9.795177902560681e-05,0.39606238813602657,0.22215365627892625,0.4108920187793427,0.09061488673139159,0.3635220125786163,0.19910179640718562,0.5539007092198581,0.2769895126465145,0.5306996668253213,0.34375,0.3971652593486128,0.5837988826815642,0.3820395738203957,0.14960629921259844,0.05919955530850472,0.3373517402294381,0.2518518518518518,0.6639937414433796,0.3259668508287293,0.2823154739602847
78,0.3531,0.3531,9.794448124011979e-05,0.39350549731526463,0.2196852823202715,0.39154929577464787,0.08737864077669903,0.3654088050314465,0.19610778443113772,0.5723404255319149,0.2806909315237508,0.5435506901475488,0.34375,0.4013872135102533,0.6005586592178771,0.3789954337899543,0.16535433070866143,0.061145080600333516,0.34260159440015553,0.2377104377104377,0.664776061020927,0.32044198895027626,0.2847508430123642
79,0.3585,0.3585,9.786606824491173e-05,0.39887496803886474,0.22925023141005862,0.40075117370892016,0.08090614886731391,0.35283018867924526,0.19161676646706588,0.5581560283687943,0.28192473781616284,0.5373631603998096,0.34375,0.38630880579010857,0.5893854748603352,0.38711314053779805,0.14960629921259844,0.06058921623123958,0.3641843282131052,0.25611672278338943,0.6641893213377664,0.3314917127071823,0.28119145747470964
80,0.3549,0.3549,9.801137639442459e-05,0.4016875479417029,0.22894168466522677,0.39023474178403755,0.08414239482200647,0.3440251572327044,0.19610778443113772,0.5709219858156028,0.2862430598396052,0.5406949071870538,0.33482142857142855,0.3841978287092883,0.6005586592178771,0.3774733637747336,0.16535433070866143,0.06475819899944414,0.35251798561151076,0.23681257014590348,0.6704478779581459,0.3149171270718232,0.27913076058448855
81,0.3599,0.3599,9.79552132776007e-05,0.4001534134492457,0.2298673248997223,0.40093896713615024,0.08737864077669903,0.3522012578616352,0.19610778443113772,0.5574468085106383,0.28439235040098704,0.5373631603998096,0.3482142857142857,0.38902291917973464,0.5893854748603352,0.3876204972095383,0.15748031496062992,0.06642579210672596,0.35135135135135137,0.2601571268237935,0.667514179542343,0.3370165745856354,0.2873735481453728
82,0.358,0.358,9.795276855584234e-05,0.395295320889798,0.22153656278926256,0.39511737089201876,0.0970873786407767,0.3622641509433962,0.19760479041916168,0.5702127659574469,0.29549660703269587,0.5445026178010471,0.35714285714285715,0.4028950542822678,0.611731843575419,0.3997970573313039,0.15748031496062992,0.07782101167315175,0.3447404238771145,0.2675645342312009,0.6630158419714454,0.34806629834254144,0.2772573997751967
83,0.3621,0.3621,9.794981451705098e-05,0.39887496803886474,0.22863313792039494,0.39605633802816903,0.09061488673139159,0.35660377358490564,0.19910179640718562,0.5553191489361702,0.2917951881554596,0.5473584007615421,0.3482142857142857,0.3968636911942099,0.5893854748603352,0.3967529173008625,0.16535433070866143,0.07059477487493052,0.3439626677036749,0.27474747474747474,0.6630158419714454,0.3425414364640884,0.29224428624953164
84,0.3635,0.3635,9.791814954951406e-05,0.3983635898747124,0.22832459117556309,0.40619718309859154,0.09061488673139159,0.37484276729559746,0.20508982035928144,0.5652482269503546,0.28439235040098704,0.5473584007615421,0.36607142857142855,0.41254523522316044,0.5949720670391061,0.404363267376966,0.16535433070866143,0.06392440244580322,0.35621232743534903,0.2769921436588103,0.6561705456679053,0.3425414364640884,0.2980517047583365
85,0.3601,0.3601,9.807285823626444e-05,0.4016875479417029,0.23079296513421785,0.40431924882629106,0.09385113268608414,0.35786163522012576,0.19760479041916168,0.5624113475177305,0.2887106724244294,0.5459305092812946,0.35714285714285715,0.3944511459589867,0.5949720670391061,0.389142567224759,0.16535433070866143,0.0669816564758199,0.36068442543262685,0.26352413019079685,0.6661451202816351,0.3370165745856354,0.29074559760209817
86,0.3642,0.3642,9.81074117589742e-05,0.4016875479417029,0.23387843258253627,0.40619718309859154,0.10032362459546926,0.3540880503144654,0.20508982035928144,0.5666666666666667,0.30104873534855026,0.5497382198952879,0.36160714285714285,0.39384800965018096,0.6005586592178771,0.3987823439878234,0.16535433070866143,0.08226792662590328,0.35096247326463154,0.26891133557800223,0.663407001760219,0.3370165745856354,0.2999250655676283
87,0.3646,0.3646,9.82246856437996e-05,0.4078240859115316,0.23758099352051837,0.40338028169014084,0.0970873786407767,0.34968553459119495,0.20209580838323354,0.5624113475177305,0.29796421961752007,0.5459305092812946,0.36160714285714285,0.39475271411338964,0.5977653631284916,0.39624556062912225,0.16535433070866143,0.07865480822679266,0.3560178883919891,0.2668911335578002,0.6643849012321533,0.3425414364640884,0.28624953165979766
88,0.3669,0.3669,9.822737774811685e-05,0.4073127077473792,0.23850663375501388,0.4028169014084507,0.10355987055016182,0.3610062893081761,0.20808383233532934,0.5624113475177305,0.3016656384947563,0.5483103284150405,0.3705357142857143,0.39776839565741856,0.5921787709497207,0.3921867072552004,0.16535433070866143,0.08171206225680934,0.3581567178689481,0.26666666666666666,0.6639937414433796,0.3370165745856354,0.30442113150992883
89,0.3677,0.3677,9.816142119234428e-05,0.4004091025313219,0.22585621721690835,0.3996244131455399,0.11326860841423948,0.3855345911949686,0.21107784431137724,0.5638297872340425,0.30845157310302285,0.5592574964302713,0.3705357142857143,0.4188781664656212,0.6005586592178771,0.3987823439878234,0.16535433070866143,0.1000555864369094,0.34299047248687536,0.27048260381593714,0.6563661255622922,0.35359116022099446,0.3132259273136006
90,0.3699,0.3699,9.826850146055222e-05,0.39861927895678856,0.2261647639617402,0.40507042253521125,0.11003236245954692,0.36981132075471695,0.20059880239520958,0.5787234042553191,0.3090684762492289,0.5544978581627796,0.36607142857142855,0.41405307599517494,0.611731843575419,0.41603247082699135,0.16535433070866143,0.09171762090050027,0.35699008360878864,0.2799102132435466,0.6579307647173871,0.3425414364640884,0.2978643686774073
91,0.3701,0.3701,9.832072828430682e-05,0.40398874968038867,0.23326133909287258,0.39868544600938965,0.10679611650485436,0.379874213836478,0.21407185628742514,0.5652482269503546,0.3090684762492289,0.5521180390290338,0.3705357142857143,0.41556091676718937,0.5921787709497207,0.40233384069000505,0.16535433070866143,0.09366314619232907,0.3552401322185495,0.2781144781144781,0.6555838059847447,0.34806629834254144,0.30648182840014987
92,0.3712,0.3712,9.838964615482837e-05,0.40986959856814115,0.23758099352051837,0.39286384976525823,0.11003236245954692,0.36666666666666664,0.21107784431137724,0.5680851063829787,0.30845157310302285,0.552594002855783,0.3794642857142857,0.41073582629674305,0.6061452513966481,0.4074074074074074,0.16535433070866143,0.08949416342412451,0.3527124246548707,0.2765432098765432,0.6639937414433796,0.34806629834254144,0.30236043461970774
93,0.3731,0.3731,9.853603114606813e-05,0.4111480439785221,0.24282628818265967,0.39568075117370893,0.11003236245954692,0.360377358490566,0.2125748502994012,0.5673758865248227,0.31030228254164094,0.5564017134697763,0.3705357142857143,0.40530759951749096,0.5977653631284916,0.4074074074074074,0.16535433070866143,0.0933852140077821,0.352129107524791,0.28327721661054994,0.6622335223938979,0.3425414364640884,0.31397527163731737
94,0.3739,0.3739,9.840507846092805e-05,0.405778573254922,0.236346806541191,0.39868544600938965,0.11326860841423948,0.3660377358490566,0.2125748502994012,0.5673758865248227,0.31276989512646514,0.5592574964302713,0.3705357142857143,0.41133896260554886,0.6005586592178771,0.4150177574835109,0.1732283464566929,0.10061145080600334,0.35699008360878864,0.2843995510662177,0.6604733033444162,0.34806629834254144,0.3177219932559011
95,0.3752,0.3752,9.847828187048435e-05,0.40986959856814115,0.24251774143782784,0.40469483568075115,0.11326860841423948,0.3635220125786163,0.2155688622754491,0.5666666666666667,0.31276989512646514,0.5535459305092812,0.36607142857142855,0.4083232810615199,0.5949720670391061,0.410958904109589,0.1732283464566929,0.10200111172873819,0.358351156912308,0.28911335578002245,0.6637981615489927,0.34806629834254144,0.31434994379917575
96,0.3764,0.3764,9.8431934020482e-05,0.4055228841728458,0.23542116630669546,0.40300469483568074,0.11650485436893204,0.3786163522012579,0.22005988023952097,0.573049645390071,0.3170882171499075,0.5635411708710139,0.3705357142857143,0.4143546441495778,0.6033519553072626,0.40994419076610855,0.18110236220472442,0.11423012784880489,0.3552401322185495,0.2787878787878788,0.6581263446117739,0.35359116022099446,0.3332708879730236
97,0.3759,0.3759,9.837461402639747e-05,0.40884684223983636,0.2406664609688368,0.40206572769953053,0.11650485436893204,0.3635220125786163,0.21407185628742514,0.5666666666666667,0.3158544108574954,0.5621132793907663,0.36160714285714285,0.4104342581423402,0.6005586592178771,0.4211060375443937,0.1732283464566929,0.10894941634241245,0.35485125413182966,0.29337822671156005,0.6639937414433796,0.35359116022099446,0.33233420756837767
98,0.3765,0.3765,9.835560922510922e-05,0.41089235489644593,0.2415921012033323,0.39906103286384975,0.11326860841423948,0.36477987421383645,0.2155688622754491,0.5695035460992908,0.3170882171499075,0.5654450261780105,0.36607142857142855,0.4116405307599518,0.6089385474860335,0.42212075088787415,0.1732283464566929,0.10728182323513062,0.3552401322185495,0.2927048260381594,0.6653628007040876,0.35911602209944754,0.3332708879730236
99,0.3796,0.3796,9.841319115366787e-05,0.4111480439785221,0.24282628818265967,0.4067605633802817,0.11326860841423948,0.3779874213836478,0.22305389221556887,0.5695035460992908,0.3170882171499075,0.5616373155640171,0.36607142857142855,0.413751507840772,0.6089385474860335,0.4200913242009132,0.18110236220472442,0.11284046692607004,0.3554345712619094,0.2942760942760943,0.6610600430275768,0.35911602209944754,0.3368302735106782
100,0.3765,0.32708,0.0001,0.43850677576067504,0.43659364393705646,0.29070422535211266,0.5501618122977346,0.33647798742138363,0.16467065868263472,0.5851063829787234,0.11906230721776681,0.36696811042360783,0.29910714285714285,0.3308202653799759,0.4664804469273743,0.30796549974632165,0.13385826771653545,0.5389105058365758,0.26968695314019053,0.09023569023569024,0.4670447877958146,0.1878453038674033,0.39246908954664667
101,0.3774,0.32821,0.0001,0.4630529276399898,0.4557235421166307,0.3004694835680751,0.5210355987055016,0.32767295597484275,0.1601796407185629,0.5943262411347517,0.12276372609500308,0.3426939552594003,0.29910714285714285,0.3356453558504222,0.49162011173184356,0.31100963977676305,0.13385826771653545,0.5011117287381879,0.2797977833949057,0.10235690235690235,0.45589673381576373,0.20994475138121546,0.3578119145747471
102,0.3731,0.32673,0.0001,0.4400409102531322,0.44677568651650723,0.3092957746478873,0.5566343042071198,0.32767295597484275,0.1631736526946108,0.5957446808510638,0.12399753238741518,0.3626844359828653,0.28125,0.3265983112183353,0.4776536312849162,0.31405377980720445,0.13385826771653545,0.5366870483602001,0.27085358740035,0.09719416386083053,0.47271660473303345,0.1878453038674033,0.3516298239040839
103,0.3717,0.32680000000000003,0.0001,0.44847864996164666,0.45263807466831224,0.31417840375586853,0.5307443365695793,0.30754716981132074,0.15718562874251496,0.6078014184397164,0.12584824182603332,0.36363636363636365,0.28125,0.31574185765983115,0.48044692737430167,0.3242009132420091,0.13385826771653545,0.5050027793218455,0.2821310519152246,0.09180695847362515,0.4793663211421866,0.18232044198895028,0.3533158486324466
104,0.3714,0.32697000000000004,0.0001,0.4564050115060087,0.46806541190990436,0.3164319248826291,0.5145631067961165,0.32452830188679244,0.1601796407185629,0.601418439716312,0.12584824182603332,0.3584007615421228,0.29017857142857145,0.33021712907117007,0.4776536312849162,0.3206494165398275,0.12598425196850394,0.48916064480266813,0.28426988139218357,0.09494949494949495,0.4752591433600626,0.19337016574585636,0.34807043836642937
105,0.3699,0.32609999999999995,0.0001,0.44847864996164666,0.4572662758407899,0.3154929577464789,0.5210355987055016,0.3232704402515723,0.15868263473053892,0.6099290780141844,0.13016656384947564,0.3755354593050928,0.2857142857142857,0.32599517490952956,0.4888268156424581,0.3297818366311517,0.12598425196850394,0.49221789883268485,0.28757534512930194,0.08866442199775533,0.480148640719734,0.18232044198895028,0.3535031847133758
106,0.366,0.32369,0.0001,0.4564050115060087,0.4742363468065412,0.3083568075117371,0.5080906148867314,0.33584905660377357,0.1631736526946108,0.5872340425531914,0.13016656384947564,0.37077582103760115,0.2857142857142857,0.3335343787696019,0.4664804469273743,0.319634703196347,0.12598425196850394,0.4741523068371317,0.28154773478514483,0.09068462401795735,0.48640719734011345,0.1712707182320442,0.3535031847133758
107,0.3645,0.32471,9.914347174344584e-05,0.44950140628995144,0.47485344029620485,0.31661971830985913,0.49514563106796117,0.3251572327044025,0.15568862275449102,0.6056737588652482,0.13633559531153608,0.38219895287958117,0.29017857142857145,0.3232810615199035,0.48044692737430167,0.3297818366311517,0.12598425196850394,0.45775430794886046,0.29593622399377795,0.08821548821548822,0.4912966946997849,0.17679558011049723,0.34863244660921694
108,0.3628,0.32396,9.765984577825293e-05,0.4461774482229609,0.4594261030546128,0.32018779342723,0.511326860841424,0.31886792452830187,0.15568862275449102,0.5907801418439717,0.1431215299198026,0.38791051880057115,0.29017857142857145,0.3205669481302774,0.46368715083798884,0.3236935565702689,0.12598425196850394,0.47026125625347415,0.2784367100913864,0.09831649831649832,0.5092900449833757,0.19337016574585636,0.3563132259273136
109,0.3612,0.32507,9.638763731345534e-05,0.44310917923804655,0.46775686516507253,0.3275117370892019,0.47572815533980584,0.34088050314465407,0.15718562874251496,0.599290780141844,0.13880320789636028,0.3898143741075678,0.29017857142857145,0.33323281061519905,0.4720670391061452,0.32775240994419075,0.12598425196850394,0.4483046136742635,0.2904919307797006,0.09090909090909091,0.5008801095247408,0.17679558011049723,0.350693143499438
110,0.3631,0.32731,9.562112245475873e-05,0.4341600613653797,0.44893551373033014,0.3322065727699531,0.47896440129449835,0.34779874213836476,0.15868263473053892,0.6035460992907802,0.1462060456508328,0.3964778676820562,0.29017857142857145,0.33745476477683956,0.4776536312849162,0.328259766615931,0.12598425196850394,0.4508060033351862,0.28990861364962084,0.10617283950617284,0.5045961275180911,0.20441988950276244,0.347695766204571
111,0.3615,0.32714,9.498579311184585e-05,0.4395295320889798,0.4557235421166307,0.3376525821596244,0.46601941747572817,0.3440251572327044,0.15718562874251496,0.6042553191489362,0.15175817396668723,0.393146120894812,0.29017857142857145,0.3350422195416164,0.48044692737430167,0.3272450532724505,0.13385826771653545,0.43190661478599224,0.3035193466848143,0.10505050505050505,0.5059651867787991,0.19337016574585636,0.3445110528287748
112,0.3528,0.32191000000000003,9.470057557336986e-05,0.4344157504474559,0.4615859302684357,0.3322065727699531,0.44336569579288027,0.34779874213836476,0.15868263473053892,0.5914893617021276,0.15114127082048118,0.40218943360304615,0.28125,0.3353437876960193,0.45251396648044695,0.32927447995941145,0.12598425196850394,0.41078376876042244,0.29963056581761616,0.10078563411896745,0.5167220809700763,0.1878453038674033,0.36118396403147246
113,0.3525,0.32321,9.473808313487098e-05,0.4308361032983892,0.46806541190990436,0.3301408450704225,0.4401294498381877,0.35974842767295595,0.16167664670658682,0.599290780141844,0.15175817396668723,0.40218943360304615,0.29017857142857145,0.34318455971049455,0.46368715083798884,0.3333333333333333,0.14173228346456693,0.3977209560867148,0.31829671398016723,0.10572390572390572,0.5087033053002151,0.19889502762430938,0.3553765455226677
114,0.35,0.3236,9.492906974628568e-05,0.417540271030427,0.4501697007096575,0.3353990610328639,0.42718446601941745,0.3591194968553459,0.1631736526946108,0.5964539007092199,0.1554595928439235,0.41361256544502617,0.29910714285714285,0.33866103739445114,0.44692737430167595,0.3333333333333333,0.13385826771653545,0.3952195664257921,0.3058526152051332,0.10168350168350168,0.5292391942108351,0.19889502762430938,0.36418134132633945
115,0.3483,0.32386,9.527220390737057e-05,0.42623369982101766,0.4572662758407899,0.3414084507042254,0.41423948220064727,0.3484276729559748,0.15718562874251496,0.6078014184397164,0.1591610117211598,0.4117087101380295,0.29910714285714285,0.3323281061519904,0.46089385474860334,0.328259766615931,0.14173228346456693,0.37854363535297386,0.3217966167606455,0.09674523007856341,0.5298259338939957,0.1878453038674033,0.3505058074185088
116,0.3478,0.32298,9.564530773786828e-05,0.42572232165686524,0.44955260721999385,0.3414084507042254,0.39805825242718446,0.34779874213836476,0.15718562874251496,0.6042553191489362,0.1566933991363356,0.410280818657782,0.29017857142857145,0.33293124246079614,0.44972067039106145,0.3328259766615931,0.14173228346456693,0.3496386881600889,0.3142134940696092,0.09988776655443322,0.5306082534715432,0.1878453038674033,0.3621206444361184
117,0.3461,0.3236,9.604976366972551e-05,0.4124264893889031,0.4470842332613391,0.3461032863849765,0.4077669902912621,0.3522012578616352,0.1601796407185629,0.5971631205673759,0.16903146206045652,0.43407900999524035,0.29464285714285715,0.3293124246079614,0.4329608938547486,0.33384069000507355,0.13385826771653545,0.3690939410783769,0.31090803033249076,0.10168350168350168,0.5482104439663602,0.20441988950276244,0.3623079805170476
118,0.3481,0.32597,9.636057075113058e-05,0.39427256456149323,0.41962357297130515,0.3476056338028169,0.42394822006472493,0.3559748427672956,0.1601796407185629,0.6120567375886525,0.17520049352251696,0.43883864826273206,0.29464285714285715,0.3350422195416164,0.44972067039106145,0.3328259766615931,0.13385826771653545,0.3921623123957754,0.3058526152051332,0.11447811447811448,0.5484060238607471,0.20994475138121546,0.35668789808917195
119,0.347,0.32606,9.669440623838454e-05,0.41830733827665556,0.44893551373033014,0.3412206572769953,0.3656957928802589,0.36163522012578614,0.1631736526946108,0.6070921985815603,0.16779765576804442,0.4293193717277487,0.29910714285714285,0.34047044632086854,0.43854748603351956,0.3358701166920345,0.14173228346456693,0.339911061700945,0.3299630565817616,0.10774410774410774,0.5396049286133385,0.20441988950276244,0.35687523417010114
120,0.3433,0.32445,9.713017789181322e-05,0.405778573254922,0.4409132983647023,0.3419718309859155,0.37216828478964403,0.35283018867924526,0.15718562874251496,0.6070921985815603,0.18136952498457742,0.4397905759162304,0.29464285714285715,0.3308202653799759,0.4329608938547486,0.3328259766615931,0.13385826771653545,0.35130628126737073,0.31674120163328795,0.11268237934904601,0.5595540778407979,0.20441988950276244,0.3604346197077557
121,0.3401,0.32464,9.755034261615947e-05,0.41728458194835083,0.4662141314409133,0.3607511737089202,0.343042071197411,0.37484276729559746,0.1691616766467066,0.5971631205673759,0.17334978408389884,0.4293193717277487,0.3125,0.3365500603136309,0.42178770949720673,0.32775240994419075,0.14173228346456693,0.3168426903835464,0.3431849115302353,0.11851851851851852,0.5525132016428711,0.2154696132596685,0.3445110528287748
122,0.3433,0.32653,9.783943824004382e-05,0.40271030427000765,0.44307312557852513,0.3515492957746479,0.3592233009708738,0.37295597484276727,0.16766467065868262,0.6021276595744681,0.18445404071560764,0.44121846739647785,0.3125,0.3365500603136309,0.41899441340782123,0.3318112633181126,0.14173228346456693,0.3432462479155086,0.3305463737118413,0.11560044893378227,0.5593584979464111,0.20994475138121546,0.3467590857999251
123,0.3392,0.32565999999999995,9.801208943827078e-05,0.3975965226284838,0.45047824745448933,0.3507981220657277,0.34951456310679613,0.3867924528301887,0.1721556886227545,0.5964539007092199,0.18692165330043184,0.44550214183722037,0.3169642857142857,0.3407720144752714,0.41899441340782123,0.3267376966007103,0.14960629921259844,0.330183435241801,0.3319074470153607,0.1149270482603816,0.5669861138274985,0.2154696132596685,0.350693143499438
124,0.3423,0.32736,9.82399214990437e-05,0.39324980823318845,0.4319654427645788,0.3415962441314554,0.3559870550161812,0.38113207547169814,0.16766467065868262,0.599290780141844,0.189389265885256,0.4569252736792004,0.3125,0.3440892641737033,0.42178770949720673,0.3318112633181126,0.14960629921259844,0.34741523068371316,0.322963251020805,0.11739618406285073,0.5665949540387248,0.22099447513812154,0.35968527538403894
125,0.3378,0.32584,9.849193156696856e-05,0.40398874968038867,0.4557235421166307,0.3539906103286385,0.3300970873786408,0.3849056603773585,0.1751497005988024,0.5985815602836879,0.18260333127698952,0.447405997144217,0.3169642857142857,0.3474065138721351,0.4134078212290503,0.33536276002029425,0.14173228346456693,0.311284046692607,0.35699008360878864,0.12143658810325476,0.5556424799530608,0.2265193370165746,0.34600974147620833
126,0.3392,0.32647,9.867243352346122e-05,0.39810790079263614,0.44585004628201175,0.35061032863849767,0.343042071197411,0.370440251572327,0.16766467065868262,0.6092198581560284,0.19000616903146206,0.4574012375059495,0.32142857142857145,0.3341375150784077,0.41620111731843573,0.3373921867072552,0.14173228346456693,0.3193440800444691,0.3455181800505541,0.11560044893378227,0.5705065519264619,0.22099447513812154,0.35425252903709253
127,0.3393,0.32716,9.862674778560176e-05,0.4029659933520839,0.4514038876889849,0.3603755868544601,0.33980582524271846,0.3836477987421384,0.1721556886227545,0.6099290780141844,0.1875385564466379,0.44835792479771536,0.32589285714285715,0.3383594692400482,0.41620111731843573,0.33992897006595635,0.14173228346456693,0.3043357420789327,0.3556290103052693,0.11560044893378227,0.56503031488363,0.22099447513812154,0.3478831022855002
128,0.3399,0.32843999999999995,9.879565914161503e-05,0.38864740475581694,0.437519284171552,0.36938967136150236,0.34951456310679613,0.38427672955974845,0.17065868263473055,0.6106382978723405,0.1986428130783467,0.45882912898619704,0.33035714285714285,0.33715319662243665,0.41620111731843573,0.3389142567224759,0.14173228346456693,0.32073374096720403,0.3472681314407933,0.12210998877665544,0.5744181498141991,0.22099447513812154,0.341701011614837
129,0.3404,0.32913000000000003,9.88044630503282e-05,0.3901815392482741,0.443381672323357,0.363943661971831,0.34627831715210355,0.39245283018867927,0.17065868263473055,0.6085106382978723,0.19679210363972857,0.45930509281294624,0.33482142857142855,0.34348612786489746,0.41620111731843573,0.33688483003551495,0.13385826771653545,0.31739855475264034,0.34824032665759286,0.1362514029180696,0.5740269900254253,0.23756906077348067,0.3450730610715624
130,0.3389,0.32726,9.884372411761433e-05,0.40322168243416007,0.4507867941993212,0.3523004694835681,0.3333333333333333,0.3805031446540881,0.16766467065868262,0.5936170212765958,0.19925971622455274,0.45168967158495954,0.3169642857142857,0.3401688781664656,0.4106145251396648,0.3287671232876712,0.13385826771653545,0.3046136742634797,0.3445459848337546,0.12749719416386082,0.5771562683356151,0.23756906077348067,0.35406519295616334
131,0.3371,0.328,9.882577433018014e-05,0.38736895934543597,0.4464671397716754,0.3586854460093897,0.3268608414239482,0.389937106918239,0.1781437125748503,0.6042553191489362,0.19925971622455274,0.4607329842931937,0.33035714285714285,0.35193003618817853,0.4134078212290503,0.34145104008117705,0.13385826771653545,0.3010005558643691,0.3610733035193467,0.11829405162738496,0.5703109720320751,0.23204419889502761,0.3550018733608093
132,0.3373,0.32788,9.89650798146613e-05,0.40884684223983636,0.4649799444615859,0.3596244131455399,0.3106796116504854,0.3817610062893082,0.1721556886227545,0.6085106382978723,0.19370758790869833,0.4512137077582104,0.33035714285714285,0.33866103739445114,0.41899441340782123,0.334855403348554,0.13385826771653545,0.2857142857142857,0.3698230604705425,0.12345679012345678,0.5793076471738705,0.2265193370165746,0.34282502810041215
133,0.3385,0.32915,9.899658471113071e-05,0.3958066990539504,0.4588090095649491,0.3592488262910798,0.3333333333333333,0.39245283018867927,0.17365269461077845,0.6049645390070922,0.20357803824799506,0.4607329842931937,0.33035714285714285,0.3468033775633293,0.4106145251396648,0.33688483003551495,0.13385826771653545,0.2998888271261812,0.36593427960334435,0.13019079685746351,0.580089966751418,0.23756906077348067,0.34319970026227054
134,0.3415,0.33167,9.902552119456232e-05,0.39708514446433135,0.4572662758407899,0.3692018779342723,0.30097087378640774,0.3918238993710692,0.1781437125748503,0.6141843971631206,0.19802590993214064,0.45549738219895286,0.33482142857142855,0.3486127864897467,0.41620111731843573,0.3424657534246575,0.13385826771653545,0.28071150639244025,0.3721563289908614,0.12749719416386082,0.5740269900254253,0.23204419889502761,0.34563506931434995
135,0.3418,0.33251,9.903573663905263e-05,0.3899258501661979,0.4538722616476396,0.37145539906103286,0.2977346278317152,0.3905660377358491,0.1781437125748503,0.6184397163120567,0.202961135101789,0.46168491194669203,0.33482142857142855,0.3455971049457177,0.41899441340782123,0.3455098934550989,0.14173228346456693,0.2837687604224569,0.37410071942446044,0.12682379349046016,0.5757872090749071,0.2265193370165746,0.3467590857999251
136,0.341,0.33101,9.915424016071483e-05,0.40245461518793146,0.4597346497994446,0.36018779342723006,0.3106796116504854,0.37924528301886795,0.1661676646706587,0.6120567375886525,0.20913016656384947,0.45882912898619704,0.32589285714285715,0.3353437876960193,0.4134078212290503,0.3373921867072552,0.14173228346456693,0.28793774319066145,0.3610733035193467,0.12682379349046016,0.5869352630549579,0.23204419889502761,0.3450730610715624
137,0.3416,0.3324,9.92663626675494e-05,0.39145998465865506,0.44924406047516197,0.3663849765258216,0.2977346278317152,0.3955974842767296,0.1781437125748503,0.6163120567375886,0.20913016656384947,0.45930509281294624,0.3392857142857143,0.35193003618817853,0.41620111731843573,0.343480466768138,0.14960629921259844,0.2865480822679266,0.3678786700369434,0.13265993265993267,0.5740269900254253,0.2430939226519337,0.3448857249906332
138,0.3437,0.33460999999999996,9.939786832546815e-05,0.3975965226284838,0.4560320888614625,0.37727699530516434,0.2977346278317152,0.3918238993710692,0.1751497005988024,0.6127659574468085,0.21098087600246762,0.45597334602570205,0.33035714285714285,0.34650180940892644,0.4134078212290503,0.33384069000507355,0.14960629921259844,0.28349082823790994,0.36243437682286606,0.13176206509539842,0.5902601212595345,0.2430939226519337,0.3390783064818284
139,0.3418,0.33402000000000004,9.9493823654484e-05,0.3796982868831501,0.44924406047516197,0.3716431924882629,0.31715210355987056,0.39433962264150946,0.1781437125748503,0.6234042553191489,0.2190006169031462,0.4750118990956687,0.33482142857142855,0.34529553679131486,0.4301675977653631,0.3419583967529173,0.14960629921259844,0.2990550305725403,0.364573206299825,0.14231200897867566,0.596518677879914,0.2596685082872928,0.34413638066691643
140,0.3414,0.33428,9.949663945008069e-05,0.3796982868831501,0.4483184202406665,0.37821596244131456,0.3106796116504854,0.39748427672955977,0.18263473053892215,0.6184397163120567,0.21838371375694016,0.4745359352689196,0.33482142857142855,0.3483112183353438,0.41899441340782123,0.33992897006595635,0.14960629921259844,0.2954419121734297,0.3647676453431849,0.13580246913580246,0.5951496186192059,0.24861878453038674,0.34600974147620833
141,0.343,0.33565999999999996,9.958296868717298e-05,0.38864740475581694,0.4480098734958346,0.3815962441314554,0.3106796116504854,0.3955974842767296,0.17964071856287425,0.6177304964539007,0.21961752004935226,0.4683484055211804,0.33482142857142855,0.35193003618817853,0.4245810055865922,0.3439878234398782,0.14960629921259844,0.2918287937743191,0.3760451098580595,0.14388327721661054,0.585370623899863,0.2541436464088398,0.33851629823904084
142,0.343,0.33544,9.963721822714433e-05,0.39350549731526463,0.45294662141314407,0.37746478873239436,0.2912621359223301,0.4006289308176101,0.18113772455089822,0.6163120567375886,0.21838371375694016,0.4654926225606854,0.33482142857142855,0.3555488540410133,0.4273743016759777,0.3439878234398782,0.14960629921259844,0.2784880489160645,0.3781839393350185,0.13468013468013468,0.58556620379425,0.2430939226519337,0.34301236418134134
143,0.3424,0.33654,9.972395491786301e-05,0.3896701610841217,0.4538722616476396,0.38854460093896714,0.3042071197411003,0.39308176100628933,0.1751497005988024,0.6191489361702127,0.22393584207279457,0.4721561161351737,0.33482142857142855,0.34529553679131486,0.4245810055865922,0.33384069000507355,0.14960629921259844,0.29210672595886605,0.36826754812366325,0.1463524130190797,0.6049286133385487,0.2596685082872928,0.3360809291869614
144,0.3429,0.33665,9.959424642147496e-05,0.39324980823318845,0.4631286639925949,0.3752112676056338,0.284789644012945,0.41446540880503147,0.1781437125748503,0.6113475177304964,0.21653300431832204,0.4650166587339362,0.3482142857142857,0.36278648974668276,0.4273743016759777,0.3419583967529173,0.14960629921259844,0.27348526959421904,0.3906280381100525,0.14590347923681257,0.5840015646391551,0.2541436464088398,0.3394529786436868
145,0.3425,0.33697999999999995,9.965366189135239e-05,0.38762464842751215,0.4498611539648257,0.38816901408450705,0.28802588996763756,0.40628930817610065,0.18413173652694612,0.626241134751773,0.22208513263417642,0.46882436934792954,0.3482142857142857,0.35645355850422195,0.43575418994413406,0.34601725012683915,0.14960629921259844,0.2801556420233463,0.3849893058526152,0.14388327721661054,0.5933893995697243,0.24861878453038674,0.3372049456725365
146,0.344,0.3383,9.971098916139454e-05,0.3881360265916645,0.4535637149028078,0.39117370892018777,0.30097087378640774,0.4037735849056604,0.18263473053892215,0.6184397163120567,0.22455274521900062,0.47072822465492625,0.3392857142857143,0.35615199034981904,0.4301675977653631,0.33992897006595635,0.14960629921259844,0.28432462479155085,0.3795450126385378,0.1420875420875421,0.5998435360844905,0.2541436464088398,0.33832896215811165
147,0.3436,0.3377,9.971792314900085e-05,0.3781641523906929,0.43875347115087937,0.38610328638497654,0.313915857605178,0.39937106918238996,0.1781437125748503,0.6219858156028368,0.2313386798272671,0.48405521180390293,0.33482142857142855,0.34921592279855246,0.4245810055865922,0.34753932014205985,0.14960629921259844,0.29655364091161757,0.3676842309935835,0.13759820426487093,0.6033639741834539,0.24861878453038674,0.34001498688647436
148,0.342,0.33724999999999994,9.976152796298265e-05,0.3963180772181028,0.4705337858685591,0.38760563380281693,0.2815533980582524,0.38742138364779877,0.17365269461077845,0.6212765957446809,0.2202344231955583,0.48024750118990955,0.33482142857142855,0.3401688781664656,0.4245810055865922,0.3389142567224759,0.14960629921259844,0.26820455808782656,0.3840171106358157,0.1420875420875421,0.6096225308038333,0.24861878453038674,0.3461970775571375
149,0.3438,0.33883,9.965863864636049e-05,0.3889030938378931,0.45664918235112617,0.39568075117370893,0.28802588996763756,0.3987421383647799,0.18263473053892215,0.624113475177305,0.22393584207279457,0.47786768205616376,0.3392857142857143,0.35012062726176113,0.4245810055865922,0.3470319634703196,0.14960629921259844,0.27348526959421904,0.3844059887225355,0.1393939393939394,0.6029728143946802,0.2430939226519337,0.3448857249906332
150,0.3437,0.33873000000000003,9.96457165456377e-05,0.38685758118128355,0.443381672323357,0.39323943661971833,0.3106796116504854,0.4025157232704403,0.17964071856287425,0.6304964539007092,0.2313386798272671,0.4811994288434079,0.3392857142857143,0.3516284680337756,0.4301675977653631,0.343480466768138,0.14960629921259844,0.2848804891606448,0.3758506708146996,0.1371492704826038,0.6080578916487385,0.23756906077348067,0.33851629823904084
151,0.3439,0.33946,9.976111323339865e-05,0.3845563794425978,0.4517124344338167,0.39436619718309857,0.3106796116504854,0.410062893081761,0.18113772455089822,0.6312056737588653,0.22887106724244294,0.48357924797715374,0.3392857142857143,0.3543425814234017,0.4329608938547486,0.3465246067985794,0.14960629921259844,0.28627015008337964,0.38635037915613457,0.14029180695847362,0.6098181106982202,0.24861878453038674,0.3362682652678906
152,0.3454,0.3407,9.982614574255422e-05,0.39222705190488366,0.46282011724776306,0.38347417840375586,0.2912621359223301,0.40440251572327046,0.1751497005988024,0.624822695035461,0.2270203578038248,0.4816753926701571,0.3482142857142857,0.3528347406513872,0.4273743016759777,0.3485540334855403,0.14960629921259844,0.27626459143968873,0.3929613066303714,0.14231200897867566,0.6027772345002934,0.2430939226519337,0.3445110528287748
153,0.3466,0.34167000000000003,0.0001,0.38685758118128355,0.4501697007096575,0.3968075117370892,0.3042071197411003,0.4125786163522013,0.1781437125748503,0.6234042553191489,0.22887106724244294,0.48405521180390293,0.34375,0.35524728588661036,0.4301675977653631,0.3546423135464231,0.14960629921259844,0.2801556420233463,0.38965584289325295,0.15129068462401796,0.6010170154508117,0.24861878453038674,0.344698388909704
154,0.3466,0.34196,9.985604992834851e-05,0.3807210432114549,0.4412218451095341,0.39774647887323944,0.32038834951456313,0.39622641509433965,0.17365269461077845,0.6269503546099291,0.23750771128932757,0.4959543074726321,0.33482142857142855,0.34348612786489746,0.42178770949720673,0.3439878234398782,0.14960629921259844,0.30127848804891605,0.3676842309935835,0.15084175084175083,0.6227263837277528,0.2541436464088398,0.34263769201948296
155,0.3479,0.34279000000000004,9.998412133427337e-05,0.38609051393505495,0.4424560320888615,0.39061032863849765,0.313915857605178,0.4056603773584906,0.1751497005988024,0.6382978723404256,0.23627390499691547,0.49167063303188957,0.34375,0.35193003618817853,0.43575418994413406,0.3495687468290208,0.14960629921259844,0.292384658143413,0.3783783783783784,0.15331088664422,0.6141208683747311,0.24861878453038674,0.3372049456725365
156,0.3491,0.34377,9.999792382586747e-05,0.3917156737407313,0.4461585930268436,0.40206572769953053,0.2977346278317152,0.39937106918238996,0.17664670658682635,0.6439716312056738,0.23627390499691547,0.4864350309376487,0.33482142857142855,0.3498190591073583,0.4441340782122905,0.35210553018772195,0.14960629921259844,0.2818232351306281,0.3818782811588567,0.14343434343434344,0.6121650694308625,0.2430939226519337,0.33589359310603223
157,0.348,0.34263,0.0001,0.39861927895678856,0.46004319654427644,0.39286384976525823,0.2815533980582524,0.4106918238993711,0.17964071856287425,0.6219858156028368,0.23010487353485504,0.48072346501665875,0.3392857142857143,0.3573582629674306,0.43575418994413406,0.35362760020294265,0.14960629921259844,0.26848249027237353,0.3935446237604511,0.143658810325477,0.5963230979855271,0.24861878453038674,0.34994379917572127
158,0.3496,0.34497,9.997753659263253e-05,0.373050370749169,0.43813637766121566,0.39774647887323944,0.3268608414239482,0.40314465408805034,0.1751497005988024,0.6382978723404256,0.24120913016656384,0.5092812946216088,0.3392857142857143,0.347708082026538,0.4273743016759777,0.35514967021816335,0.15748031496062992,0.30906058921623125,0.37721174411821895,0.14725028058361392,0.6213573244670448,0.24861878453038674,0.3495691270138629
159,0.3484,0.34401000000000004,9.984549978980795e-05,0.38736895934543597,0.4486269669854983,0.39568075117370893,0.3300970873786408,0.4050314465408805,0.1781437125748503,0.6397163120567376,0.24120913016656384,0.5030937648738696,0.3392857142857143,0.3486127864897467,0.4329608938547486,0.3510908168442415,0.14960629921259844,0.30044469149527514,0.38460042776589537,0.15016835016835017,0.6219440641502053,0.24861878453038674,0.339640314724616
160,0.3491,0.34519,9.984124335460365e-05,0.38583482485297876,0.4483184202406665,0.40450704225352113,0.32038834951456313,0.41635220125786165,0.18113772455089822,0.6411347517730497,0.23935842072794572,0.4973821989528796,0.35267857142857145,0.3576598311218335,0.43854748603351956,0.3556570268899036,0.14960629921259844,0.29321845469705393,0.38673925724285435,0.1510662177328844,0.6147076080578916,0.24861878453038674,0.3364556013488198
161,0.3512,0.34655,9.985848737414926e-05,0.3947839427256456,0.45294662141314407,0.4052582159624413,0.2977346278317152,0.40628930817610065,0.18263473053892215,0.6354609929078014,0.23627390499691547,0.49357448833888623,0.33482142857142855,0.35042219541616404,0.4329608938547486,0.3495687468290208,0.15748031496062992,0.2812673707615342,0.381294964028777,0.15735129068462403,0.6170545667905339,0.2541436464088398,0.35312851255151745
162,0.3517,0.34711,9.976258297683671e-05,0.383533623114293,0.4396791113853749,0.4084507042253521,0.3074433656957929,0.40314465408805034,0.17964071856287425,0.6446808510638298,0.24367674275138804,0.504521656354117,0.33482142857142855,0.3489143546441496,0.4329608938547486,0.3556570268899036,0.16535433070866143,0.2959977765425236,0.3737118413377406,0.14702581369248036,0.6237042831996871,0.23756906077348067,0.35369052079430496
163,0.3521,0.34787,9.969556413125247e-05,0.3909486064945027,0.45109534094415304,0.4225352112676056,0.3074433656957929,0.4018867924528302,0.18562874251497005,0.6510638297872341,0.23750771128932757,0.4959543074726321,0.3392857142857143,0.34469240048250904,0.441340782122905,0.3546423135464231,0.15748031496062992,0.2846025569760978,0.3873225743729341,0.1627384960718294,0.623899863094074,0.24861878453038674,0.3390783064818284
164,0.3516,0.34744,9.978114394471049e-05,0.37177192533878806,0.42918852206109226,0.4152112676056338,0.32038834951456313,0.4018867924528302,0.18113772455089822,0.6588652482269504,0.25169648365206665,0.5154688243693479,0.3392857142857143,0.34529553679131486,0.441340782122905,0.3663115169964485,0.16535433070866143,0.3065591995553085,0.3754617927279798,0.15600448933782268,0.6240954429884608,0.24861878453038674,0.3523791682278007
165,0.3516,0.34803,9.97299503069371e-05,0.3786755305548453,0.4406047516198704,0.41896713615023473,0.3268608414239482,0.4069182389937107,0.17964071856287425,0.64822695035461,0.24922887106724245,0.5145168967158495,0.3392857142857143,0.34348612786489746,0.4329608938547486,0.3531202435312024,0.16535433070866143,0.30711506392440246,0.3766284269881392,0.1681257014590348,0.6352434969685117,0.24861878453038674,0.3467590857999251
166,0.3518,0.34812000000000004,9.965382923837751e-05,0.39503963180772184,0.45634063560629434,0.4140845070422535,0.3042071197411003,0.40817610062893084,0.18263473053892215,0.6539007092198581,0.23997532387415177,0.5016658733936221,0.34375,0.3486127864897467,0.4441340782122905,0.35819381024860475,0.16535433070866143,0.282934963868816,0.3923779895002917,0.1526374859708193,0.623899863094074,0.24861878453038674,0.347695766204571
167,0.3521,0.34892,9.96543385554105e-05,0.38864740475581694,0.44739278000617094,0.4140845070422535,0.3300970873786408,0.4169811320754717,0.19011976047904192,0.648936170212766,0.24552745219000616,0.5116611137553546,0.34375,0.35193003618817853,0.4301675977653631,0.3541349568746829,0.16535433070866143,0.3026681489716509,0.3855726229826949,0.15824915824915825,0.6287893604537453,0.24861878453038674,0.3443237167478456
168,0.3516,0.34862000000000004,9.962303738575429e-05,0.38839171567374076,0.45109534094415304,0.4116431924882629,0.3300970873786408,0.4056603773584906,0.18562874251497005,0.6531914893617021,0.24922887106724245,0.5168967158495954,0.34375,0.3428829915560917,0.4301675977653631,0.358701166920345,0.16535433070866143,0.30711506392440246,0.3871281353295742,0.15667789001122334,0.6338744377078036,0.24861878453038674,0.34282502810041215
169,0.3547,0.35089,9.97256938717328e-05,0.3817437995397597,0.439370564640543,0.4229107981220657,0.32362459546925565,0.41446540880503147,0.19161676646706588,0.6475177304964539,0.24799506477483035,0.5164207520228463,0.34375,0.35223160434258144,0.4301675977653631,0.358701166920345,0.16535433070866143,0.2990550305725403,0.37410071942446044,0.1622895622895623,0.6297672599256796,0.2541436464088398,0.3600599475458973
170,0.3522,0.34927,9.989665704779327e-05,0.395295320889798,0.45263807466831224,0.42497652582159623,0.32038834951456313,0.41132075471698115,0.18862275449101795,0.6702127659574468,0.2486119679210364,0.5064255116611137,0.3482142857142857,0.3525331724969843,0.4441340782122905,0.36732623033992895,0.1732283464566929,0.2973874374652585,0.39432237993389074,0.15510662177328843,0.6287893604537453,0.24861878453038674,0.33008617459722744
171,0.3537,0.35026,9.98046962195076e-05,0.4014318588596267,0.46220302375809935,0.41652582159624413,0.313915857605178,0.41823899371069184,0.19011976047904192,0.6460992907801418,0.2473781616286243,0.5021418372203712,0.35267857142857145,0.35826296743063935,0.4329608938547486,0.3546423135464231,0.16535433070866143,0.28877153974430236,0.39140579428349215,0.1611672278338945,0.6205750048894974,0.24861878453038674,0.3445110528287748
172,0.3533,0.35053,9.984875214286149e-05,0.3791869087189977,0.44029620487503857,0.42065727699530514,0.3268608414239482,0.4169811320754717,0.19011976047904192,0.6695035460992907,0.2523133867982727,0.5226082817705854,0.34375,0.3546441495778046,0.43575418994413406,0.3668188736681887,0.16535433070866143,0.3143413007226237,0.3822671592455765,0.16206509539842873,0.6387639350674751,0.2541436464088398,0.34526039715249157
173,0.3549,0.35141999999999995,9.983847121475264e-05,0.3791869087189977,0.43659364393705646,0.4127699530516432,0.3268608414239482,0.41509433962264153,0.18712574850299402,0.6602836879432624,0.2553979025293029,0.5254640647310804,0.3482142857142857,0.35223160434258144,0.43854748603351956,0.365296803652968,0.16535433070866143,0.31739855475264034,0.3737118413377406,0.16722783389450055,0.6356346567572854,0.2596685082872928,0.35668789808917195
174,0.3539,0.35124,9.978641173802316e-05,0.3983635898747124,0.45263807466831224,0.4215962441314554,0.32038834951456313,0.4226415094339623,0.19011976047904192,0.6567375886524822,0.25478099938309684,0.5054735840076154,0.35714285714285715,0.36127864897466827,0.43575418994413406,0.3526128868594622,0.1732283464566929,0.3007226236798221,0.3820727202022166,0.16296296296296298,0.6348523371797379,0.26519337016574585,0.33701760959160737
175,0.3567,0.35396,9.977328591048717e-05,0.3779084633086167,0.44153039185436593,0.4313615023474178,0.3333333333333333,0.42138364779874216,0.19161676646706588,0.6588652482269504,0.25354719309068474,0.5259400285578296,0.35267857142857145,0.3585645355850422,0.43575418994413406,0.3617453069507864,0.16535433070866143,0.3218454697053919,0.383433793505736,0.18047138047138048,0.6387639350674751,0.26519337016574585,0.33701760959160737
176,0.3549,0.35232,9.975513239623979e-05,0.39145998465865506,0.4572662758407899,0.4232863849765258,0.31715210355987056,0.4106918238993711,0.19011976047904192,0.6659574468085107,0.2529302899444787,0.5197524988100904,0.3482142857142857,0.3468033775633293,0.43575418994413406,0.36276002029426685,0.16535433070866143,0.30739299610894943,0.38965584289325295,0.16992143658810324,0.6446313318990807,0.2541436464088398,0.34282502810041215
177,0.3549,0.35268,9.970832616090775e-05,0.3891587829199693,0.46004319654427644,0.4230985915492958,0.31715210355987056,0.41509433962264153,0.19011976047904192,0.6617021276595745,0.25046267735965455,0.5202284626368396,0.35267857142857145,0.353437876960193,0.4329608938547486,0.3663115169964485,0.16535433070866143,0.30044469149527514,0.3966556484542096,0.1674523007856341,0.6379816154899276,0.24861878453038674,0.3450730610715624
178,0.3549,0.35350000000000004,9.9643919384107e-05,0.3843006903605216,0.45294662141314407,0.4215962441314554,0.34627831715210355,0.4358490566037736,0.19161676646706588,0.6624113475177305,0.25354719309068474,0.5259400285578296,0.35267857142857145,0.36791314837153194,0.43575418994413406,0.3632673769660071,0.16535433070866143,0.3246247915508616,0.39432237993389074,0.16453423120089786,0.6379816154899276,0.2541436464088398,0.3349569127013863
179,0.3558,0.35439,9.970044629881158e-05,0.373050370749169,0.437519284171552,0.4392488262910798,0.3300970873786408,0.42830188679245285,0.19461077844311378,0.676595744680851,0.2553979025293029,0.5306996668253213,0.36160714285714285,0.36429433051869725,0.4553072625698324,0.37493658041603245,0.16535433070866143,0.3104502501389661,0.3906280381100525,0.16206509539842873,0.6377860355955408,0.2541436464088398,0.35144248782315474
180,0.3564,0.35506000000000004,9.970991231966764e-05,0.38685758118128355,0.4535637149028078,0.4251643192488263,0.3559870550161812,0.42955974842767297,0.18862275449101795,0.6617021276595745,0.2590993214065392,0.5283198476915755,0.35267857142857145,0.3633896260554885,0.44692737430167595,0.3632673769660071,0.16535433070866143,0.32490272373540857,0.38829476958973363,0.16139169472502807,0.6426755329552122,0.24861878453038674,0.33832896215811165
181,0.3593,0.35639,9.975130524253473e-05,0.3817437995397597,0.43443381672323356,0.4493896713615024,0.33980582524271846,0.4119496855345912,0.19311377245508982,0.6851063829787234,0.26095003084515733,0.5264159923845788,0.36160714285714285,0.35042219541616404,0.4553072625698324,0.365296803652968,0.16535433070866143,0.32073374096720403,0.3760451098580595,0.17418630751964084,0.6540191668296499,0.27071823204419887,0.34095166729112025
182,0.3601,0.35791,9.970472456188872e-05,0.38199948862183586,0.4461585930268436,0.4398122065727699,0.3333333333333333,0.43522012578616354,0.19461077844311378,0.6702127659574468,0.2578655151141271,0.5278438838648263,0.36607142857142855,0.36550060313630883,0.45251396648044695,0.3678335870116692,0.16535433070866143,0.3140633685380767,0.38751701341629397,0.18159371492704826,0.64032857422257,0.27071823204419887,0.3450730610715624
183,0.3593,0.35747999999999996,9.9545533885248e-05,0.37484019432370236,0.44029620487503857,0.4505164319248826,0.33980582524271846,0.4345911949685535,0.19461077844311378,0.6865248226950355,0.26095003084515733,0.5321275583055688,0.36160714285714285,0.3658021712907117,0.46368715083798884,0.3729071537290715,0.16535433070866143,0.3254585881045025,0.3906280381100525,0.17485970819304153,0.6411108938001173,0.2596685082872928,0.33289621581116524
184,0.3598,0.35707000000000005,9.942064207280055e-05,0.3973408335464076,0.45263807466831224,0.4354929577464789,0.34627831715210355,0.42138364779874216,0.19461077844311378,0.6602836879432624,0.25971622455274523,0.5168967158495954,0.36607142857142855,0.3645958986731001,0.45251396648044695,0.36123795027904615,0.1732283464566929,0.3176764869371873,0.3826560373322963,0.16475869809203142,0.6444357520046939,0.2596685082872928,0.3390783064818284
185,0.3616,0.35873,9.947651415131986e-05,0.38839171567374076,0.44677568651650723,0.4379342723004695,0.32362459546925565,0.42138364779874216,0.19461077844311378,0.6843971631205674,0.2553979025293029,0.5226082817705854,0.36607142857142855,0.36308805790108567,0.4692737430167598,0.3744292237442922,0.16535433070866143,0.30322401334074484,0.3976278436710091,0.17418630751964084,0.6393506747506357,0.26519337016574585,0.3465717497189959
186,0.3596,0.35812999999999995,9.957563452189788e-05,0.39350549731526463,0.45850046282011725,0.44,0.3333333333333333,0.4327044025157233,0.19311377245508982,0.6737588652482269,0.2603331276989513,0.5226082817705854,0.3705357142857143,0.36851628468033776,0.4581005586592179,0.3668188736681887,0.16535433070866143,0.3132295719844358,0.3947112580206105,0.17104377104377105,0.6444357520046939,0.2596685082872928,0.3338328962158112
187,0.3638,0.36066,9.966523066395894e-05,0.3827665558680644,0.4470842332613391,0.4450704225352113,0.343042071197411,0.4138364779874214,0.19161676646706588,0.6829787234042554,0.26095003084515733,0.5330794859590671,0.35714285714285715,0.35072376357056695,0.4664804469273743,0.3729071537290715,0.16535433070866143,0.31545302946081155,0.38673925724285435,0.18428731762065095,0.6546059065128105,0.27071823204419887,0.3551892094417385
188,0.3621,0.35992999999999997,9.94755100691691e-05,0.3947839427256456,0.4581919160752854,0.4332394366197183,0.3268608414239482,0.4270440251572327,0.19610778443113772,0.6652482269503546,0.2553979025293029,0.5283198476915755,0.36160714285714285,0.36429433051869725,0.44972067039106145,0.3693556570268899,0.16535433070866143,0.3123957754307949,0.391600233326852,0.17822671156004488,0.6452180715822413,0.27071823204419887,0.35294117647058826
189,0.3639,0.36083,9.938274160958827e-05,0.3991306571209409,0.45850046282011725,0.4304225352112676,0.33980582524271846,0.42452830188679247,0.19011976047904192,0.673049645390071,0.2640345465761875,0.5268919562113279,0.36607142857142855,0.36670687575392036,0.46089385474860334,0.3668188736681887,0.16535433070866143,0.31628682601445246,0.3886836476764534,0.18024691358024691,0.6465871308429494,0.26519337016574585,0.34001498688647436
190,0.3627,0.36105,9.931077511282638e-05,0.40066479161339813,0.4662141314409133,0.4454460093896714,0.32362459546925565,0.4226415094339623,0.19161676646706588,0.6758865248226951,0.2590993214065392,0.5221323179438363,0.36160714285714285,0.36278648974668276,0.4553072625698324,0.3678335870116692,0.16535433070866143,0.3076709282934964,0.40015555123468793,0.17732884399551066,0.6479561901036573,0.27071823204419887,0.3349569127013863
191,0.3642,0.36107,9.934382251231e-05,0.3809767322935311,0.44399876581302067,0.4563380281690141,0.34951456310679613,0.4320754716981132,0.19311377245508982,0.6801418439716312,0.2640345465761875,0.5349833412660637,0.36607142857142855,0.36429433051869725,0.4664804469273743,0.37037037037037035,0.16535433070866143,0.3246247915508616,0.3828504763756562,0.19079685746352412,0.6497164091531391,0.27071823204419887,0.34132633945297863
192,0.3649,0.36252,9.932883403962478e-05,0.39887496803886474,0.46436285097192226,0.4446948356807512,0.3268608414239482,0.42641509433962266,0.19311377245508982,0.6836879432624113,0.2590993214065392,0.5316515944788196,0.35714285714285715,0.3603739445114596,0.4664804469273743,0.3678335870116692,0.16535433070866143,0.3143413007226237,0.39490569706397044,0.19326599326599325,0.6575396049286133,0.281767955801105,0.3364556013488198
193,0.3649,0.36251,9.937863796949387e-05,0.39606238813602657,0.4631286639925949,0.4493896713615024,0.3333333333333333,0.4276729559748428,0.19311377245508982,0.6822695035460993,0.2590993214065392,0.5302237029985721,0.36160714285714285,0.3658021712907117,0.4664804469273743,0.3693556570268899,0.16535433070866143,0.31072818232351307,0.393739062803811,0.1872053872053872,0.652454527674555,0.27071823204419887,0.3418883476957662
194,0.3634,0.36188000000000003,9.953274275176227e-05,0.3973408335464076,0.466831224930577,0.4373708920187793,0.343042071197411,0.43018867924528303,0.19161676646706588,0.6808510638297872,0.2578655151141271,0.5359352689195621,0.3705357142857143,0.3664053075995175,0.46089385474860334,0.3693556570268899,0.16535433070866143,0.32128960533629797,0.40073886836476763,0.1919191919191919,0.6561705456679053,0.26519337016574585,0.3334582240539528
195,0.3651,0.36266999999999994,9.950364619726315e-05,0.3894144720020455,0.4560320888614625,0.4454460093896714,0.343042071197411,0.42641509433962266,0.19011976047904192,0.6921985815602837,0.2634176434299815,0.5411708710138029,0.36160714285714285,0.36399276236429434,0.4720670391061452,0.3759512937595129,0.16535433070866143,0.3218454697053919,0.39782228271436904,0.1856341189674523,0.6596909837668687,0.27071823204419887,0.3394529786436868
196,0.3677,0.36419999999999997,9.945814235834405e-05,0.3855791357709026,0.4486269669854983,0.4582159624413146,0.34627831715210355,0.43144654088050316,0.19311377245508982,0.6950354609929078,0.2628007402837754,0.5378391242265588,0.3705357142857143,0.36700844390832327,0.4748603351955307,0.3774733637747336,0.16535433070866143,0.31989994441356306,0.38907252576317325,0.19528619528619529,0.6559749657735184,0.27071823204419887,0.34376170850505805
197,0.3646,0.36277,9.933295950759202e-05,0.3917156737407313,0.460968836778772,0.4563380281690141,0.33980582524271846,0.4408805031446541,0.19610778443113772,0.6900709219858157,0.2628007402837754,0.532603522132318,0.3794642857142857,0.3748492159227986,0.4720670391061452,0.3754439370877727,0.16535433070866143,0.3148971650917176,0.4036554540151662,0.1961840628507295,0.6450224916878545,0.27624309392265195,0.33252154364930686
198,0.3691,0.36637,9.939767915057018e-05,0.39708514446433135,0.46405430422709043,0.4533333333333333,0.3300970873786408,0.4345911949685535,0.19760479041916168,0.6801418439716312,0.25971622455274523,0.5316515944788196,0.375,0.373642943305187,0.4748603351955307,0.3729071537290715,0.16535433070866143,0.3051695386325737,0.40171106358156716,0.20426487093153758,0.6475650303148837,0.27624309392265195,0.3461970775571375
199,0.3672,0.36455000000000004,9.952571417670697e-05,0.39785221171055996,0.4655970379512496,0.4392488262910798,0.35275080906148865,0.42138364779874216,0.19161676646706588,0.6801418439716312,0.2640345465761875,0.5435506901475488,0.3705357142857143,0.3606755126658625,0.4692737430167598,0.37493658041603245,0.16535433070866143,0.32434685936631463,0.3881003305463737,0.19124579124579125,0.6632114218658322,0.27071823204419887,0.35425252903709253
