round,global_acc,per_client_gen_acc,agg_norm,first_mom_norm,second_mom_norm,local_c00,local_c01,local_c02,local_c03,local_c04,local_c05,local_c06,local_c07,local_c08,local_c09,local_c10,local_c11,local_c12,local_c13,local_c14,local_c15,local_c16,local_c17,local_c18,local_c19
0,0.1616,0.1616,1.145111322402954,0.11451112478971481,0.346014142036438,0.19483508054206086,0.002468373958654736,0.0022535211267605635,0.025889967637540454,0.005031446540880503,0.019461077844311378,0.6758865248226951,0.22270203578038247,0.5030937648738696,0.05357142857142857,0.08082026537997587,0.7094972067039106,0.39472349061390155,0.06299212598425197,0.026959421901056144,0.29904724868753646,0.015039281705948373,0.3436338744377078,0.049723756906077346,0.02641438741101536
1,0.1827,0.1827,1.1856919527053833,0.21656367182731628,0.3641253411769867,0.25747890565072873,0.05492132058006788,0.002629107981220657,0.032362459546925564,0.006918238993710692,0.02694610778443114,0.6773049645390071,0.2486119679210364,0.5216563541170871,0.05803571428571429,0.08745476477683957,0.7178770949720671,0.3754439370877727,0.05511811023622047,0.029738743746525846,0.289519735562901,0.007856341189674524,0.443184040680618,0.049723756906077346,0.03990258523791682
2,0.2196,0.2196,1.167320966720581,0.3002791106700897,0.38064131140708923,0.37841984147276914,0.17741437827830916,0.012582159624413145,0.03559870550161812,0.009433962264150943,0.03592814371257485,0.6773049645390071,0.26095003084515733,0.5221323179438363,0.05803571428571429,0.09378769601930036,0.6536312849162011,0.3394216133942161,0.07874015748031496,0.03140633685380767,0.254131829671398,0.008529741863075197,0.6506943086250734,0.06629834254143646,0.07568377669539153
3,0.2485,0.2485,1.0842421054840088,0.3600965738296509,0.39394763112068176,0.43569419585783686,0.24930576982412836,0.14122065727699532,0.04854368932038835,0.01761006289308176,0.06287425149700598,0.5836879432624114,0.256631708821715,0.4792955735364112,0.08482142857142858,0.09861278648974668,0.547486033519553,0.2658548959918823,0.09448818897637795,0.03168426903835464,0.19560567762006612,0.027609427609427608,0.7365538822609036,0.08287292817679558,0.10565754964406145
4,0.2874,0.2874,1.0464694499969482,0.40063706040382385,0.40570157766342163,0.4308361032983892,0.27059549521752546,0.31061032863849763,0.05177993527508091,0.06855345911949685,0.09431137724550898,0.5333333333333333,0.23689080814312152,0.4336030461684912,0.13392857142857142,0.16284680337756333,0.4776536312849162,0.2932521562658549,0.11811023622047244,0.03085047248471373,0.21757728951973557,0.17485970819304153,0.7191472716604733,0.1712707182320442,0.13956538029224427
5,0.3603,0.3603,0.9716604948043823,0.42586609721183777,0.4151976704597473,0.4073127077473792,0.2980561555075594,0.4471361502347418,0.07119741100323625,0.24213836477987422,0.19760479041916168,0.425531914893617,0.20913016656384947,0.39267015706806285,0.23214285714285715,0.34047044632086854,0.4022346368715084,0.5027904616945713,0.2440944881889764,0.02668148971650917,0.26404822088275326,0.5618406285072952,0.6102092704869939,0.5193370165745856,0.2330460846759086
6,0.3935,0.3935,0.9416125416755676,0.4418155252933502,0.4237116575241089,0.4103809767322935,0.3687133600740512,0.5115492957746479,0.11974110032362459,0.30880503144654087,0.29790419161676646,0.4148936170212766,0.19309068476249228,0.37410756782484533,0.2857142857142857,0.379372738238842,0.4022346368715084,0.5601217656012176,0.33070866141732286,0.06670372429127293,0.3402683258798367,0.6343434343434343,0.5257187561118717,0.56353591160221,0.3087298613713001
7,0.4295,0.4295,0.9218156337738037,0.45008617639541626,0.43154796957969666,0.4500127844541038,0.41067571737118175,0.5412206572769953,0.22653721682847897,0.3314465408805031,0.3263473053892216,0.5326241134751774,0.283775447254781,0.4193241313660162,0.33035714285714285,0.3899276236429433,0.4720670391061452,0.5707762557077626,0.3228346456692913,0.18482490272373542,0.3917946723702119,0.5993265993265994,0.5460590651281049,0.5580110497237569,0.32278006744098914
8,0.4667,0.4667,0.8778431415557861,0.45090919733047485,0.438266396522522,0.49041165942214265,0.43073125578525145,0.5534272300469484,0.35275080906148865,0.3742138364779874,0.3562874251497006,0.6184397163120567,0.4083898827884022,0.4788196097096621,0.40625,0.428226779252111,0.5670391061452514,0.573820395738204,0.33858267716535434,0.32156753752084494,0.42115496791755785,0.5362514029180696,0.6123606493252494,0.4972375690607735,0.31266391907081303
9,0.4877,0.4877,0.8404489755630493,0.44568002223968506,0.44409480690956116,0.5216057274354385,0.43813637766121566,0.5370892018779343,0.45307443365695793,0.42452830188679247,0.3847305389221557,0.6687943262411348,0.4947563232572486,0.5459305092812946,0.45089285714285715,0.4894451145958987,0.6312849162011173,0.5494672754946728,0.3464566929133858,0.3888271261812118,0.4110441376628427,0.4783389450056117,0.6810091922550362,0.4419889502762431,0.3295241663544399
10,0.4992,0.4992,0.8315265774726868,0.4391336441040039,0.4496246874332428,0.5466632574789057,0.43659364393705646,0.5141784037558685,0.43042071197411,0.479874213836478,0.3787425149700599,0.6652482269503546,0.5144972239358421,0.5859114707282247,0.5178571428571429,0.5413148371531966,0.6703910614525139,0.5322171486555048,0.3700787401574803,0.3941078376876042,0.39140579428349215,0.4462401795735129,0.7273616272247213,0.4585635359116022,0.3778568752341701
11,0.5084,0.5084,0.8027374148368835,0.4312184751033783,0.45451581478118896,0.5435949884939913,0.4177722925023141,0.5276995305164319,0.4077669902912621,0.530188679245283,0.38922155688622756,0.6574468085106383,0.5070943861813695,0.5973346025702047,0.5401785714285714,0.5744873341375151,0.6871508379888268,0.5276509386098427,0.3700787401574803,0.3818788215675375,0.3952945751506903,0.4500561167227834,0.7322511245843927,0.44751381215469616,0.40539527913076057
12,0.5237,0.5237,0.7857918739318848,0.4235842525959015,0.45901358127593994,0.5336231142930197,0.40851589015735884,0.5729577464788732,0.39158576051779936,0.5553459119496855,0.39820359281437123,0.6617021276595745,0.499691548426897,0.6063779152784389,0.5803571428571429,0.6037394451145959,0.6620111731843575,0.5388127853881278,0.3543307086614173,0.3632573652028905,0.42329379739451684,0.4729517396184063,0.7191472716604733,0.4972375690607735,0.43162233046084675
13,0.5343,0.5343,0.7580789923667908,0.41442158818244934,0.4629615545272827,0.5223727946816671,0.39463128663992597,0.6148356807511737,0.3656957928802589,0.5779874213836478,0.4041916167664671,0.6595744680851063,0.473164713140037,0.6120894811994289,0.5758928571428571,0.6142943305186972,0.6564245810055865,0.5596144089294774,0.33070866141732286,0.3379655364091162,0.4633482403266576,0.5063973063973064,0.7109329160962253,0.5138121546961326,0.45728737354814536
14,0.5421,0.5421,0.7311360239982605,0.4035801291465759,0.4664071798324585,0.5333674252109435,0.4097500771366862,0.6407511737089202,0.3592233009708738,0.5779874213836478,0.41467065868263475,0.6673758865248227,0.47254780999383095,0.6220847215611613,0.5625,0.6203256936067552,0.6675977653631285,0.5773718924403856,0.33070866141732286,0.33240689271817675,0.4752090219716119,0.5375982042648709,0.7099550166242911,0.5524861878453039,0.4765829898838516
15,0.5532,0.5532,0.7344313263893127,0.3936203122138977,0.46984487771987915,0.5643058041421631,0.44369021906818884,0.6484507042253521,0.39805825242718446,0.5716981132075472,0.4416167664670659,0.6652482269503546,0.4805675508945096,0.6277962874821513,0.5758928571428571,0.6254523522316043,0.6815642458100558,0.602232369355657,0.3779527559055118,0.35186214563646473,0.4654870698036166,0.5611672278338945,0.7267748875415607,0.5966850828729282,0.49063319595354066
16,0.5638,0.5638,0.7362903952598572,0.3831554055213928,0.47325247526168823,0.6113525952441831,0.5050910212897254,0.6287323943661972,0.4336569579288026,0.559748427672956,0.48353293413173654,0.6602836879432624,0.5157310302282542,0.6563541170871013,0.5669642857142857,0.6314837153196623,0.6899441340782123,0.6235413495687468,0.4645669291338583,0.3746525847693163,0.4386544818199494,0.5836139169472503,0.7478975161353413,0.5911602209944752,0.5052454102660172
17,0.5713,0.5713,0.7194427251815796,0.3734623193740845,0.47634461522102356,0.6448478649961646,0.5513730330145017,0.6107042253521127,0.49838187702265374,0.5610062893081761,0.5119760479041916,0.674468085106383,0.5459592843923504,0.6653974297953356,0.6116071428571429,0.6366103739445115,0.6871508379888268,0.6331811263318112,0.48031496062992124,0.4038354641467482,0.4223216021777173,0.5858585858585859,0.7664776061020927,0.5911602209944752,0.511052828774822
18,0.576,0.576,0.71701580286026,0.363935649394989,0.479349821805954,0.6576323190999744,0.5664918235112619,0.5979342723004695,0.5275080906148867,0.5566037735849056,0.5269461077844312,0.6900709219858157,0.566933991363356,0.6801523084245598,0.6116071428571429,0.6420386007237636,0.6759776536312849,0.656519533231862,0.4566929133858268,0.44274596998332405,0.41240521096636207,0.5950617283950618,0.7823195775474281,0.580110497237569,0.5243536905207943
19,0.588,0.588,0.7061141729354858,0.3556530177593231,0.48214566707611084,0.6520071592942981,0.5600123418697933,0.6015023474178404,0.5760517799352751,0.5723270440251572,0.5149700598802395,0.6943262411347517,0.5860579888957433,0.6844359828653023,0.6428571428571429,0.6516887816646562,0.6787709497206704,0.6742770167427702,0.4881889763779528,0.4874930516953863,0.40618316157884504,0.6215488215488215,0.7913162526892236,0.6077348066298343,0.5496440614462346
20,0.5948,0.5948,0.6962515711784363,0.3468473255634308,0.48475512862205505,0.6407568396829455,0.5414995371798828,0.611830985915493,0.5922330097087378,0.5955974842767295,0.5,0.6978723404255319,0.5940777297964219,0.6991908614945264,0.65625,0.6537997587454765,0.6843575418994413,0.6829020801623541,0.48031496062992124,0.5033351862145636,0.41532179661676066,0.641077441077441,0.7917074124779973,0.6132596685082873,0.5668789808917197
21,0.5993,0.5993,0.6957838535308838,0.3385566771030426,0.48731791973114014,0.628228074661212,0.5269978401727862,0.6323004694835681,0.5825242718446602,0.5943396226415094,0.49850299401197606,0.7120567375886525,0.5885256014805675,0.7049024274155165,0.6339285714285714,0.6559107358262968,0.6843575418994413,0.6930492135971588,0.48031496062992124,0.48332406892718177,0.44565428738090607,0.6601571268237935,0.7877958145902602,0.6243093922651933,0.5786811539902585
22,0.606,0.606,0.7006741166114807,0.33069339394569397,0.48991164565086365,0.6274610074149833,0.5232952792348041,0.6480751173708921,0.540453074433657,0.5949685534591195,0.49850299401197606,0.7156028368794326,0.5780382479950648,0.709662065683008,0.6339285714285714,0.6607358262967431,0.6731843575418994,0.7016742770167428,0.48031496062992124,0.44469149527515284,0.4736535096247326,0.6801346801346801,0.7911206727948367,0.6132596685082873,0.583177219932559
23,0.6098,0.6098,0.6907222867012024,0.3227784335613251,0.4923253357410431,0.6422909741754027,0.5408824436902191,0.6525821596244131,0.49838187702265374,0.5937106918238994,0.5119760479041916,0.7184397163120567,0.5521283158544109,0.7082341742027606,0.5982142857142857,0.6589264173703256,0.6899441340782123,0.7189244038559107,0.49606299212598426,0.42579210672595885,0.5026249270853588,0.6958473625140292,0.7960101701545081,0.6298342541436464,0.5824278756088422
24,0.6123,0.6123,0.6917508244514465,0.3153530955314636,0.49471771717071533,0.6668371260547175,0.5701943844492441,0.6401877934272301,0.5080906148867314,0.5974842767295597,0.5464071856287425,0.7276595744680852,0.5379395434916718,0.6991908614945264,0.59375,0.6574185765983113,0.6983240223463687,0.7255200405885337,0.5354330708661418,0.4121734296831573,0.5218743923779895,0.6994388327721661,0.8024643066692744,0.6408839779005525,0.5745597602098164
25,0.6168,0.6168,0.6777723431587219,0.30812764167785645,0.4968821704387665,0.691127588851956,0.5924097500771367,0.6163380281690141,0.49838187702265374,0.6069182389937107,0.561377245508982,0.74822695035461,0.5465761875385564,0.7006187529747739,0.6071428571428571,0.6595295536791315,0.723463687150838,0.7371892440385591,0.5354330708661418,0.40244580322401335,0.5296519541123857,0.6960718294051628,0.8145902601212596,0.6519337016574586,0.5653802922442862
26,0.6212,0.6212,0.6865020394325256,0.30188825726509094,0.4991351068019867,0.7100485809255945,0.6146251157050293,0.6050704225352113,0.5016181229773463,0.610062893081761,0.5808383233532934,0.7695035460992907,0.5552128315854411,0.6930033317467873,0.6294642857142857,0.6746079613992763,0.7402234636871509,0.7442922374429224,0.5669291338582677,0.40800444691495275,0.5300408321991056,0.6888888888888889,0.8230001955798943,0.6740331491712708,0.5509554140127388
27,0.6257,0.6257,0.6798300743103027,0.2957932949066162,0.5012645721435547,0.7156737407312708,0.626966985498303,0.6135211267605634,0.5145631067961165,0.6283018867924528,0.594311377245509,0.7822695035460993,0.5644663787785318,0.6872917658257972,0.6339285714285714,0.6854644149577804,0.7625698324022346,0.745814307458143,0.5590551181102362,0.43468593663146193,0.5308185883725453,0.6830527497194164,0.8306278114609819,0.6740331491712708,0.5443986511802174
28,0.6277,0.6277,0.6788344979286194,0.2892570495605469,0.5033504366874695,0.7151623625671184,0.6291268127121259,0.627981220657277,0.5436893203883495,0.6364779874213836,0.5958083832335329,0.7886524822695036,0.5835903763109191,0.6844359828653023,0.6473214285714286,0.6899879372738239,0.7625698324022346,0.7483510908168443,0.5590551181102362,0.452751528627015,0.533151856892864,0.6801346801346801,0.830432231566595,0.6850828729281768,0.5395279130760584
29,0.629,0.629,0.6745481491088867,0.2840266525745392,0.5053496360778809,0.704167732037842,0.621104597346498,0.6392488262910798,0.5436893203883495,0.6496855345911949,0.5973053892215568,0.7964539007092198,0.5996298581122764,0.6930033317467873,0.6473214285714286,0.7017490952955368,0.7793296089385475,0.7539320142059868,0.5433070866141733,0.4741523068371317,0.5286797588955863,0.6751964085297418,0.8302366516722081,0.6629834254143646,0.5503934057699513
30,0.6322,0.6322,0.6728739142417908,0.2792845368385315,0.5072987675666809,0.6941958578368703,0.609379821042888,0.6445070422535212,0.5598705501618123,0.6471698113207547,0.5988023952095808,0.7971631205673759,0.6070326958667489,0.7029985721085198,0.6473214285714286,0.7044632086851629,0.7625698324022346,0.7519025875190258,0.5039370078740157,0.48360200111172874,0.5286797588955863,0.6859708193041526,0.8286720125171132,0.6685082872928176,0.5663169726489322
31,0.6327,0.6327,0.675911545753479,0.27461740374565125,0.5092612504959106,0.6977755049859371,0.6062943535945696,0.6606572769953052,0.5501618122977346,0.6345911949685534,0.6047904191616766,0.7886524822695036,0.6039481801357187,0.7077582103760114,0.6383928571428571,0.7002412545235223,0.7569832402234636,0.7529173008625063,0.4881889763779528,0.48165647581989995,0.5282908808088664,0.7021324354657688,0.8253471543125367,0.6795580110497238,0.5796178343949044
32,0.6364,0.6364,0.6837899088859558,0.2697090804576874,0.5113016366958618,0.7026335975453848,0.6133909287257019,0.6738028169014084,0.5436893203883495,0.6289308176100629,0.6182634730538922,0.7695035460992907,0.5940777297964219,0.7029985721085198,0.625,0.6945114595898673,0.7430167597765364,0.7579908675799086,0.5039370078740157,0.45608671484157864,0.5446237604510986,0.7225589225589225,0.820848816741639,0.7016574585635359,0.5867366054702136
33,0.6375,0.6375,0.6858018636703491,0.26503655314445496,0.5133402943611145,0.7054461774482229,0.622955877815489,0.6809389671361502,0.5372168284789643,0.6245283018867924,0.6392215568862275,0.7595744680851064,0.5891425046267736,0.7006187529747739,0.6116071428571429,0.6899879372738239,0.7374301675977654,0.7549467275494672,0.5275590551181102,0.4466370205669817,0.5559012249659732,0.7364758698092031,0.8212399765304127,0.6850828729281768,0.5927313600599475
34,0.6389,0.6389,0.6961461901664734,0.2620868682861328,0.515489399433136,0.7110713372538993,0.6294353594569577,0.6769953051643193,0.5598705501618123,0.620125786163522,0.6422155688622755,0.7567375886524823,0.5983960518198643,0.6963350785340314,0.6160714285714286,0.6896863691194209,0.7374301675977654,0.7595129375951294,0.5669291338582677,0.4519177320733741,0.5615399572234104,0.7409652076318743,0.8255427342069235,0.6961325966850829,0.5940427126264518
35,0.6407,0.6407,0.68992680311203,0.2583767771720886,0.5175248384475708,0.7126054717463565,0.634680654119099,0.6694835680751173,0.5533980582524272,0.6289308176100629,0.6317365269461078,0.7595744680851064,0.6051819864281308,0.7072822465492623,0.6339285714285714,0.6978287092882992,0.7486033519553073,0.7625570776255708,0.5748031496062992,0.46748193440800445,0.5516235660120552,0.735578002244669,0.8390377469196166,0.6906077348066298,0.6032221805919821
36,0.6431,0.6431,0.6917483806610107,0.25503984093666077,0.5195563435554504,0.7149066734850422,0.626966985498303,0.6595305164319248,0.5728155339805825,0.6352201257861635,0.6302395209580839,0.7730496453900709,0.6119679210363973,0.7263207996192289,0.6383928571428571,0.7092882991556092,0.7625698324022346,0.7656012176560122,0.5511811023622047,0.481100611450806,0.5403461014971807,0.7252525252525253,0.8474476823782515,0.6906077348066298,0.6084675908579993
37,0.6446,0.6446,0.6960307955741882,0.2519678771495819,0.5216167569160461,0.7151623625671184,0.621104597346498,0.6617840375586854,0.56957928802589,0.6452830188679245,0.624251497005988,0.7872340425531915,0.6125848241826033,0.7306044740599714,0.6339285714285714,0.712605548854041,0.7569832402234636,0.7737189244038559,0.5433070866141733,0.47971095052807117,0.5403461014971807,0.7117845117845117,0.8562487776256601,0.6519337016574586,0.6084675908579993
38,0.6438,0.6438,0.6981322169303894,0.24955683946609497,0.5236765146255493,0.7166964970595756,0.6285097192224622,0.6647887323943662,0.5533980582524272,0.6477987421383647,0.6227544910179641,0.8,0.6095003084515731,0.732032365540219,0.6428571428571429,0.7192400482509047,0.7597765363128491,0.776255707762557,0.5433070866141733,0.47387437465258475,0.5442348823643788,0.7102132435465769,0.8603559554077841,0.6629834254143646,0.6050955414012739
39,0.6421,0.6421,0.6955721378326416,0.24663996696472168,0.5256737470626831,0.7184863206341089,0.6343721073742672,0.6657276995305165,0.5533980582524272,0.6477987421383647,0.6302395209580839,0.7971631205673759,0.6107341147439852,0.7329842931937173,0.6383928571428571,0.7237635705669482,0.7625698324022346,0.7671232876712328,0.5118110236220472,0.4672040022234575,0.5524013221854949,0.7115600448933782,0.8638763935067475,0.6629834254143646,0.6067815661296365
40,0.6411,0.6411,0.6946619153022766,0.24344950914382935,0.5276316404342651,0.7325492201482997,0.642394322739895,0.6713615023474179,0.5307443365695793,0.6559748427672956,0.6287425149700598,0.7978723404255319,0.5965453423812461,0.7258448357924798,0.6428571428571429,0.7207478890229192,0.7541899441340782,0.7691527143581938,0.5118110236220472,0.4519177320733741,0.5679564456542874,0.7214365881032547,0.8599647956190104,0.6574585635359116,0.6077182465342825
41,0.6439,0.6439,0.7037328481674194,0.24054844677448273,0.5296825170516968,0.7384300690360521,0.6516507250848503,0.6769953051643193,0.49514563106796117,0.6496855345911949,0.6392215568862275,0.799290780141844,0.5940777297964219,0.7272727272727273,0.625,0.7150180940892642,0.7541899441340782,0.7681380010147133,0.5433070866141733,0.43079488604780436,0.5942057165078748,0.7281705948372615,0.8576178368863681,0.6906077348066298,0.6129636568002997
42,0.6457,0.6457,0.7103458642959595,0.23843564093112946,0.5317930579185486,0.7440552288417285,0.6643011416229558,0.6850704225352112,0.4886731391585761,0.6421383647798742,0.6541916167664671,0.800709219858156,0.581122763726095,0.7196573060447407,0.5892857142857143,0.7132086851628469,0.7541899441340782,0.7681380010147133,0.5511811023622047,0.4091161756531406,0.6206494264048221,0.7380471380471381,0.8488167416389595,0.6906077348066298,0.6200824278756089
43,0.6486,0.6486,0.70303875207901,0.23430480062961578,0.5337775349617004,0.7435438506775761,0.6741746374575748,0.6871361502347418,0.4886731391585761,0.6371069182389937,0.6631736526946108,0.8078014184397163,0.5792720542874769,0.7134697762970015,0.5803571428571429,0.706875753920386,0.7513966480446927,0.7711821410451547,0.5748031496062992,0.4082823790994997,0.6379545012638538,0.7407407407407407,0.8449051437512224,0.7182320441988951,0.6238291494941925
44,0.6534,0.6534,0.713711142539978,0.2319137305021286,0.5358760356903076,0.7499360777294809,0.6846652267818575,0.6884507042253522,0.49514563106796117,0.6421383647798742,0.6661676646706587,0.8113475177304964,0.5848241826033312,0.7077582103760114,0.5803571428571429,0.7053679131483716,0.7597765363128491,0.7676306443429731,0.5826771653543307,0.4263479710950528,0.6391211355240132,0.7414141414141414,0.8437316643849012,0.7237569060773481,0.6225177969276883
45,0.6557,0.6557,0.7136996984481812,0.22865495085716248,0.5379452705383301,0.7537714139606239,0.6905276149336624,0.6914553990610328,0.511326860841424,0.6679245283018868,0.6766467065868264,0.8099290780141843,0.5928439235040098,0.7087101380295098,0.6205357142857143,0.7159227985524729,0.7569832402234636,0.7686453576864536,0.6062992125984252,0.44774874930516956,0.6323157690064165,0.7418630751964085,0.8478388421670252,0.7237569060773481,0.616335706257025
46,0.6559,0.6559,0.7064313888549805,0.2265225350856781,0.5398905277252197,0.7588851956021477,0.6821968528232027,0.6942723004694835,0.5372168284789643,0.6635220125786163,0.657185628742515,0.8092198581560284,0.6033312769895126,0.7120418848167539,0.625,0.7237635705669482,0.7569832402234636,0.7721968543886352,0.5826771653543307,0.46831573096164536,0.6142329379739452,0.7434343434343434,0.8509681204772149,0.7292817679558011,0.6153990258523792
47,0.6552,0.6552,0.7162100076675415,0.22466513514518738,0.5419377684593201,0.759140884684224,0.6747917309472385,0.6942723004694835,0.5598705501618123,0.6773584905660377,0.6526946107784432,0.8014184397163121,0.6125848241826033,0.7139457401237506,0.6651785714285714,0.7334137515078407,0.7597765363128491,0.7757483510908169,0.5669291338582677,0.4866592551417454,0.5928446432043555,0.7393939393939394,0.8570310972032075,0.7292817679558011,0.619145747470963
48,0.6549,0.6549,0.7070973515510559,0.22189825773239136,0.5438376665115356,0.7522372794681668,0.6658438753471151,0.6944600938967136,0.5436893203883495,0.6918238993710691,0.6541916167664671,0.7978723404255319,0.6236890808143122,0.7191813422179915,0.6830357142857143,0.7448733413751508,0.7597765363128491,0.7808219178082192,0.5511811023622047,0.49499722067815455,0.5753451293019638,0.7382716049382716,0.8607471151965578,0.7237569060773481,0.6350693143499438
49,0.6555,0.6555,0.7177144885063171,0.21966592967510223,0.5458506941795349,0.7384300690360521,0.6547361925331687,0.6967136150234742,0.5436893203883495,0.690566037735849,0.6422155688622755,0.800709219858156,0.621838371375694,0.7225130890052356,0.6830357142857143,0.752714113389626,0.7681564245810056,0.7792998477929984,0.5354330708661418,0.4955530850472485,0.5650398600038887,0.7400673400673401,0.8623117543516526,0.7237569060773481,0.6491195204196328
50,0.6528,0.6528,0.7214691042900085,0.21837753057479858,0.5478855967521667,0.7330605983124521,0.6408515890157359,0.700093896713615,0.5436893203883495,0.6855345911949685,0.6332335329341318,0.8099290780141843,0.6150524367674275,0.723465016658734,0.6607142857142857,0.7490952955367913,0.7793296089385475,0.7879249112125825,0.5118110236220472,0.48721511951083935,0.5691230799144468,0.7497194163860831,0.865832192450616,0.7237569060773481,0.6530535781191458
51,0.6574,0.6574,0.7198147773742676,0.21729089319705963,0.5498710870742798,0.7292252620813091,0.6352977476087627,0.7027230046948357,0.5242718446601942,0.6698113207547169,0.625748502994012,0.8191489361702128,0.6014805675508945,0.7296525464064731,0.625,0.7352231604342582,0.7932960893854749,0.7919837645865043,0.5275590551181102,0.46664813785436354,0.5953723507680342,0.755331088664422,0.8664189321337766,0.7071823204419889,0.646309479205695
52,0.6581,0.6581,0.7104021906852722,0.21503184735774994,0.5517076253890991,0.731782152902071,0.6383832150570812,0.7006572769953051,0.511326860841424,0.6509433962264151,0.6287425149700598,0.8205673758865248,0.5866748920419494,0.7287006187529748,0.6071428571428571,0.7225572979493365,0.7905027932960894,0.7904616945712836,0.5196850393700787,0.43913285158421345,0.6278436710091386,0.7616161616161616,0.8715040093878349,0.7071823204419889,0.6324466092169352
53,0.6545,0.6545,0.7226430177688599,0.21393083035945892,0.5536782741546631,0.736895934543595,0.6513421783400185,0.6976525821596244,0.5080906148867314,0.6352201257861635,0.6287425149700598,0.8191489361702128,0.580505860579889,0.7310804378867206,0.5848214285714286,0.7107961399276237,0.7905027932960894,0.7879249112125825,0.5590551181102362,0.4271817676486937,0.6443709896947307,0.7636363636363637,0.8716995892822218,0.6961325966850829,0.6198950917946796
54,0.6568,0.6568,0.7259649634361267,0.21255244314670563,0.5556656718254089,0.7496803886474047,0.6609071274298056,0.6929577464788732,0.5145631067961165,0.6352201257861635,0.6526946107784432,0.8219858156028369,0.5860579888957433,0.7315564017134698,0.5892857142857143,0.7086851628468034,0.7932960893854749,0.786910197869102,0.5826771653543307,0.43468593663146193,0.6455376239548901,0.7674523007856341,0.8722863289653824,0.7182320441988951,0.6148370176095916
55,0.6576,0.6576,0.7327293753623962,0.21183675527572632,0.557714581489563,0.7532600357964715,0.6726319037334156,0.6867605633802817,0.517799352750809,0.6427672955974842,0.6676646706586826,0.8205673758865248,0.6008636644046884,0.7296525464064731,0.6071428571428571,0.715319662243667,0.7905027932960894,0.791476407914764,0.5984251968503937,0.45608671484157864,0.6346490375267354,0.7694725028058361,0.8720907490709955,0.7182320441988951,0.6174597227426002
56,0.6589,0.6589,0.7204880118370056,0.21084003150463104,0.5595768094062805,0.7586295065200716,0.6788028386300524,0.6809389671361502,0.5436893203883495,0.6547169811320754,0.6706586826347305,0.8170212765957446,0.6156693399136336,0.7258448357924798,0.6205357142857143,0.7234620024125452,0.7821229050279329,0.7904616945712836,0.6141732283464567,0.4805447470817121,0.6115107913669064,0.7665544332210998,0.8726774887541561,0.7237569060773481,0.6208317721993256
57,0.659,0.659,0.7229662537574768,0.20969727635383606,0.5614461302757263,0.7596522628483764,0.6840481332921937,0.684319248826291,0.540453074433657,0.670440251572327,0.6856287425149701,0.8141843971631205,0.6286243059839605,0.7225130890052356,0.6205357142857143,0.7349215922798552,0.770949720670391,0.7843734145104008,0.6141732283464567,0.49777654252362424,0.5899280575539568,0.7663299663299663,0.8679835712888715,0.7292817679558011,0.635256650430873
58,0.6622,0.6622,0.7367967963218689,0.20886649191379547,0.5634697675704956,0.7614420864229098,0.6899105214439988,0.6901408450704225,0.5728155339805825,0.6823899371069182,0.6811377245508982,0.8134751773049645,0.636027143738433,0.7263207996192289,0.6383928571428571,0.7424607961399277,0.7681564245810056,0.7798072044647387,0.5826771653543307,0.5150083379655364,0.5743729340851643,0.7524130190796857,0.868765890866419,0.7458563535911602,0.6464968152866242
59,0.6614,0.6614,0.7361579537391663,0.20756740868091583,0.5654577612876892,0.7553055484530811,0.6852823202715211,0.7021596244131455,0.6084142394822006,0.6830188679245283,0.6796407185628742,0.8141843971631205,0.6421961752004935,0.7282246549262256,0.6473214285714286,0.7436670687575392,0.7877094972067039,0.7803145611364789,0.5511811023622047,0.5225125069483046,0.5728174217382851,0.7441077441077442,0.8672012517113241,0.7458563535911602,0.6586736605470214
60,0.6618,0.6618,0.7456417679786682,0.20654989778995514,0.5675427913665771,0.7478905650728714,0.6744831842024067,0.7106103286384976,0.5857605177993528,0.6811320754716981,0.6736526946107785,0.8191489361702128,0.6446637877853177,0.7372679676344598,0.6473214285714286,0.7421592279855247,0.8072625698324022,0.7767630644342973,0.5433070866141733,0.5202890494719289,0.5759284464320436,0.7407407407407407,0.8666145120281635,0.7458563535911602,0.6652304233795429
61,0.664,0.664,0.7376735806465149,0.2057531177997589,0.5694957971572876,0.7512145231398619,0.67170626349892,0.7190610328638498,0.5889967637540453,0.6811320754716981,0.6706586826347305,0.8276595744680851,0.6384947563232573,0.7401237505949548,0.6428571428571429,0.744270205066345,0.7988826815642458,0.791476407914764,0.5354330708661418,0.50917176209005,0.5877892280769978,0.747699214365881,0.8703305300215138,0.7513812154696132,0.6646684151367553
62,0.6633,0.6633,0.7439229488372803,0.20512589812278748,0.5715036392211914,0.7576067501917668,0.6769515581610615,0.7107981220657277,0.5728155339805825,0.6880503144654088,0.6736526946107785,0.8148936170212766,0.621221468229488,0.7367920038077106,0.6517857142857143,0.7445717732207479,0.7960893854748603,0.7950279046169457,0.5354330708661418,0.48526959421901056,0.6004277658953918,0.7591470258136925,0.8703305300215138,0.7513812154696132,0.6648557512176845
63,0.6645,0.6645,0.7403396964073181,0.20430493354797363,0.5734381675720215,0.757862439273843,0.6837395865473619,0.704225352112676,0.5501618122977346,0.6930817610062893,0.6676646706586826,0.8092198581560284,0.6101172115977791,0.7339362208472157,0.6339285714285714,0.7451749095295537,0.8044692737430168,0.7909690512430239,0.5748031496062992,0.45497498610339077,0.608399766673148,0.7663299663299663,0.8703305300215138,0.7403314917127072,0.6599850131135256
64,0.6672,0.6672,0.7396324872970581,0.20276755094528198,0.5753377676010132,0.7611863973408336,0.6837395865473619,0.7008450704225352,0.5372168284789643,0.690566037735849,0.6661676646706587,0.8106382978723404,0.5965453423812461,0.7325083293669681,0.6294642857142857,0.7448733413751508,0.8100558659217877,0.793505834601725,0.5984251968503937,0.4452473596442468,0.6239548901419405,0.7735129068462402,0.8701349501271269,0.7569060773480663,0.6517422255526414
65,0.6697,0.6697,0.7441398501396179,0.2014923393726349,0.5772702097892761,0.7637432881615955,0.6849737735266893,0.6984037558685446,0.5339805825242718,0.6823899371069182,0.6676646706586826,0.8099290780141843,0.5977791486736582,0.729176582579724,0.625,0.73854041013269,0.8072625698324022,0.8001014713343481,0.5984251968503937,0.45525291828793774,0.631149134746257,0.7802469135802469,0.8720907490709955,0.7679558011049724,0.6506182090670664
66,0.6676,0.6676,0.7354286909103394,0.2007589340209961,0.5790655612945557,0.7583738174379954,0.679728478864548,0.6984037558685446,0.5372168284789643,0.6767295597484276,0.6691616766467066,0.8134751773049645,0.6144355336212215,0.7344121846739647,0.625,0.7379372738238842,0.8016759776536313,0.8026382546930492,0.5984251968503937,0.46386881600889385,0.6313435737896169,0.7804713804713804,0.8716995892822218,0.7679558011049724,0.6538029224428625
67,0.6691,0.6691,0.7489768266677856,0.20027554035186768,0.5810108184814453,0.7514702122219381,0.6735575439679111,0.7057276995305164,0.5372168284789643,0.6685534591194968,0.6751497005988024,0.8177304964539007,0.6156693399136336,0.7348881485007139,0.6205357142857143,0.7400482509047045,0.8044692737430168,0.8006088280060882,0.6062992125984252,0.4774874930516954,0.6297880614427377,0.7771043771043771,0.8654410326618424,0.7569060773480663,0.6626077182465343
68,0.6679,0.6679,0.7398477792739868,0.1992407888174057,0.5828134417533875,0.7491690104832524,0.6646096883677877,0.7062910798122066,0.5436893203883495,0.6754716981132075,0.6691616766467066,0.8262411347517731,0.6169031462060457,0.7405997144217039,0.625,0.7409529553679132,0.7932960893854749,0.7945205479452054,0.6062992125984252,0.4838799332962757,0.6258992805755396,0.7640852974186307,0.8650498728730687,0.7513812154696132,0.6697264893218434
69,0.6689,0.6689,0.7487005591392517,0.1975475400686264,0.5847052931785583,0.7537714139606239,0.6676951558161062,0.7087323943661972,0.5469255663430421,0.6861635220125786,0.6766467065868264,0.8297872340425532,0.6187538556446638,0.7482151356496907,0.6205357142857143,0.7397466827503015,0.7932960893854749,0.7894469812278031,0.6062992125984252,0.47971095052807117,0.6161773284075442,0.7546576879910213,0.868765890866419,0.7348066298342542,0.6755339078306482
70,0.6706,0.6706,0.7441836595535278,0.19663304090499878,0.5865148305892944,0.7614420864229098,0.6692378895402653,0.7175586854460094,0.540453074433657,0.6918238993710691,0.6841317365269461,0.826950354609929,0.6162862430598396,0.7482151356496907,0.6116071428571429,0.7427623642943305,0.7849162011173184,0.7864028411973617,0.6062992125984252,0.47720956086714844,0.6037332296325102,0.7503928170594837,0.8705261099159006,0.7348066298342542,0.6749718995878606
71,0.6677,0.6677,0.7514246702194214,0.19578216969966888,0.5883927345275879,0.7726924060342624,0.6788028386300524,0.7207511737089202,0.5501618122977346,0.6981132075471698,0.6901197604790419,0.824822695035461,0.6230721776681061,0.7444074250356972,0.6116071428571429,0.7503015681544029,0.7625698324022346,0.7798072044647387,0.6062992125984252,0.46942745969983324,0.5986778145051527,0.7497194163860831,0.874046548014864,0.7292817679558011,0.6747845635069314
72,0.667,0.667,0.7550780177116394,0.19505423307418823,0.5902926325798035,0.7752492968550243,0.6831224930576982,0.7258215962441315,0.5533980582524272,0.7012578616352201,0.6976047904191617,0.8156028368794326,0.6162862430598396,0.743455497382199,0.6071428571428571,0.7545235223160435,0.7597765363128491,0.7777777777777778,0.6062992125984252,0.4708171206225681,0.5910946918141162,0.7508417508417509,0.8756111871699589,0.7403314917127072,0.6719745222929936
73,0.667,0.667,0.7504867315292358,0.19397123157978058,0.5921090841293335,0.7719253387880337,0.6871336007405122,0.7245070422535211,0.5598705501618123,0.6943396226415094,0.7005988023952096,0.8099290780141843,0.6224552745219001,0.7372679676344598,0.6026785714285714,0.7551266586248492,0.7541899441340782,0.7737189244038559,0.6062992125984252,0.4741523068371317,0.5870114719035582,0.7519640852974186,0.8761979268531195,0.7458563535911602,0.666354439865118
74,0.6701,0.6701,0.7510072588920593,0.19443348050117493,0.5939086079597473,0.7752492968550243,0.6858994137611848,0.7203755868544601,0.5566343042071198,0.6974842767295597,0.7035928143712575,0.8163120567375887,0.6193707587908698,0.7363160399809614,0.6205357142857143,0.7551266586248492,0.7569832402234636,0.7843734145104008,0.5984251968503937,0.48082267926625905,0.5907058137273965,0.7611672278338945,0.8779581459026012,0.7458563535911602,0.6624203821656051
75,0.6693,0.6693,0.7485790252685547,0.1933230310678482,0.5956541895866394,0.7711582715418052,0.681579759333539,0.7128638497652582,0.5631067961165048,0.6937106918238993,0.7035928143712575,0.8191489361702128,0.6243059839605182,0.7372679676344598,0.6071428571428571,0.7445717732207479,0.7737430167597765,0.791476407914764,0.5826771653543307,0.4785992217898833,0.5971223021582733,0.7663299663299663,0.8801095247408567,0.7348066298342542,0.6648557512176845
76,0.6688,0.6688,0.7546167373657227,0.19369100034236908,0.5974531769752502,0.7655331117361288,0.6784942918852206,0.7055399061032864,0.5501618122977346,0.6836477987421383,0.7080838323353293,0.8297872340425532,0.6230721776681061,0.7382198952879581,0.6071428571428571,0.7394451145958987,0.776536312849162,0.802130898021309,0.5905511811023622,0.47109505280711506,0.6165662064942641,0.7681257014590348,0.8840211226285938,0.7513812154696132,0.6607343574372424
77,0.6686,0.6686,0.7582793831825256,0.19278477132320404,0.5992751121520996,0.7657888008182051,0.679728478864548,0.703849765258216,0.5566343042071198,0.6817610062893081,0.7020958083832335,0.8446808510638298,0.6243059839605182,0.7420276059019515,0.6160714285714286,0.7376357056694813,0.7905027932960894,0.8092338914256723,0.5984251968503937,0.4697053918843802,0.6336768423099358,0.7714927048260382,0.8846078623117544,0.7458563535911602,0.6586736605470214
78,0.6728,0.6728,0.7599115371704102,0.19224268198013306,0.6010940670967102,0.7711582715418052,0.6840481332921937,0.7098591549295775,0.5533980582524272,0.6880503144654088,0.7050898203592815,0.8439716312056738,0.6236890808143122,0.7429795335554498,0.6339285714285714,0.7388419782870929,0.7988826815642458,0.8127853881278538,0.5905511811023622,0.4741523068371317,0.6362045498736146,0.7658810325476992,0.8834343829454332,0.7458563535911602,0.6581116523042337
79,0.6725,0.6725,0.7617343664169312,0.19129908084869385,0.6029123663902283,0.7701355152135004,0.6828139463128664,0.7213145539906103,0.5598705501618123,0.689937106918239,0.7005988023952096,0.8482269503546099,0.6267735965453424,0.7448833888624464,0.6205357142857143,0.7457780458383595,0.8044692737430168,0.8132927447995941,0.5984251968503937,0.47804335742078935,0.6303713785728174,0.7600448933782267,0.8840211226285938,0.7513812154696132,0.6609216935181716
80,0.6725,0.6725,0.7519111633300781,0.19015517830848694,0.6045840978622437,0.767067246228586,0.673866090712743,0.7211267605633803,0.5631067961165048,0.6930817610062893,0.6976047904191617,0.8390070921985816,0.6286243059839605,0.7482151356496907,0.625,0.7484921592279855,0.8128491620111732,0.8112633181126332,0.5826771653543307,0.4858254585881045,0.6258992805755396,0.7548821548821549,0.885194601994915,0.7458563535911602,0.6667291120269764
81,0.6743,0.6743,0.7757368683815002,0.19045671820640564,0.6065347790718079,0.7655331117361288,0.675717371181734,0.7184976525821596,0.5598705501618123,0.6893081761006289,0.6961077844311377,0.8304964539007093,0.6391116594694632,0.7458353165159448,0.6205357142857143,0.7536188178528347,0.8100558659217877,0.8001014713343481,0.5511811023622047,0.4944413563090606,0.614621816060665,0.7517396184062851,0.8855857617836886,0.7348066298342542,0.6717871862120645
82,0.6719,0.6719,0.770306408405304,0.191495880484581,0.6083906888961792,0.767067246228586,0.6754088244369022,0.7215023474178404,0.5598705501618123,0.6861635220125786,0.6901197604790419,0.8191489361702128,0.6317088217149908,0.7458353165159448,0.6205357142857143,0.7515078407720145,0.7988826815642458,0.7995941146626078,0.5511811023622047,0.49166203446359086,0.6074275714563484,0.755331088664422,0.8873459808331704,0.7458563535911602,0.6770325964780817
83,0.6694,0.6694,0.7583990693092346,0.19079849123954773,0.6100733280181885,0.7629762209153669,0.6751002776920704,0.7261971830985916,0.5631067961165048,0.670440251572327,0.6781437125748503,0.8163120567375887,0.6273904996915485,0.7491670633031889,0.6116071428571429,0.741556091676719,0.7821229050279329,0.7985794013191273,0.5511811023622047,0.4838799332962757,0.6117052304102664,0.7593714927048261,0.8838255427342069,0.7237569060773481,0.6809666541775946
84,0.6653,0.6653,0.7663478851318359,0.19071844220161438,0.6118338108062744,0.7611863973408336,0.6735575439679111,0.7308920187793427,0.5533980582524272,0.6591194968553459,0.6796407185628742,0.8134751773049645,0.6150524367674275,0.7496430271299381,0.6026785714285714,0.7282870928829915,0.7681564245810056,0.793505834601725,0.5511811023622047,0.4616453585325181,0.6128718646704259,0.7640852974186307,0.8830432231566595,0.7071823204419889,0.6841513675533908
85,0.6643,0.6643,0.769439160823822,0.19060610234737396,0.6136102676391602,0.7652774226540526,0.673866090712743,0.7357746478873239,0.5048543689320388,0.6459119496855346,0.6841317365269461,0.8191489361702128,0.6064157927205429,0.7482151356496907,0.5982142857142857,0.7192400482509047,0.770949720670391,0.7980720446473871,0.5511811023622047,0.44163424124513617,0.6225938168384212,0.7687991021324355,0.8873459808331704,0.7071823204419889,0.681341326339453
86,0.6657,0.6657,0.7549858689308167,0.18888148665428162,0.6151849031448364,0.7716696497059575,0.6809626658438753,0.7348356807511737,0.49514563106796117,0.6358490566037736,0.6946107784431138,0.8198581560283688,0.6051819864281308,0.7420276059019515,0.59375,0.7171290711700844,0.7793296089385475,0.7970573313039067,0.5511811023622047,0.43746525847693163,0.6268714757923392,0.7744107744107744,0.8924310580872287,0.7071823204419889,0.6809666541775946
87,0.67,0.67,0.772673487663269,0.18849460780620575,0.6169587969779968,0.7849654819739197,0.6936130823819808,0.7269483568075117,0.511326860841424,0.6471698113207547,0.6976047904191617,0.8283687943262411,0.6088834053053671,0.7396477867682056,0.5892857142857143,0.718335343787696,0.776536312849162,0.8031456113647895,0.5590551181102362,0.4466370205669817,0.629010305269298,0.7721661054994389,0.8900840993545863,0.7071823204419889,0.6706631697264893
88,0.6727,0.6727,0.7702158093452454,0.18790550529956818,0.6186792850494385,0.7885451291229865,0.7041036717062635,0.7184976525821596,0.5145631067961165,0.6566037735849056,0.7005988023952096,0.8326241134751773,0.6206045650832819,0.7363160399809614,0.5982142857142857,0.7313027744270205,0.7793296089385475,0.8031456113647895,0.5826771653543307,0.45858810450250137,0.6264825977056193,0.7712682379349046,0.8908664189321338,0.7237569060773481,0.6633570625702511
89,0.6761,0.6761,0.7721250653266907,0.18743249773979187,0.6204016804695129,0.793147532600358,0.7025609379821043,0.7136150234741784,0.5275080906148867,0.6735849056603773,0.7065868263473054,0.8425531914893617,0.6335595311536089,0.7391718229414564,0.6116071428571429,0.7481905910735827,0.7960893854748603,0.8051750380517504,0.5826771653543307,0.4744302390216787,0.6276492319657787,0.7674523007856341,0.8922354781928418,0.7403314917127072,0.6650430872986137
90,0.6779,0.6779,0.7575329542160034,0.18686756491661072,0.6219226717948914,0.7934032216824342,0.6991669237889541,0.7175586854460094,0.5436893203883495,0.6867924528301886,0.6961077844311377,0.8460992907801419,0.6434299814929056,0.7439314612089482,0.6294642857142857,0.7566344993968637,0.8016759776536313,0.8092338914256723,0.5905511811023622,0.49221789883268485,0.6210383044915418,0.7598204264870931,0.8918443184040681,0.7513812154696132,0.6674784563506931
91,0.6798,0.6798,0.7576962113380432,0.18655993044376373,0.6234267950057983,0.7913577090258246,0.6905276149336624,0.7222535211267606,0.5436893203883495,0.6993710691823899,0.6961077844311377,0.8446808510638298,0.6563849475632326,0.7482151356496907,0.6428571428571429,0.7635705669481303,0.8100558659217877,0.8077118214104515,0.6299212598425197,0.5008337965536409,0.6198716702313825,0.7539842873176207,0.8922354781928418,0.7458563535911602,0.6689771449981267
92,0.6827,0.6827,0.7663459777832031,0.18550604581832886,0.6250177621841431,0.7875223727946816,0.6886763344646714,0.7282629107981221,0.5469255663430421,0.7044025157232704,0.6946107784431138,0.8432624113475178,0.6600863664404688,0.7539267015706806,0.6651785714285714,0.7686972255729795,0.8128491620111732,0.8092338914256723,0.6377952755905512,0.5033351862145636,0.6175384017110636,0.7580246913580246,0.8879327205163309,0.7624309392265194,0.6697264893218434
93,0.6826,0.6826,0.7862977981567383,0.18666189908981323,0.6268360614776611,0.7844541038097673,0.6868250539956804,0.7327699530516432,0.5598705501618123,0.7,0.6901197604790419,0.8354609929078014,0.6644046884639112,0.7510709186101856,0.6785714285714286,0.7735223160434258,0.8128491620111732,0.8077118214104515,0.6535433070866141,0.5116731517509727,0.6148162551040249,0.7661054994388328,0.8848034422061412,0.7624309392265194,0.6727238666167104
94,0.6812,0.6812,0.7766653895378113,0.186592698097229,0.6285111308097839,0.7760163641012529,0.6837395865473619,0.7385915492957746,0.5663430420711975,0.7081761006289308,0.7035928143712575,0.8262411347517731,0.6533004318322023,0.7453593526891956,0.6741071428571429,0.7777442702050663,0.8044692737430168,0.8132927447995941,0.6456692913385826,0.5047248471372985,0.6173439626677036,0.773063973063973,0.8791316252689223,0.7569060773480663,0.67740726863994
95,0.6818,0.6818,0.7781087160110474,0.18674421310424805,0.6301829218864441,0.7770391204295577,0.6821968528232027,0.7453521126760564,0.5436893203883495,0.7056603773584905,0.7020958083832335,0.8156028368794326,0.6378778531770513,0.746311280342694,0.6830357142857143,0.7756332931242461,0.7988826815642458,0.8138001014713343,0.6299212598425197,0.4919399666481378,0.6231771339685008,0.7811447811447811,0.8754156072755721,0.7513812154696132,0.6809666541775946
96,0.6789,0.6789,0.7890662550926208,0.18665100634098053,0.6319695115089417,0.7737151623625671,0.6828139463128664,0.7447887323943662,0.5275080906148867,0.6987421383647798,0.6991017964071856,0.8099290780141843,0.6261566933991364,0.7410756782484531,0.6607142857142857,0.7677925211097708,0.7877094972067039,0.8092338914256723,0.6141732283464567,0.4763757643135075,0.6286214271825783,0.7856341189674523,0.8789360453745355,0.7458563535911602,0.6863994005245411
97,0.6769,0.6769,0.7643520832061768,0.18583571910858154,0.6334303617477417,0.7732037841984147,0.6865165072508485,0.739906103286385,0.5016181229773463,0.6867924528301886,0.6931137724550899,0.8134751773049645,0.6162862430598396,0.7401237505949548,0.6383928571428571,0.7596501809408926,0.7737430167597765,0.8153221714865551,0.5590551181102362,0.462479155086159,0.6369823060470543,0.7894500561167228,0.8816741638959515,0.7237569060773481,0.6796553016110903
98,0.6777,0.6777,0.7714067101478577,0.1850280612707138,0.6349585056304932,0.776272053183329,0.6865165072508485,0.7370892018779343,0.4886731391585761,0.6754716981132075,0.6976047904191617,0.8241134751773049,0.6057988895743368,0.7386958591147073,0.625,0.7560313630880579,0.7877094972067039,0.8107559614408929,0.5590551181102362,0.452751528627015,0.6484542096052888,0.7898989898989899,0.8824564834734989,0.7348066298342542,0.6701011614837018
99,0.6781,0.6781,0.777283251285553,0.18429823219776154,0.6365393400192261,0.7760163641012529,0.6843566800370257,0.7333333333333333,0.4919093851132686,0.6773584905660377,0.6856287425149701,0.8290780141843972,0.6057988895743368,0.7396477867682056,0.625,0.7518094089264173,0.7877094972067039,0.8143074581430746,0.5433070866141733,0.44385769872151193,0.6527318685592067,0.7872053872053872,0.8828476432622726,0.7292817679558011,0.6714125140502061
100,0.6792,0.56291,1.1789766550064087,0.2043614387512207,0.644228458404541,0.7818972129890054,0.6917618019129899,0.7297652582159624,0.4854368932038835,0.6314465408805031,0.35179640718562877,0.8170212765957446,0.1067242442936459,0.40504521656354114,0.5357142857142857,0.6468636911942099,0.7681564245810056,0.4028411973617453,0.2755905511811024,0.45608671484157864,0.3501847170911919,0.734006734006734,0.589477801681987,0.6961325966850829,0.6397527163731734
101,0.6616,0.55159,1.0805734395980835,0.23886847496032715,0.6500434279441833,0.7752492968550243,0.7142857142857143,0.7141784037558685,0.511326860841424,0.6352201257861635,0.3383233532934132,0.8347517730496454,0.10425663170882171,0.41551642075202283,0.5491071428571429,0.6402291917973462,0.7681564245810056,0.41907661085743275,0.28346456692913385,0.4802668148971651,0.3842115496791756,0.6552188552188553,0.6016037551339722,0.6685082872928176,0.646309479205695
102,0.6342,0.5405300000000001,0.9611132740974426,0.26463308930397034,0.6538870334625244,0.7540271030427,0.7232335698858378,0.6914553990610328,0.4854368932038835,0.6358490566037736,0.3398203592814371,0.8390070921985816,0.11844540407156076,0.4512137077582104,0.5535714285714286,0.6287696019300362,0.7486033519553073,0.4429223744292237,0.2440944881889764,0.490272373540856,0.4407933112969084,0.561391694725028,0.6323097985527087,0.6132596685082873,0.6320719370550768
103,0.5816,0.52246,0.8793883323669434,0.2740606367588043,0.6565255522727966,0.6903605216057275,0.7318728787411293,0.6647887323943662,0.4692556634304207,0.6383647798742138,0.3278443113772455,0.8397163120567376,0.19432449105490437,0.5616373155640171,0.5580357142857143,0.6070566948130277,0.6675977653631285,0.471841704718417,0.2283464566929134,0.4641467481934408,0.49990278047832004,0.4684624017957351,0.7226677097594367,0.5414364640883977,0.6227051330086174
104,0.5386,0.5103099999999999,0.8518105149269104,0.2737996280193329,0.6587650179862976,0.6156993096394784,0.7186053687133601,0.655962441314554,0.4368932038834951,0.630188679245283,0.3203592814371258,0.8482269503546099,0.2745219000616903,0.6615897191813422,0.5535714285714286,0.5874547647768396,0.6005586592178771,0.5078640284119736,0.2047244094488189,0.43718732629238466,0.5420960528874198,0.4006734006734007,0.8124388812830041,0.5082872928176796,0.6116523042337955
105,0.52,0.50638,0.8384804129600525,0.2706446945667267,0.6608041524887085,0.5717207875223728,0.6991669237889541,0.6587793427230046,0.4336569579288026,0.6339622641509434,0.3203592814371258,0.8539007092198582,0.31030228254164094,0.7072822465492623,0.5580357142857143,0.5811218335343787,0.5698324022346368,0.534753932014206,0.2047244094488189,0.4171762090050028,0.5494847365350962,0.37643097643097645,0.8591824760414629,0.44751381215469616,0.6030348445110528
106,0.5162,0.5086999999999999,0.8324357867240906,0.26585105061531067,0.6627405285835266,0.5566351316798772,0.6862079605060166,0.67981220657277,0.41423948220064727,0.6415094339622641,0.33532934131736525,0.8539007092198582,0.34361505243676743,0.7229890528319848,0.5714285714285714,0.5856453558504222,0.5446927374301676,0.5423642820903095,0.2125984251968504,0.3802112284602557,0.5391794672370211,0.3991021324354658,0.8748288675924115,0.46408839779005523,0.5979767703259647
107,0.519,0.51342,0.8193451166152954,0.26006263494491577,0.6644893288612366,0.5571465098440297,0.6828139463128664,0.7036619718309859,0.3592233009708738,0.6396226415094339,0.3323353293413174,0.850354609929078,0.3985194324491055,0.7310804378867206,0.59375,0.5856453558504222,0.5279329608938548,0.5256215119228818,0.2204724409448819,0.3085047248471373,0.5164300991639121,0.4754208754208754,0.8820653236847252,0.5359116022099447,0.5985387785687524
108,0.531,0.52336,0.7947407364845276,0.2534103989601135,0.6659179329872131,0.5668626949629251,0.6886763344646714,0.72,0.28802588996763756,0.6471698113207547,0.3398203592814371,0.8460992907801419,0.46946329426280076,0.723465016658734,0.6294642857142857,0.5820265379975874,0.5167597765363129,0.48300355149670215,0.2283464566929134,0.22206781545302945,0.4779311685786506,0.571043771043771,0.8830432231566595,0.6132596685082873,0.598164106406894
109,0.54,0.52965,0.8046466708183289,0.24563683569431305,0.6674480438232422,0.570698031194068,0.697315643319963,0.7331455399061033,0.22006472491909385,0.6572327044025157,0.3473053892215569,0.8404255319148937,0.512646514497224,0.7158495954307472,0.6517857142857143,0.5820265379975874,0.5111731843575419,0.44799594114662605,0.23622047244094488,0.16203446359088383,0.43379350573595177,0.6509539842873177,0.8783493056913749,0.6574585635359116,0.6024728362682653
110,0.546,0.53322,0.8040081262588501,0.2366054207086563,0.6689515709877014,0.5814369726412683,0.7037951249614317,0.7355868544600939,0.1941747572815534,0.6540880503144654,0.3398203592814371,0.8404255319148937,0.5397902529302899,0.7082341742027606,0.6517857142857143,0.5856453558504222,0.4972067039106145,0.43125317097919835,0.23622047244094488,0.12506948304613674,0.40987750340268325,0.6947250280583613,0.8707216898102875,0.6574585635359116,0.6135256650430873
111,0.5505,0.5357700000000001,0.8089801073074341,0.22906403243541718,0.6704966425895691,0.595499872155459,0.7186053687133601,0.7275117370892019,0.18446601941747573,0.6540880503144654,0.35479041916167664,0.8397163120567376,0.5453423812461443,0.7058543550690147,0.6517857142857143,0.5880579010856454,0.5083798882681564,0.42516489091831555,0.25196850393700787,0.11089494163424124,0.402099941668287,0.6992143658810326,0.8625073342460395,0.6740331491712708,0.6309479205695017
112,0.5548,0.5373699999999999,0.8079023361206055,0.22236613929271698,0.6720098257064819,0.6087957044234211,0.7312557852514656,0.7113615023474178,0.20064724919093851,0.6559748427672956,0.35778443113772457,0.8468085106382979,0.5330043183220234,0.6991908614945264,0.6517857142857143,0.5943908323281062,0.5251396648044693,0.4292237442922374,0.25196850393700787,0.10728182323513062,0.40773867392572427,0.6702581369248036,0.8497946411108938,0.6519337016574586,0.6431247658298989
113,0.5582,0.53491,0.8038933277130127,0.21757730841636658,0.6734564304351807,0.6348759907951931,0.7380438136377662,0.6944600938967136,0.20711974110032363,0.6522012578616352,0.3532934131736527,0.8531914893617021,0.5077112893275756,0.680628272251309,0.6383928571428571,0.5940892641737032,0.5614525139664804,0.4459665144596651,0.2440944881889764,0.12701500833796553,0.4205716507874781,0.6282828282828283,0.8278896929395658,0.6298342541436464,0.6485575121768452
114,0.5648,0.53483,0.8082560896873474,0.21400859951972961,0.6749377846717834,0.6642802352339555,0.7392780006170935,0.687699530516432,0.24919093851132687,0.6452830188679245,0.3502994011976048,0.8539007092198582,0.4583590376310919,0.6477867682056164,0.6205357142857143,0.606453558504222,0.5893854748603352,0.4789446981227803,0.25196850393700787,0.15591995553085047,0.4302936029554735,0.5584736251402918,0.7973792294152161,0.585635359116022,0.6564256275758711
115,0.5636,0.5298200000000001,0.8032943606376648,0.21027959883213043,0.6763418912887573,0.6783431347481462,0.7349583461894477,0.6901408450704225,0.255663430420712,0.6358490566037736,0.3458083832335329,0.8560283687943262,0.4108574953732264,0.6206568300809139,0.625,0.614897466827503,0.6312849162011173,0.5073566717402334,0.23622047244094488,0.18927181767648693,0.43671009138635036,0.5095398428731762,0.7754742812438882,0.5580110497237569,0.6616710378418883
116,0.5664,0.52598,0.8029190897941589,0.20856450498104095,0.6777247786521912,0.6959856814114037,0.7321814254859611,0.6935211267605634,0.2977346278317152,0.6314465408805031,0.3338323353293413,0.8539007092198582,0.3621221468229488,0.5906711089957163,0.5982142857142857,0.6257539203860072,0.6424581005586593,0.5235920852359208,0.2440944881889764,0.23624235686492495,0.4454598483375462,0.47901234567901235,0.7535693330725601,0.5303867403314917,0.6616710378418883
117,0.5746,0.52759,0.7879505157470703,0.20536983013153076,0.6789156198501587,0.7136282280746612,0.7257019438444925,0.6995305164319249,0.32038834951456313,0.620125786163522,0.3323353293413174,0.8489361702127659,0.33066008636644045,0.566872917658258,0.5892857142857143,0.6269601930036188,0.6620111731843575,0.5235920852359208,0.23622047244094488,0.26903835464146747,0.4516818977250632,0.48035914702581367,0.7306864854292978,0.5082872928176796,0.656238291494942
118,0.5838,0.53007,0.7850887775421143,0.2031044363975525,0.6800594329833984,0.7184863206341089,0.7124344338167232,0.699718309859155,0.3268608414239482,0.6176100628930817,0.3263473053892216,0.8397163120567376,0.31523750771128933,0.5464064731080438,0.5803571428571429,0.6260554885404102,0.6703910614525139,0.5088787417554541,0.25984251968503935,0.28237909949972206,0.4462376045109858,0.5050505050505051,0.715431253667123,0.4861878453038674,0.6534282502810042
119,0.5941,0.53371,0.7809896469116211,0.20134754478931427,0.6811427474021912,0.7282025057530044,0.7071891391545819,0.7032863849765258,0.3333333333333333,0.6226415094339622,0.33682634730538924,0.8304964539007093,0.2998149290561382,0.5283198476915755,0.5848214285714286,0.632388419782871,0.6759776536312849,0.4992389649923896,0.2677165354330709,0.29405225125069484,0.43748784755979003,0.5272727272727272,0.7005671816937219,0.5138121546961326,0.6560509554140127
120,0.6004,0.53693,0.7785620093345642,0.19971683621406555,0.6821858286857605,0.7276911275888519,0.6979327368096266,0.7070422535211267,0.313915857605178,0.6333333333333333,0.3398203592814371,0.8290780141843972,0.30351634793337445,0.5230842455973346,0.6026785714285714,0.6423401688781665,0.6703910614525139,0.48452562151192285,0.2677165354330709,0.29571984435797666,0.42484930974139606,0.5578002244668911,0.694895364756503,0.5469613259668509,0.6551142750093668
121,0.6026,0.53955,0.7868492007255554,0.19875048100948334,0.6833118796348572,0.7287138839171567,0.7053378586855908,0.7123004694835681,0.313915857605178,0.6459119496855346,0.35179640718562877,0.824822695035461,0.30228254164096235,0.5230842455973346,0.6071428571428571,0.6393244873341375,0.6508379888268156,0.47691527143581935,0.2755905511811024,0.2954419121734297,0.41882169939723896,0.5876543209876544,0.7013495012712693,0.6132596685082873,0.6551142750093668
122,0.6038,0.5437000000000001,0.7736427187919617,0.19807294011116028,0.6842741966247559,0.7141396062388136,0.7155199012650416,0.7218779342723005,0.3042071197411003,0.6465408805031446,0.34880239520958084,0.8276595744680851,0.3121529919802591,0.5406949071870538,0.6205357142857143,0.6344993968636912,0.6508379888268156,0.465246067985794,0.28346456692913385,0.27793218454697055,0.4244604316546763,0.6092031425364759,0.7203207510267945,0.6187845303867403,0.6524915698763581
123,0.5987,0.54433,0.7835619449615479,0.19623161852359772,0.6853382587432861,0.7000767067246229,0.7247763036099969,0.7245070422535211,0.3106796116504854,0.6465408805031446,0.3458083832335329,0.8347517730496454,0.3288093769278223,0.5792479771537363,0.6428571428571429,0.6248492159227985,0.6256983240223464,0.4550989345509893,0.28346456692913385,0.27515286270150086,0.43321018860587207,0.6242424242424243,0.7498533150792098,0.6243093922651933,0.6496815286624203
124,0.5907,0.54295,0.7732968926429749,0.1948135644197464,0.6862736344337463,0.67808744566607,0.7374267201481024,0.7258215962441315,0.33980582524271846,0.6522012578616352,0.344311377245509,0.8460992907801419,0.3553362122146823,0.6235126130414088,0.6473214285714286,0.617913148371532,0.6061452513966481,0.44799594114662605,0.2677165354330709,0.27904391328515843,0.4510985805949835,0.6267115600448934,0.7885781341678075,0.6408839779005525,0.6506182090670664
125,0.5837,0.54132,0.7778158783912659,0.19252097606658936,0.6872493624687195,0.6601892099207364,0.751928417155199,0.7273239436619718,0.313915857605178,0.6509433962264151,0.3413173652694611,0.8560283687943262,0.36829117828500924,0.6620656830080914,0.6428571428571429,0.612183353437877,0.5726256983240223,0.4505327245053272,0.23622047244094488,0.28877153974430236,0.4602372156328991,0.6161616161616161,0.8192841775865441,0.6298342541436464,0.6556762832521543
126,0.5797,0.53919,0.7719134092330933,0.19022603332996368,0.6881475448608398,0.6471490667348504,0.7574822585621722,0.7271361502347418,0.32362459546925565,0.6484276729559748,0.3338323353293413,0.8617021276595744,0.3701418877236274,0.6863398381722989,0.6071428571428571,0.6025331724969843,0.5754189944134078,0.4535768645357686,0.2283464566929134,0.30016675931072817,0.4647093136301769,0.61324354657688,0.8298454918834344,0.6077348066298343,0.6637317347321094
127,0.5783,0.53854,0.7729240655899048,0.18940263986587524,0.6890469789505005,0.6407568396829455,0.759642085775995,0.7183098591549296,0.34627831715210355,0.6433962264150943,0.33532934131736525,0.8631205673758865,0.35780382479950645,0.6991908614945264,0.5848214285714286,0.5965018094089264,0.5865921787709497,0.45560629122272955,0.2283464566929134,0.3221234018899389,0.4670425821504958,0.603591470258137,0.8382554273420693,0.6077348066298343,0.6676657924316224
128,0.577,0.53765,0.7720533609390259,0.18833063542842865,0.6899265050888062,0.6333418563027359,0.7497685899413761,0.7130516431924883,0.36893203883495146,0.6440251572327044,0.3338323353293413,0.8581560283687943,0.3553362122146823,0.7110899571632556,0.59375,0.5949939686369119,0.5893854748603352,0.46321664129883305,0.2204724409448819,0.33852140077821014,0.4689869725840949,0.5896745230078564,0.8435360844905144,0.6077348066298343,0.6749718995878606
129,0.5719,0.5342399999999999,0.7782824635505676,0.18763746321201324,0.6908660531044006,0.6272053183329072,0.734341252699784,0.7130516431924883,0.37216828478964403,0.6427672955974842,0.33532934131736525,0.8539007092198582,0.3553362122146823,0.7168015230842456,0.5848214285714286,0.594692400482509,0.5782122905027933,0.4713343480466768,0.2047244094488189,0.3460255697609783,0.4695702897141746,0.5815937149270483,0.8468609426950909,0.5911602209944752,0.6822780067440989
130,0.5731,0.53452,0.7656239867210388,0.18695732951164246,0.6916535496711731,0.6241370493479929,0.7192224622030238,0.7138028169014085,0.3818770226537217,0.6383647798742138,0.34281437125748504,0.8539007092198582,0.35101789019123997,0.7006187529747739,0.5848214285714286,0.6007237635705669,0.5810055865921788,0.47843734145104005,0.23622047244094488,0.3468593663146192,0.46140384989305855,0.5762065095398429,0.8378642675532956,0.5966850828729282,0.6880854252529037
131,0.5719,0.53447,0.7609050869941711,0.18598785996437073,0.692380428314209,0.6279723855791358,0.7099660598580685,0.7169953051643192,0.37216828478964403,0.6433962264150943,0.3458083832335329,0.8475177304964538,0.35471930906847626,0.6896715849595431,0.5982142857142857,0.6136911942098915,0.5670391061452514,0.480466768138001,0.23622047244094488,0.34213451917732074,0.46198716702313825,0.5616161616161616,0.8273029532564052,0.585635359116022,0.6843387036343199
132,0.571,0.53481,0.7769055366516113,0.18563665449619293,0.6932766437530518,0.6379442597801074,0.7115087935822277,0.7098591549295775,0.37540453074433655,0.6446540880503144,0.3398203592814371,0.8439716312056738,0.36027143738433065,0.6739647786768206,0.6026785714285714,0.6185162846803377,0.5837988826815642,0.4901065449010654,0.25196850393700787,0.33324068927181766,0.46432043554345714,0.5452300785634119,0.8171327987482887,0.569060773480663,0.6760959160734358
133,0.5703,0.5341899999999999,0.7689527869224548,0.1848868876695633,0.694074273109436,0.6543083610329838,0.7155199012650416,0.7070422535211267,0.3656957928802589,0.660377358490566,0.3398203592814371,0.8446808510638298,0.36829117828500924,0.6568300809138505,0.6160714285714286,0.6242460796139928,0.5865921787709497,0.504312531709792,0.2677165354330709,0.3187882156753752,0.4726813144079331,0.5342312008978676,0.8061803246626247,0.569060773480663,0.6708505058074186
134,0.5723,0.53506,0.7723715901374817,0.18408818542957306,0.6949008703231812,0.659677831756584,0.7290959580376427,0.7029107981220657,0.3268608414239482,0.6597484276729559,0.3323353293413174,0.8468085106382979,0.36644046884639114,0.6411232746311281,0.6026785714285714,0.6284680337756333,0.5893854748603352,0.5159817351598174,0.25196850393700787,0.3051695386325737,0.48006999805560957,0.5333333333333333,0.8018775669861138,0.580110497237569,0.6631697264893218
135,0.5737,0.53492,0.779079794883728,0.18304742872714996,0.6957931518554688,0.6627461007414983,0.7349583461894477,0.7068544600938967,0.3268608414239482,0.6641509433962264,0.3413173652694611,0.8531914893617021,0.35348550277606416,0.6363636363636364,0.5982142857142857,0.6287696019300362,0.5977653631284916,0.519533231861999,0.25984251968503935,0.2987770983879933,0.48259770561928833,0.5367003367003367,0.7977703892039898,0.585635359116022,0.658298988385163
136,0.5782,0.53803,0.7777835130691528,0.18226072192192078,0.6966608166694641,0.6612119662490412,0.7337241592101204,0.7096713615023474,0.31715210355987056,0.6540880503144654,0.34880239520958084,0.8638297872340426,0.3491671807526218,0.6344597810566397,0.6160714285714286,0.626658624849216,0.5977653631284916,0.5230847285641806,0.25196850393700787,0.29405225125069484,0.47151468014777365,0.5438832772166106,0.7911206727948367,0.569060773480663,0.6581116523042337
137,0.5815,0.5401,0.7557776570320129,0.1812117099761963,0.6972768306732178,0.6601892099207364,0.73033014501697,0.7154929577464789,0.32362459546925565,0.6540880503144654,0.344311377245509,0.875177304964539,0.3442319555829735,0.6449309852451214,0.625,0.6182147165259348,0.6061452513966481,0.504312531709792,0.25984251968503935,0.29849916620344635,0.4551818005055415,0.557351290684624,0.7940543712106396,0.5580110497237569,0.6612963656800299
138,0.5854,0.54371,0.7695739269256592,0.18067780137062073,0.6980368494987488,0.6517514702122219,0.7315643319962974,0.7211267605633803,0.3300970873786408,0.6547169811320754,0.344311377245509,0.873758865248227,0.35225169648365207,0.6568300809138505,0.625,0.6124849215922799,0.5949720670391061,0.4911212582445459,0.25984251968503935,0.2990550305725403,0.44720979972778535,0.5683501683501684,0.8028554664580481,0.56353591160221,0.6622330460846759
139,0.5843,0.54293,0.7834354043006897,0.18066458404064178,0.6989424824714661,0.6468933776527742,0.7358839864239433,0.7188732394366197,0.32362459546925565,0.6490566037735849,0.3398203592814371,0.8702127659574468,0.3571869216533004,0.666825321275583,0.625,0.6094692400482509,0.5893854748603352,0.4789446981227803,0.25984251968503935,0.29849916620344635,0.4429321407738674,0.5771043771043771,0.8122433013886172,0.574585635359116,0.6637317347321094
140,0.5814,0.53991,0.7775458693504333,0.18070776760578156,0.6997721791267395,0.6481718230631552,0.7435976550447393,0.7123004694835681,0.32362459546925565,0.640251572327044,0.3278443113772455,0.8609929078014185,0.36027143738433065,0.6782484531175631,0.6160714285714286,0.6043425814234017,0.5810055865921788,0.4687975646879756,0.25984251968503935,0.3023902167871039,0.43962667703674896,0.5833894500561168,0.8220222961079601,0.580110497237569,0.6680404645934807
141,0.5781,0.53783,0.774990439414978,0.1799658238887787,0.7005643248558044,0.6451035540782408,0.7395865473619253,0.7076056338028169,0.32362459546925565,0.6383647798742138,0.3248502994011976,0.8574468085106383,0.3633559531153609,0.6858638743455497,0.625,0.5971049457177322,0.5782122905027933,0.4627092846270928,0.25196850393700787,0.3037798777098388,0.43651565234299045,0.5892255892255892,0.8327791902992372,0.5911602209944752,0.6775946047208692
142,0.5747,0.53553,0.769216001033783,0.17863060534000397,0.7012841105461121,0.6458706213244695,0.7405121875964209,0.7014084507042253,0.3268608414239482,0.6364779874213836,0.33083832335329344,0.8524822695035461,0.37199259716224553,0.6896715849595431,0.6160714285714286,0.591978287092883,0.5726256983240223,0.45104008117706745,0.25196850393700787,0.30989438576987216,0.43573789616955083,0.6038159371492705,0.8378642675532956,0.5966850828729282,0.6820906706631698
143,0.5715,0.53371,0.7805410623550415,0.178024560213089,0.7021210193634033,0.645359243160317,0.7377352668929342,0.6972769953051643,0.32362459546925565,0.6333333333333333,0.33083832335329344,0.8531914893617021,0.3800123380629241,0.6901475487862923,0.6071428571428571,0.5907720144752714,0.5782122905027933,0.44951801116184675,0.25984251968503935,0.30628126737076156,0.44040443321018863,0.6083052749719416,0.8437316643849012,0.569060773480663,0.6839640314724615
144,0.5712,0.5348900000000001,0.7726683020591736,0.17810633778572083,0.7028615474700928,0.6468933776527742,0.7365010799136069,0.704225352112676,0.31715210355987056,0.6383647798742138,0.3398203592814371,0.850354609929078,0.38741517581739665,0.6853879105188005,0.6205357142857143,0.5925814234016887,0.5698324022346368,0.45662100456621,0.2440944881889764,0.2909949972206782,0.4462376045109858,0.6080808080808081,0.8402112262859378,0.585635359116022,0.6856500562008243
145,0.5727,0.53659,0.7821154594421387,0.1783321052789688,0.7036983370780945,0.6422909741754027,0.7355754396791114,0.7094835680751174,0.31715210355987056,0.6522012578616352,0.3383233532934132,0.8439716312056738,0.3880320789636027,0.6825321275583056,0.6339285714285714,0.5992159227985525,0.5614525139664804,0.4627092846270928,0.2440944881889764,0.27626459143968873,0.454209605288742,0.6069584736251403,0.8362996283982007,0.5911602209944752,0.689396777819408
146,0.5718,0.53673,0.7831542491912842,0.17937156558036804,0.7045372128486633,0.6417795960112503,0.734341252699784,0.7171830985915493,0.3106796116504854,0.6628930817610063,0.3398203592814371,0.8432624113475178,0.3837137569401604,0.6758686339838172,0.6339285714285714,0.609167671893848,0.553072625698324,0.4759005580923389,0.23622047244094488,0.26931628682601444,0.46568150884697646,0.5970819304152637,0.8310189712497555,0.5911602209944752,0.6854627201198951
