round,global_acc,local_c00,local_c01,local_c02,local_c03,local_c04,local_c05,local_c06,local_c07,local_c08,local_c09,local_c10,local_c11,local_c12,local_c13,local_c14,local_c15,local_c16,local_c17,local_c18,local_c19
0,0.1736,0.3013663967611336,0.20729070126660487,0.0035674051821254224,0.03559870550161812,0.04031989336887704,0.18333333333333332,0.13620071684587814,0.23094170403587444,0.4886797252607479,0.09917355371900827,0.31124260355029587,0.20334261838440112,0.0641925777331996,0.22121212121212122,0.1078167115902965,0.19451003541912631,0.01750380517503805,0.2296679260290316,0.13253012048192772,0.028494503028943234
1,0.2003,0.229251012145749,0.019153537225826384,0.0030041306796845663,0.03559870550161812,0.031322892369210265,0.019444444444444445,0.22281959378733573,0.2937219730941704,0.6186720936148563,0.1322314049586777,0.3526627218934911,0.36768802228412256,0.2337011033099298,0.1787878787878788,0.13036020583190394,0.27582644628099173,0.0258751902587519,0.33267051103599127,0.1566265060240964,0.03903971281130805
2,0.2635,0.3064271255060729,0.13191226444238494,0.023469770935035675,0.045307443365695796,0.03632122625791403,0.029166666666666667,0.30316606929510154,0.2881165919282511,0.6212159755787331,0.17355371900826447,0.32662721893491126,0.479108635097493,0.36710130391173523,0.20303030303030303,0.13036020583190394,0.3795749704840614,0.1293759512937595,0.5034798170610459,0.2289156626506024,0.07561139780121158
3,0.3216,0.33375506072874495,0.19246215631757801,0.06627863312054075,0.05825242718446602,0.03532155948017328,0.03888888888888889,0.37216248506571087,0.27298206278026904,0.6219791401678962,0.17355371900826447,0.2828402366863905,0.5654596100278552,0.49648946840521563,0.20303030303030303,0.1269296740994854,0.5647874852420307,0.2983257229832572,0.5774507854444223,0.46987951807228917,0.1330491361902625
4,0.3705,0.3183198380566802,0.20852641334569044,0.11152835148328952,0.06796116504854369,0.034988337220926355,0.05416666666666667,0.42054958183990443,0.24551569506726456,0.6222335283642839,0.19834710743801653,0.22485207100591717,0.6183844011142061,0.6489468405215647,0.19393939393939394,0.11933349669198726,0.7449822904368358,0.4459665144596651,0.5651222907138597,0.5662650602409639,0.25510433026699575
5,0.4008,0.2973178137651822,0.23725671918443003,0.1915133308298911,0.09061488673139159,0.039986671109630126,0.10972222222222222,0.4387694145758662,0.22701793721973093,0.6072246247774103,0.2396694214876033,0.17988165680473372,0.637883008356546,0.720160481444333,0.2,0.11516785101690762,0.8053423848878394,0.530441400304414,0.5337045138198449,0.6024096385542169,0.4256226161094907
6,0.4272,0.3165485829959514,0.2795798578931109,0.26924521216672925,0.13915857605177995,0.08763745418193936,0.16527777777777777,0.46206690561529273,0.25448430493273544,0.5889086746374969,0.2396694214876033,0.20236686390532543,0.6518105849582173,0.7352056168505516,0.20606060606060606,0.15045332026464103,0.806965761511216,0.563165905631659,0.5317160469278186,0.6024096385542169,0.4830603544985416
7,0.4684,0.37196356275303644,0.3404386777880754,0.2874577544123169,0.18446601941747573,0.2675774741752749,0.25833333333333336,0.5292712066905615,0.3066143497757848,0.5975578733146782,0.2892561983471074,0.30414201183431955,0.6768802228412256,0.7251755265797393,0.3242424242424242,0.21465327125704484,0.7953069657615112,0.5837138508371386,0.563332670511036,0.6265060240963856,0.4859771146511106
8,0.4943,0.4258603238866397,0.3914118010503553,0.2825760420578295,0.23948220064724918,0.43285571476174606,0.3402777777777778,0.6117084826762246,0.3576233183856502,0.6316458916306283,0.34710743801652894,0.3952662721893491,0.6935933147632312,0.7301905717151455,0.42727272727272725,0.25459446214163195,0.7501475796930342,0.5494672754946728,0.6066812487572082,0.6506024096385542,0.4657841597487099
9,0.5105,0.46963562753036436,0.41427247451343835,0.2977844536237326,0.23300970873786409,0.47650783072309233,0.37222222222222223,0.6481481481481481,0.3649103139013453,0.6738743322309845,0.3884297520661157,0.44970414201183434,0.713091922005571,0.7422266800401204,0.4666666666666667,0.26317079147267824,0.737012987012987,0.528158295281583,0.6410817259892623,0.6024096385542169,0.5057213372223469
10,0.5235,0.486082995951417,0.41921532282978063,0.2925272249342846,0.21359223300970873,0.4608463845384872,0.37777777777777777,0.6403823178016727,0.3688340807174888,0.7161027728313406,0.4214876033057851,0.4804733727810651,0.7019498607242339,0.753259779338014,0.47575757575757577,0.2504288164665523,0.7656434474616293,0.5380517503805176,0.6635514018691588,0.6385542168674698,0.5842494951761275
11,0.5348,0.4967105263157895,0.4170528266913809,0.3013518588058581,0.19093851132686085,0.42819060313228924,0.36666666666666664,0.6233572281959379,0.35257847533632286,0.737725769524294,0.4132231404958678,0.4911242603550296,0.7186629526462396,0.7552657973921765,0.4575757575757576,0.2261700563587356,0.7917650531286895,0.5669710806697108,0.6738914297076953,0.6626506024096386,0.6463989230424052
12,0.546,0.5045546558704453,0.42879209144269387,0.327638002253098,0.18446601941747573,0.39320226591136287,0.3958333333333333,0.6063321385902031,0.3452914798206278,0.7473925209870262,0.3884297520661157,0.4982248520710059,0.7353760445682451,0.7562688064192578,0.45454545454545453,0.2104876255819652,0.8079988193624558,0.5928462709284628,0.6764764366673295,0.6746987951807228,0.6784832847206641
13,0.55,0.5232793522267206,0.4408402842137782,0.37119789710852424,0.16181229773462782,0.37987337554148615,0.39861111111111114,0.5913978494623656,0.3452914798206278,0.7445942508267617,0.4049586776859504,0.4887573964497041,0.7325905292479109,0.7472417251755266,0.4575757575757576,0.19529527076696887,0.8189197166469894,0.604261796042618,0.6913899383575264,0.7469879518072289,0.6935158178146735
14,0.5639,0.5447874493927125,0.4686438059932036,0.43785204656402554,0.18770226537216828,0.3912029323558814,0.42083333333333334,0.5937873357228196,0.336322869955157,0.7412872042737217,0.4132231404958678,0.493491124260355,0.7270194986072424,0.724172517552658,0.4666666666666667,0.19603038470963,0.8214285714285714,0.6301369863013698,0.7043149731556969,0.7590361445783133,0.701817365941216
15,0.576,0.5607287449392713,0.49274019153537224,0.488171235448742,0.1941747572815534,0.4215261579473509,0.4527777777777778,0.6158900836320191,0.3492152466367713,0.737725769524294,0.4297520661157025,0.5218934911242603,0.7214484679665738,0.7181544633901705,0.49696969696969695,0.20607694192599854,0.8223140495867769,0.6430745814307458,0.7136607675482203,0.7710843373493976,0.6944132824770025
16,0.5878,0.576417004048583,0.5165276490577695,0.5142696207285017,0.23300970873786409,0.46951016327890704,0.5,0.6481481481481481,0.3654708520179372,0.744339862630374,0.4462809917355372,0.5360946745562131,0.6963788300835655,0.7141424272818455,0.5151515151515151,0.23376623376623376,0.8229043683589138,0.6643835616438356,0.7176377013322728,0.7590361445783133,0.6780345523894996
17,0.5958,0.5852732793522267,0.5304294099474822,0.5090123920390537,0.2588996763754045,0.5191602799066978,0.5222222222222223,0.6768219832735962,0.3968609865470852,0.7552785550750445,0.4462809917355372,0.5526627218934911,0.7075208913649025,0.7251755265797393,0.5393939393939394,0.267826513109532,0.8221664698937426,0.6598173515981736,0.7285742692384172,0.7349397590361446,0.6531299080098721
18,0.6041,0.5890688259109311,0.5242508495520544,0.47127300037551634,0.3042071197411003,0.571142952349217,0.5430555555555555,0.7087813620071685,0.4198430493273543,0.7651996947341644,0.48760330578512395,0.5763313609467455,0.7214484679665738,0.7442326980942828,0.5484848484848485,0.2960058809115413,0.8260035419126328,0.6567732115677322,0.736130443428117,0.7469879518072289,0.6342831501009648
19,0.6064,0.5895748987854251,0.5189990732159406,0.4346601577168607,0.313915857605178,0.5881372875708097,0.5055555555555555,0.7267025089605734,0.4445067264573991,0.7786822691427118,0.4793388429752066,0.6,0.7465181058495822,0.7582748244734202,0.5606060606060606,0.3129135015927469,0.8305785123966942,0.6529680365296804,0.7428912308610062,0.7349397590361446,0.6208211801660309
20,0.6045,0.582995951417004,0.5097312326227988,0.4279008636875704,0.3268608414239482,0.5778073975341553,0.4736111111111111,0.7231182795698925,0.4445067264573991,0.789112185194607,0.48760330578512395,0.6,0.766016713091922,0.7673019057171514,0.5818181818181818,0.30727762803234504,0.8453364817001181,0.6506849315068494,0.7484589381586797,0.7349397590361446,0.6288983621269912
21,0.6034,0.583248987854251,0.5103490886623416,0.42940292902741267,0.32362459546925565,0.5478173942019327,0.4527777777777778,0.7108721624850657,0.4349775784753363,0.801322818621216,0.5041322314049587,0.5822485207100592,0.754874651810585,0.7763289869608826,0.5666666666666667,0.2987012987012987,0.8586186540731995,0.6537290715372908,0.7496520182938954,0.7469879518072289,0.6459501907112407
22,0.6063,0.5938765182186235,0.5196169292554834,0.43766428839654525,0.3106796116504854,0.5174941686104632,0.4597222222222222,0.6992234169653524,0.4260089686098655,0.8025947596031544,0.512396694214876,0.5668639053254438,0.7576601671309192,0.7803410230692076,0.5333333333333333,0.29576084293065424,0.8636363636363636,0.6529680365296804,0.7558162656591768,0.7469879518072289,0.6645725824545659
23,0.6085,0.6062753036437247,0.539697250540624,0.46000751032669923,0.30097087378640774,0.5038320559813395,0.4847222222222222,0.6956391875746715,0.41816143497757846,0.8023403714067667,0.512396694214876,0.5715976331360947,0.7632311977715878,0.7883650952858575,0.5363636363636364,0.28987993138936535,0.8634887839433294,0.6621004566210046,0.7599920461324319,0.7469879518072289,0.6811756787076508
24,0.6155,0.6153846153846154,0.5554525795489651,0.48798347728126173,0.28802588996763756,0.5164945018327224,0.5027777777777778,0.6953405017921147,0.4187219730941704,0.8025947596031544,0.5206611570247934,0.578698224852071,0.7576601671309192,0.7803410230692076,0.5515151515151515,0.2815486400392061,0.8643742621015348,0.6773211567732116,0.759395506064824,0.7469879518072289,0.6921696208211802
25,0.6242,0.6260121457489879,0.5659561322211925,0.5165227187382652,0.28802588996763756,0.5554815061646118,0.5361111111111111,0.7108721624850657,0.413677130044843,0.8023403714067667,0.5371900826446281,0.5857988165680473,0.7520891364902507,0.7703109327983951,0.5727272727272728,0.27468757657436904,0.8612750885478159,0.69558599695586,0.7651620600517002,0.7228915662650602,0.6977787749607359
26,0.6316,0.6303137651821862,0.5724436206363918,0.5287269996244837,0.284789644012945,0.5791402865711429,0.5458333333333333,0.716547192353644,0.4187219730941704,0.8033579241923174,0.5289256198347108,0.6201183431952663,0.766016713091922,0.7542627883650953,0.5909090909090909,0.27419750061259496,0.8621605667060213,0.7031963470319634,0.7747067011334261,0.7469879518072289,0.696881310298407
27,0.6374,0.6313259109311741,0.5699721964782206,0.521779947427713,0.2977346278317152,0.6021326224591803,0.5361111111111111,0.7296893667861409,0.4433856502242152,0.8120071228694988,0.5537190082644629,0.6402366863905326,0.7743732590529248,0.7472417251755266,0.6,0.29747610879686354,0.8649645808736718,0.7123287671232876,0.786438655796381,0.7469879518072289,0.6980031411263181
28,0.638,0.6351214574898786,0.5471115230151374,0.49342846413819,0.3268608414239482,0.6174608463845385,0.5305555555555556,0.7386499402628435,0.4641255605381166,0.8117527346731112,0.5537190082644629,0.6473372781065089,0.7743732590529248,0.7382146439317954,0.603030303030303,0.32786081842685616,0.8642266824085005,0.715372907153729,0.7957844501889043,0.7590361445783133,0.704734126093785
29,0.6428,0.6325910931174089,0.5415508186592524,0.4778445362373263,0.35275080906148865,0.6364545151616128,0.5208333333333334,0.7473118279569892,0.48150224215246634,0.8201475451539049,0.5371900826446281,0.6662721893491125,0.766016713091922,0.7522567703109327,0.6181818181818182,0.3504043126684636,0.8627508854781583,0.7138508371385084,0.797574070391728,0.7469879518072289,0.720215391518959
30,0.6436,0.6310728744939271,0.5381526104417671,0.4727750657153586,0.3559870550161812,0.6381206264578474,0.5208333333333334,0.75,0.49271300448430494,0.8252353090816587,0.5537190082644629,0.6710059171597633,0.7493036211699164,0.7492477432296891,0.6272727272727273,0.3584905660377358,0.865112160566706,0.7138508371385084,0.8005567707297674,0.7469879518072289,0.7318824321292349
31,0.6467,0.6338562753036437,0.5440222428174235,0.4744648892226812,0.34627831715210355,0.6381206264578474,0.525,0.7502986857825568,0.4904708520179372,0.8300686848130246,0.5371900826446281,0.6698224852071006,0.7520891364902507,0.757271815446339,0.6181818181818182,0.3584905660377358,0.8668831168831169,0.7092846270928462,0.7963809902565122,0.7590361445783133,0.7415301772492708
32,0.6476,0.6384109311740891,0.5560704355885079,0.47934660157716863,0.34951456310679613,0.6271242919026991,0.5319444444444444,0.7494026284348865,0.4680493273542601,0.8323581785805139,0.5371900826446281,0.6698224852071006,0.7493036211699164,0.7773319959879639,0.6121212121212121,0.3418279833374173,0.8695395513577332,0.708523592085236,0.7930005965400676,0.7590361445783133,0.7469149652232443
33,0.6487,0.6470141700404858,0.5724436206363918,0.49061209162598574,0.32038834951456313,0.6211262912362546,0.5430555555555555,0.7485065710872163,0.4557174887892377,0.8315950139913508,0.5289256198347108,0.663905325443787,0.7576601671309192,0.7843530591775326,0.6090909090909091,0.32075471698113206,0.877508854781582,0.7146118721461188,0.7904155895804335,0.7590361445783133,0.7489342607134845
34,0.6527,0.6548582995951417,0.5878900216249614,0.5030041306796845,0.31715210355987056,0.6151282905698101,0.5555555555555556,0.7482078853046595,0.44730941704035876,0.829814296616637,0.5371900826446281,0.6568047337278107,0.7604456824512534,0.8004012036108324,0.6151515151515151,0.31144327370742464,0.8831168831168831,0.7191780821917808,0.7930005965400676,0.7590361445783133,0.741754543414853
35,0.6576,0.6624493927125507,0.597775718257646,0.5123920390536988,0.3106796116504854,0.6304565144951683,0.5652777777777778,0.7550776583034647,0.46356502242152464,0.8318494021877385,0.5702479338842975,0.663905325443787,0.766016713091922,0.794383149448345,0.6303030303030303,0.32712570448419503,0.8842975206611571,0.7207001522070016,0.7898190495128257,0.7590361445783133,0.7229077855059457
36,0.6605,0.6654858299595142,0.5974667902378745,0.5082613593691325,0.32362459546925565,0.6361212929023659,0.5666666666666667,0.7589605734767025,0.49327354260089684,0.8331213431696769,0.5867768595041323,0.6757396449704142,0.7604456824512534,0.7863590772316951,0.6303030303030303,0.359470717961284,0.8853305785123967,0.7328767123287672,0.7910121296480414,0.8072289156626506,0.7074265200807718
37,0.6628,0.6652327935222672,0.5912882298424467,0.49061209162598574,0.3656957928802589,0.6414528490503165,0.5625,0.7628434886499402,0.5168161434977578,0.8359196133299415,0.5867768595041323,0.676923076923077,0.7688022284122563,0.7903711133400201,0.6424242424242425,0.3871600098015192,0.8860684769775679,0.7351598173515982,0.7955856034997018,0.8072289156626506,0.7038366614314562
38,0.6617,0.6657388663967612,0.5912882298424467,0.48422831393165605,0.3851132686084142,0.635454848383872,0.5430555555555555,0.7613500597371565,0.5302690582959642,0.842024930043246,0.5785123966942148,0.6686390532544378,0.766016713091922,0.7823470411233701,0.6515151515151515,0.39573633913256556,0.8888724911452184,0.7313546423135464,0.8059256313382382,0.7951807228915663,0.7096701817365941
39,0.664,0.6768724696356275,0.5983935742971888,0.4870446864438603,0.4045307443365696,0.6324558480506498,0.5527777777777778,0.7640382317801673,0.5190582959641256,0.8443144238107352,0.5702479338842975,0.672189349112426,0.7688022284122563,0.7743229689067201,0.6424242424242425,0.38912031364861555,0.8868063754427391,0.728310502283105,0.8128852654603301,0.7951807228915663,0.7211128561812878
40,0.6653,0.6837044534412956,0.6002471424158171,0.497371385655276,0.3818770226537217,0.6341219593468844,0.5583333333333333,0.7706093189964157,0.5028026905829597,0.8488934113457136,0.5619834710743802,0.6816568047337278,0.7771587743732591,0.7673019057171514,0.6333333333333333,0.36192109777015435,0.8865112160566706,0.7267884322678844,0.8188506661364088,0.7951807228915663,0.7379403185999551
41,0.6659,0.6925607287449392,0.6082792709298733,0.5041306796845663,0.343042071197411,0.6434521826057981,0.5625,0.7741935483870968,0.4826233183856502,0.8496565759348766,0.5619834710743802,0.6994082840236686,0.7743732590529248,0.7713139418254764,0.6303030303030303,0.3312913501592747,0.8851829988193625,0.726027397260274,0.8248160668124875,0.7951807228915663,0.7516266547004712
42,0.6668,0.6963562753036437,0.6147667593450726,0.5123920390536988,0.32038834951456313,0.6581139620126625,0.5791666666666667,0.7744922341696535,0.4702914798206278,0.8516916815059781,0.5371900826446281,0.7088757396449704,0.7743732590529248,0.769307923771314,0.6393939393939394,0.30997304582210244,0.8853305785123967,0.728310502283105,0.830980314177769,0.7951807228915663,0.7579089073367736
43,0.6682,0.6953441295546559,0.6144578313253012,0.5366128426586556,0.3042071197411003,0.6664445184938353,0.5875,0.7783751493428913,0.4697309417040359,0.8511829051132027,0.5619834710743802,0.7076923076923077,0.7576601671309192,0.7673019057171514,0.6393939393939394,0.2977211467777506,0.8822314049586777,0.7351598173515982,0.8311791608669715,0.7590361445783133,0.756338344177698
44,0.6677,0.6912955465587044,0.6076614148903305,0.5512579797221179,0.2912621359223301,0.6604465178273908,0.5791666666666667,0.7792712066905615,0.4786995515695067,0.8534723988806919,0.5537190082644629,0.7100591715976331,0.7604456824512534,0.765295887662989,0.6545454545454545,0.313403577554521,0.885478158205431,0.7229832572298326,0.82879300059654,0.7590361445783133,0.7489342607134845
45,0.6684,0.6864878542510121,0.5980846462774173,0.5495681562147954,0.32038834951456313,0.6611129623458847,0.5791666666666667,0.7795698924731183,0.49551569506726456,0.8527092342915289,0.5785123966942148,0.714792899408284,0.7688022284122563,0.7813440320962889,0.6545454545454545,0.33692722371967654,0.884887839433294,0.726027397260274,0.8254126068800954,0.7349397590361446,0.7410814449181063
46,0.6722,0.6814271255060729,0.594686438059932,0.5326699211415696,0.3656957928802589,0.6661112962345884,0.5722222222222222,0.7864396654719236,0.5145739910313901,0.8522004578987535,0.5867768595041323,0.7100591715976331,0.7799442896935933,0.7813440320962889,0.6848484848484848,0.36755697133055626,0.8845926800472255,0.7229832572298326,0.8236229866772719,0.7228915662650602,0.7365941216064618
47,0.6736,0.6783906882591093,0.5922150139017609,0.5018775816748029,0.4045307443365696,0.6631122959013662,0.5861111111111111,0.7876344086021505,0.5364349775784754,0.8557618926481811,0.5702479338842975,0.714792899408284,0.7910863509749304,0.7893681043129388,0.6878787878787879,0.4013722126929674,0.887987012987013,0.7321156773211568,0.8186518194472062,0.7469879518072289,0.7361453892752973
48,0.6757,0.680161943319838,0.5974667902378745,0.4913631242959069,0.4368932038834951,0.6554481839386871,0.5722222222222222,0.784647550776583,0.5482062780269058,0.854235563469855,0.5619834710743802,0.7136094674556213,0.8133704735376045,0.7923771313941825,0.6727272727272727,0.4197500612594952,0.8946280991735537,0.7321156773211568,0.8190495128256114,0.7469879518072289,0.736818487772044
49,0.6782,0.6864878542510121,0.6054989187519308,0.48253849042433344,0.4336569579288026,0.6564478507164279,0.5597222222222222,0.7864396654719236,0.547645739910314,0.858305774612058,0.5867768595041323,0.7100591715976331,0.8161559888579387,0.7903711133400201,0.6757575757575758,0.42661112472433227,0.8932998819362455,0.7321156773211568,0.8279976138397296,0.7590361445783133,0.7500560915413955
50,0.6804,0.6831983805668016,0.6129131912264443,0.4909876079609463,0.4401294498381877,0.6561146284571809,0.5638888888888889,0.7873357228195937,0.5448430493273543,0.8590689392012211,0.5702479338842975,0.7112426035502959,0.8105849582172702,0.7903711133400201,0.6909090909090909,0.42440578289634895,0.8944805194805194,0.7313546423135464,0.8297872340425532,0.7590361445783133,0.7614987659860893
51,0.6831,0.6928137651821862,0.6197096076614149,0.49943672549755913,0.42071197411003236,0.6574475174941686,0.5652777777777778,0.7894265232974911,0.5386771300448431,0.8649198677181379,0.5785123966942148,0.714792899408284,0.8050139275766016,0.7823470411233701,0.6818181818181818,0.4089683901004656,0.8897579693034239,0.7420091324200914,0.8355537880294293,0.7710843373493976,0.7718196096028719
52,0.6829,0.7004048582995951,0.6289774482545567,0.49906120916259855,0.3948220064724919,0.6674441852715761,0.5625,0.7939068100358423,0.5375560538116592,0.870516408038667,0.5702479338842975,0.714792899408284,0.7994428969359332,0.7833500501504513,0.6878787878787879,0.39892183288409705,0.88857733175915,0.743531202435312,0.8429111155299265,0.7590361445783133,0.7785505945703388
53,0.6831,0.708502024291498,0.6258881680568428,0.49906120916259855,0.39158576051779936,0.6741086304565145,0.5791666666666667,0.7962962962962963,0.5285874439461884,0.8697532434495039,0.5702479338842975,0.7183431952662722,0.7855153203342619,0.7803410230692076,0.6818181818181818,0.3888752756677285,0.8869539551357734,0.73896499238965,0.8462915092463711,0.7590361445783133,0.7810186223917434
54,0.6833,0.7074898785425101,0.623725671918443,0.5067592940292903,0.3786407766990291,0.6807730756414528,0.5958333333333333,0.801373954599761,0.5224215246636771,0.8710251844314424,0.5619834710743802,0.7337278106508875,0.7632311977715878,0.7763289869608826,0.6878787878787879,0.39132565547659887,0.8828217237308147,0.7420091324200914,0.8484788228275999,0.7469879518072289,0.7794480592326677
55,0.6839,0.708248987854251,0.623725671918443,0.514457378895982,0.39158576051779936,0.6837720759746752,0.6083333333333333,0.8055555555555556,0.5184977578475336,0.870516408038667,0.5619834710743802,0.7325443786982249,0.7771587743732591,0.7893681043129388,0.6909090909090909,0.3881401617250674,0.8842975206611571,0.7420091324200914,0.8468880493139789,0.7590361445783133,0.7781018622391743
56,0.6844,0.708248987854251,0.6190917516218721,0.5264739016147202,0.3818770226537217,0.6877707430856381,0.6166666666666667,0.8061529271206691,0.5151345291479821,0.8722971254133808,0.5619834710743802,0.7301775147928994,0.7910863509749304,0.7903711133400201,0.6878787878787879,0.38740504778240625,0.8832644628099173,0.7397260273972602,0.8405249552594949,0.7349397590361446,0.7684541171191385
57,0.6833,0.7052125506072875,0.6163113994439295,0.530229064964326,0.3818770226537217,0.6821059646784405,0.6180555555555556,0.8058542413381123,0.515695067264574,0.8743322309844823,0.5619834710743802,0.7396449704142012,0.8105849582172702,0.7923771313941825,0.7,0.3901004655721637,0.8857733175914995,0.743531202435312,0.8345595545834162,0.7469879518072289,0.7482611622167377
58,0.6804,0.7016700404858299,0.6194006796416435,0.5253473526098386,0.3948220064724919,0.6701099633455515,0.6069444444444444,0.8028673835125448,0.5246636771300448,0.8717883490206054,0.5785123966942148,0.7408284023668639,0.8105849582172702,0.8034102306920762,0.693939393939394,0.39867679490321,0.891086186540732,0.7465753424657534,0.8323722410021873,0.7590361445783133,0.738837783262284
59,0.6794,0.707995951417004,0.6252703120173,0.5148328952309426,0.42071197411003236,0.6637787404198601,0.6069444444444444,0.795400238948626,0.5386771300448431,0.8722971254133808,0.5702479338842975,0.7337278106508875,0.8105849582172702,0.8054162487462387,0.6878787878787879,0.4138691497182063,0.8943329397874853,0.7450532724505328,0.8381387949890634,0.7710843373493976,0.7381646847655373
60,0.6806,0.7097672064777328,0.6299042323138708,0.5058205031918889,0.4174757281553398,0.6594468510496501,0.6069444444444444,0.7980884109916367,0.5582959641255605,0.8702620198422794,0.5867768595041323,0.7218934911242604,0.7966573816155988,0.8084252758274825,0.6666666666666666,0.4222004410683656,0.893595041322314,0.7534246575342466,0.8443030423543448,0.7590361445783133,0.738837783262284
61,0.6851,0.7135627530364372,0.6277417361754711,0.501314307172362,0.42718446601941745,0.6591136287904032,0.5958333333333333,0.7983870967741935,0.5695067264573991,0.8710251844314424,0.5537190082644629,0.7207100591715976,0.7966573816155988,0.8064192577733199,0.6666666666666666,0.42489585885812303,0.8981700118063755,0.7572298325722984,0.8538476834360708,0.7590361445783133,0.7511779223693067
62,0.6853,0.7130566801619433,0.6286685202347853,0.5073225685317311,0.41423948220064727,0.6541152949016994,0.5972222222222222,0.7936081242532855,0.570627802690583,0.8717883490206054,0.5537190082644629,0.7171597633136094,0.7966573816155988,0.802407221664995,0.6636363636363637,0.42122028914481746,0.9005312868949232,0.7557077625570776,0.8562338437065022,0.7349397590361446,0.7662104554633161
63,0.689,0.707742914979757,0.6246524559777572,0.5260983852797597,0.42394822006472493,0.6644451849383539,0.6055555555555555,0.7962962962962963,0.5560538116591929,0.8722971254133808,0.5619834710743802,0.7242603550295857,0.7966573816155988,0.7993981945837513,0.6606060606060606,0.41068365596667483,0.8997933884297521,0.7595129375951294,0.8564326903957049,0.7228915662650602,0.7772043975768455
64,0.6892,0.708502024291498,0.6187828236021007,0.5443109275253474,0.4077669902912621,0.6744418527157614,0.6055555555555555,0.8004778972520908,0.5409192825112108,0.8720427372169931,0.5371900826446281,0.7218934911242604,0.7855153203342619,0.7973921765295887,0.6727272727272727,0.3935309973045822,0.8999409681227863,0.7640791476407914,0.8526546033008551,0.7228915662650602,0.7823648193852367
65,0.6896,0.7125506072874493,0.6280506641952425,0.5565152084115659,0.3851132686084142,0.6794401866044651,0.6180555555555556,0.7998805256869773,0.5381165919282511,0.8702620198422794,0.5371900826446281,0.727810650887574,0.7883008356545961,0.8034102306920762,0.6696969696969697,0.38544474393531,0.89728453364817,0.7602739726027398,0.8546430701928813,0.7349397590361446,0.7819160870540722
66,0.6902,0.722165991902834,0.6382452888476985,0.5469395418700713,0.3786407766990291,0.6861046317894035,0.625,0.8058542413381123,0.5386771300448431,0.8730602900025439,0.5206611570247934,0.7337278106508875,0.7883008356545961,0.8014042126379137,0.6787878787878788,0.3861798578779711,0.8946280991735537,0.7549467275494672,0.8524557566116524,0.7349397590361446,0.7751851020866053
67,0.6889,0.7284919028340081,0.6373185047883843,0.5287269996244837,0.3851132686084142,0.6914361879373542,0.6333333333333333,0.8082437275985663,0.5487668161434978,0.8763673365555839,0.49586776859504134,0.7337278106508875,0.7938718662952646,0.8034102306920762,0.6818181818181818,0.40308747855917665,0.8961038961038961,0.756468797564688,0.8538476834360708,0.7469879518072289,0.7662104554633161
68,0.6856,0.7279858299595142,0.6410256410256411,0.503942921517086,0.4174757281553398,0.6894368543818727,0.6111111111111112,0.8070489844683393,0.5560538116591929,0.8822182650725007,0.5206611570247934,0.7396449704142012,0.7883008356545961,0.802407221664995,0.6696969696969697,0.4219554030874786,0.8966942148760331,0.7480974124809742,0.8594153907337443,0.7710843373493976,0.7637424276419116
69,0.6844,0.7244433198380567,0.6354649366697559,0.4862936537739392,0.4368932038834951,0.6774408530489837,0.6027777777777777,0.8016726403823178,0.5667040358744395,0.8845077588399898,0.5371900826446281,0.7396449704142012,0.7938718662952646,0.7913741223671013,0.6757575757575758,0.43567753001715265,0.8994982290436836,0.7473363774733638,0.865977331477431,0.7710843373493976,0.7558896118465336
70,0.6821,0.7246963562753036,0.6370095767686129,0.4806609087495306,0.4368932038834951,0.6691102965678107,0.6013888888888889,0.7986857825567503,0.570067264573991,0.8837445942508267,0.5371900826446281,0.7325443786982249,0.7966573816155988,0.794383149448345,0.6696969696969697,0.4371477579024749,0.8999409681227863,0.7526636225266362,0.8683634917478624,0.7831325301204819,0.7460175005609154
71,0.6843,0.7259615384615384,0.6370095767686129,0.48141194141945176,0.44336569579288027,0.6684438520493169,0.5972222222222222,0.8001792114695341,0.5734304932735426,0.8845077588399898,0.5537190082644629,0.7337278106508875,0.7994428969359332,0.7893681043129388,0.6636363636363637,0.4420485175202156,0.9020070838252656,0.7579908675799086,0.8703519586398887,0.7831325301204819,0.7413058110836885
72,0.6883,0.7277327935222672,0.6434970651838122,0.4919263987983477,0.44336569579288027,0.6751082972342553,0.5902777777777778,0.8025686977299881,0.5751121076233184,0.881963876876113,0.5619834710743802,0.7408284023668639,0.8050139275766016,0.7833500501504513,0.6484848484848484,0.4413134035775545,0.9020070838252656,0.756468797564688,0.8699542652614835,0.7469879518072289,0.7374915862687906
73,0.6895,0.7302631578947368,0.6481309854803831,0.5054449868569283,0.4627831715210356,0.6821059646784405,0.6027777777777777,0.8028673835125448,0.5644618834080718,0.8778936657339099,0.5702479338842975,0.736094674556213,0.7994428969359332,0.7813440320962889,0.6545454545454545,0.431266846361186,0.9018595041322314,0.7557077625570776,0.870153111950686,0.7349397590361446,0.7464662328920799
74,0.6954,0.7345647773279352,0.652764905776954,0.5291025159594442,0.4336569579288026,0.6877707430856381,0.6194444444444445,0.8043608124253285,0.554932735426009,0.8778936657339099,0.5619834710743802,0.7396449704142012,0.7966573816155988,0.7863590772316951,0.6575757575757576,0.41460426366086744,0.8999409681227863,0.76103500761035,0.8681646450586598,0.7590361445783133,0.7567870765088625
75,0.6954,0.7391194331983806,0.6645041705282669,0.5405557641757417,0.42394822006472493,0.692102632455848,0.6291666666666667,0.8055555555555556,0.5431614349775785,0.8789112185194607,0.5702479338842975,0.7431952662721893,0.7910863509749304,0.7883650952858575,0.6484848484848484,0.4045577064444989,0.8997933884297521,0.7595129375951294,0.863790017896202,0.7590361445783133,0.7686784832847207
76,0.6969,0.7474696356275303,0.6734630831016373,0.5484416072099136,0.3883495145631068,0.6987670776407864,0.6388888888888888,0.8055555555555556,0.531390134529148,0.8763673365555839,0.5371900826446281,0.7408284023668639,0.7994428969359332,0.7893681043129388,0.6484848484848484,0.38912031364861555,0.8992030696576151,0.7557077625570776,0.8602107774905547,0.7710843373493976,0.7794480592326677
77,0.6985,0.7492408906882592,0.6753166512202656,0.5480660908749531,0.3851132686084142,0.7017660779740087,0.6458333333333334,0.8067502986857825,0.5285874439461884,0.8776392775375222,0.5371900826446281,0.7372781065088757,0.8050139275766016,0.794383149448345,0.6606060606060606,0.38323940210732665,0.8983175914994097,0.7557077625570776,0.8528534499900576,0.7590361445783133,0.7879739735247925
78,0.6967,0.7494939271255061,0.6750077232004943,0.5450619601952685,0.40129449838187703,0.7054315228257247,0.6527777777777778,0.807347670250896,0.5386771300448431,0.8817094886797252,0.5454545454545454,0.7396449704142012,0.7966573816155988,0.7873620862587764,0.6848484848484848,0.38961038961038963,0.8949232585596222,0.758751902587519,0.8544442235036787,0.7590361445783133,0.7859546780345524
79,0.6965,0.7515182186234818,0.6660488106271238,0.5287269996244837,0.42071197411003236,0.7100966344551816,0.6388888888888888,0.8154121863799283,0.5521300448430493,0.8852709234291529,0.5289256198347108,0.7420118343195267,0.8022284122562674,0.7903711133400201,0.696969696969697,0.4067630482724822,0.8899055489964581,0.7557077625570776,0.8578246172201233,0.7590361445783133,0.7814673547229077
80,0.6948,0.742914979757085,0.6573988260735248,0.5167104769057455,0.44336569579288027,0.7077640786404532,0.6222222222222222,0.8139187574671446,0.5728699551569507,0.8883235817858052,0.5289256198347108,0.7396449704142012,0.807799442896936,0.7863590772316951,0.6818181818181818,0.431266846361186,0.8902007083825265,0.7526636225266362,0.8552396102604891,0.7469879518072289,0.7765312990800988
81,0.6937,0.7312753036437247,0.6447327772628978,0.5189635749155088,0.45307443365695793,0.7007664111962679,0.6111111111111112,0.8115292712066906,0.5829596412556054,0.8837445942508267,0.5454545454545454,0.7325443786982249,0.8133704735376045,0.7833500501504513,0.6696969696969697,0.457730948296986,0.8913813459268005,0.7557077625570776,0.8568303837741101,0.7469879518072289,0.7745120035898586
82,0.6949,0.7264676113360324,0.6345381526104418,0.5244085617724371,0.47572815533980584,0.688103965344885,0.5986111111111111,0.8028673835125448,0.5908071748878924,0.8824726532688884,0.5619834710743802,0.7254437869822485,0.8022284122562674,0.7903711133400201,0.6727272727272727,0.47267826513109534,0.8950708382526564,0.7633181126331812,0.8564326903957049,0.7590361445783133,0.7774287637424276
83,0.6934,0.7332995951417004,0.6394810009267841,0.5298535486293654,0.4886731391585761,0.6807730756414528,0.5958333333333333,0.7962962962962963,0.5975336322869955,0.881963876876113,0.5619834710743802,0.727810650887574,0.7966573816155988,0.7793380140421263,0.6727272727272727,0.4822347463856898,0.8943329397874853,0.7747336377473364,0.8560349970172997,0.7831325301204819,0.7781018622391743
84,0.6969,0.7469635627530364,0.6509113376583257,0.5319188884716485,0.48220064724919093,0.6774408530489837,0.6027777777777777,0.7980884109916367,0.5908071748878924,0.8822182650725007,0.5702479338842975,0.7183431952662722,0.7966573816155988,0.7803410230692076,0.6696969696969697,0.4665523156089194,0.8961038961038961,0.7747336377473364,0.8586200039769338,0.7831325301204819,0.7794480592326677
85,0.6971,0.7598684210526315,0.6728452270620945,0.5255351107773188,0.4563106796116505,0.6821059646784405,0.6194444444444445,0.8007765830346476,0.577354260089686,0.8842533706436021,0.5785123966942148,0.7384615384615385,0.7994428969359332,0.7923771313941825,0.6848484848484848,0.4479294290615045,0.8989079102715466,0.7701674277016742,0.8625969377609862,0.7831325301204819,0.7832622840475656
86,0.6953,0.7659412955465587,0.6818041396354649,0.5208411565903117,0.44336569579288027,0.6894368543818727,0.6347222222222222,0.8022700119474313,0.570627802690583,0.886034088018316,0.5619834710743802,0.7455621301775148,0.7883008356545961,0.7903711133400201,0.696969696969697,0.43690271992158786,0.9031877213695395,0.7701674277016742,0.8649830980314178,0.7951807228915663,0.7866277765312991
87,0.6951,0.7697368421052632,0.6821130676552364,0.5238452872699962,0.4174757281553398,0.696434521826058,0.6416666666666667,0.8106332138590203,0.5639013452914798,0.886797252607479,0.5537190082644629,0.7562130177514793,0.7910863509749304,0.7913741223671013,0.703030303030303,0.4241607449154619,0.903482880755608,0.769406392694064,0.8673692583018493,0.7831325301204819,0.7828135517164012
88,0.6941,0.7717611336032388,0.6821130676552364,0.528914757791964,0.42394822006472493,0.692435854715095,0.6430555555555556,0.8100358422939068,0.5577354260089686,0.8908674637496821,0.5537190082644629,0.7562130177514793,0.7938718662952646,0.7913741223671013,0.696969696969697,0.41509433962264153,0.9023022432113341,0.7709284627092846,0.8677669516802545,0.7710843373493976,0.7792236930670855
89,0.6913,0.7692307692307693,0.6740809391411801,0.5343597446488922,0.4368932038834951,0.6897700766411197,0.6208333333333333,0.8070489844683393,0.5633408071748879,0.894174510302722,0.5702479338842975,0.749112426035503,0.7910863509749304,0.7813440320962889,0.6848484848484848,0.4148493016417545,0.9011216056670602,0.7686453576864536,0.8699542652614835,0.7469879518072289,0.7742876374242764
90,0.6909,0.7603744939271255,0.6666666666666666,0.5439354111903868,0.44336569579288027,0.6887704098633789,0.6097222222222223,0.8025686977299881,0.5594170403587444,0.8934113457135588,0.5619834710743802,0.7408284023668639,0.7827298050139275,0.7843530591775326,0.6818181818181818,0.4148493016417545,0.9006788665879575,0.7701674277016742,0.8667727182342414,0.7590361445783133,0.7727170742652008
91,0.6894,0.7543016194331984,0.6573988260735248,0.5493803980473151,0.42718446601941745,0.6844385204931689,0.6083333333333333,0.8088410991636799,0.5571748878923767,0.8967183922665989,0.5619834710743802,0.7420118343195267,0.7855153203342619,0.7923771313941825,0.6848484848484848,0.41999509924038225,0.9012691853600945,0.7701674277016742,0.8643865579638099,0.7951807228915663,0.7720439757684541
92,0.6927,0.7454453441295547,0.6472042014210689,0.5422455876830642,0.43042071197411,0.6871042985671443,0.6,0.8115292712066906,0.5639013452914798,0.8967183922665989,0.5867768595041323,0.7289940828402367,0.7883008356545961,0.8004012036108324,0.693939393939394,0.4209752511639304,0.9027449822904369,0.771689497716895,0.8627957844501889,0.7951807228915663,0.7736145389275297
93,0.6917,0.7340587044534413,0.6363917207290701,0.5375516334960571,0.42718446601941745,0.6887704098633789,0.5902777777777778,0.8145161290322581,0.5566143497757847,0.8957008394810481,0.5785123966942148,0.7301775147928994,0.7966573816155988,0.802407221664995,0.6878787878787879,0.4268561627052193,0.9054014167650531,0.7732115677321156,0.863790017896202,0.8072289156626506,0.78169172088849
94,0.6918,0.7274797570850202,0.6274328081556997,0.535486293653774,0.4110032362459547,0.6934355214928357,0.6,0.8192951015531661,0.5487668161434978,0.8916306283388451,0.5702479338842975,0.7266272189349112,0.8189415041782729,0.8094282848545636,0.693939393939394,0.4251408968390101,0.9083530106257379,0.7732115677321156,0.8631934778285941,0.7951807228915663,0.7834866502131479
95,0.692,0.7259615384615384,0.6295953042940995,0.5315433721366879,0.4045307443365696,0.7000999666777741,0.6138888888888889,0.8210872162485066,0.5504484304932735,0.887560417196642,0.5619834710743802,0.7230769230769231,0.83008356545961,0.8094282848545636,0.706060606060606,0.4229355550110267,0.9096812278630461,0.773972602739726,0.8649830980314178,0.7831325301204819,0.7812429885573255
96,0.6957,0.7345647773279352,0.6404077849860983,0.5349230191513331,0.4045307443365696,0.7000999666777741,0.6208333333333333,0.8231780167264038,0.5521300448430493,0.8885779699821929,0.5702479338842975,0.7289940828402367,0.8272980501392758,0.8144433299899699,0.693939393939394,0.4209752511639304,0.9098288075560803,0.7732115677321156,0.8679657983694572,0.7831325301204819,0.7765312990800988
97,0.6979,0.7474696356275303,0.6583256101328391,0.5298535486293654,0.3948220064724919,0.704431856047984,0.6347222222222222,0.8234767025089605,0.5521300448430493,0.8901042991605189,0.5785123966942148,0.7502958579881657,0.8245125348189415,0.8114343029087262,0.7,0.41852487135506006,0.9052538370720189,0.7792998477929984,0.8703519586398887,0.7951807228915663,0.7742876374242764
98,0.6968,0.7651821862348178,0.6746987951807228,0.5352985354862937,0.4045307443365696,0.7117627457514162,0.6541666666666667,0.8210872162485066,0.5622197309417041,0.8880691935894175,0.6033057851239669,0.7597633136094675,0.8245125348189415,0.8084252758274825,0.7,0.4236706689536878,0.9025974025974026,0.7770167427701674,0.8663750248558362,0.7831325301204819,0.7740632712586942
99,0.6976,0.7730263157894737,0.6876737720111215,0.5371761171610965,0.41423948220064727,0.7144285238253916,0.6638888888888889,0.8139187574671446,0.5661434977578476,0.8906130755532943,0.628099173553719,0.7715976331360946,0.8133704735376045,0.7863590772316951,0.706060606060606,0.43249203626562116,0.8990554899645808,0.7831050228310502,0.8602107774905547,0.7951807228915663,0.7684541171191385
100,0.6927,0.4564777327935223,0.25826382452888474,0.43766428839654525,0.20064724919093851,0.7090969676774409,0.6319444444444444,0.7526881720430108,0.5459641255605381,0.8969727804629866,0.512396694214876,0.6355029585798817,0.7771587743732591,0.7703109327983951,0.6818181818181818,0.21220289144817447,0.8965466351829988,0.6834094368340944,0.48180552793795983,0.6867469879518072,0.6923939869867624
101,0.6685,0.43800607287449395,0.23324065492740192,0.45212166729252723,0.23624595469255663,0.7024325224925025,0.5833333333333334,0.7508960573476703,0.5112107623318386,0.9081658611040447,0.4628099173553719,0.6295857988165681,0.7715877437325905,0.7743229689067201,0.6515151515151515,0.2320509679000245,0.8828217237308147,0.6636225266362252,0.5154106184132035,0.6626506024096386,0.708548350908683
102,0.6258,0.42054655870445345,0.21007105344454743,0.43146826886969586,0.2750809061488673,0.6797734088637121,0.49027777777777776,0.7508960573476703,0.45683856502242154,0.9132536250317985,0.45454545454545453,0.6331360946745562,0.7437325905292479,0.7703109327983951,0.593939393939394,0.28228375398186717,0.8639315230224321,0.6263318112633182,0.5947504474050507,0.6385542168674698,0.7258245456585147
103,0.58,0.4101720647773279,0.19987642879209144,0.38884716485167103,0.343042071197411,0.6631122959013662,0.4125,0.76194743130227,0.41535874439461884,0.9129992368354108,0.3884297520661157,0.6520710059171597,0.7409470752089137,0.7713139418254764,0.5606060606060606,0.3415829453565303,0.8497638724911453,0.6057838660578386,0.6941737920063631,0.6385542168674698,0.7437738389050931
104,0.5384,0.42054655870445345,0.21470497374111833,0.34134434847915884,0.40129449838187703,0.6544485171609463,0.3611111111111111,0.7721027479091995,0.3873318385650224,0.911218519460697,0.38016528925619836,0.6710059171597633,0.7409470752089137,0.7582748244734202,0.5363636363636364,0.40284244057828966,0.8409090909090909,0.5852359208523592,0.7939948299860807,0.6626506024096386,0.7583576396679381
105,0.5182,0.4506578947368421,0.2557924003707136,0.3036049568156215,0.4336569579288026,0.6607797400866378,0.32222222222222224,0.7867383512544803,0.37612107623318386,0.9061307555329433,0.371900826446281,0.6887573964497041,0.7604456824512534,0.757271815446339,0.5242424242424243,0.444743935309973,0.8308736717827627,0.5776255707762558,0.838934181745874,0.6506024096385542,0.7599282028270137
106,0.5061,0.47798582995951416,0.2882298424467099,0.2874577544123169,0.46601941747572817,0.6694435188270577,0.30972222222222223,0.7995818399044206,0.3693946188340807,0.8974815568557619,0.3884297520661157,0.7029585798816568,0.7743732590529248,0.769307923771314,0.5242424242424243,0.46018132810585644,0.8012101534828807,0.545662100456621,0.8608073175581626,0.6265060240963856,0.7565627103432803
107,0.4875,0.5007591093117408,0.3209762125424776,0.2818250093879084,0.44983818770226536,0.6841052982339221,0.30416666666666664,0.8136200716845878,0.36434977578475336,0.8862884762147036,0.3884297520661157,0.7136094674556213,0.7688022284122563,0.7803410230692076,0.5424242424242425,0.4562607204116638,0.730814639905549,0.4611872146118721,0.8631934778285941,0.5542168674698795,0.7500560915413955
108,0.4762,0.5151821862348178,0.34785295026258883,0.27713105520090126,0.4174757281553398,0.6974341886037987,0.3013888888888889,0.8178016726403823,0.3576233183856502,0.8842533706436021,0.4049586776859504,0.7313609467455622,0.7883008356545961,0.7813440320962889,0.5515151515151515,0.43616760597892673,0.6750295159386068,0.4193302891933029,0.8500695963412209,0.5060240963855421,0.7471393313888266
109,0.4756,0.5313765182186235,0.3663886314488724,0.2600450619601953,0.3818770226537217,0.7074308563812063,0.2986111111111111,0.8249701314217444,0.3531390134529148,0.8804375476977868,0.39669421487603307,0.7301775147928994,0.7799442896935933,0.7883650952858575,0.5727272727272728,0.4033325165400637,0.6679456906729634,0.4079147640791476,0.8281964605289321,0.5180722891566265,0.7428763742427642
110,0.4896,0.5521255060728745,0.3938832252085264,0.2363875328576793,0.33980582524271846,0.7160946351216261,0.30972222222222223,0.8330346475507766,0.3649103139013453,0.886034088018316,0.39669421487603307,0.7218934911242604,0.7883008356545961,0.7963891675025075,0.5848484848484848,0.3709875030629748,0.6998229043683589,0.4535768645357686,0.7920063630940545,0.5421686746987951,0.7377159524343729
111,0.5137,0.5602226720647774,0.4080939141180105,0.22268118663161848,0.3268608414239482,0.7274241919360214,0.31527777777777777,0.8399044205495818,0.3839686098654709,0.8923937929280081,0.4380165289256198,0.7289940828402367,0.7855153203342619,0.802407221664995,0.593939393939394,0.35187454055378586,0.7517709563164109,0.5213089802130898,0.7633724398488765,0.5421686746987951,0.733004262957146
112,0.5399,0.5579453441295547,0.40037071362372567,0.2181749906120916,0.32362459546925565,0.7344218593802065,0.32916666666666666,0.8470728793309439,0.41143497757847536,0.9035868735690664,0.4297520661157025,0.7195266272189349,0.7743732590529248,0.8044132397191575,0.6,0.3432982112227395,0.8056375442739079,0.5814307458143074,0.7414993040365878,0.5783132530120482,0.7314336997980705
113,0.5566,0.5430161943319838,0.37689218412109976,0.24859181374389785,0.3300970873786408,0.720759746751083,0.3486111111111111,0.8413978494623656,0.4366591928251121,0.9135080132281862,0.4380165289256198,0.7112426035502959,0.7910863509749304,0.8064192577733199,0.5848484848484848,0.3393776035285469,0.8379574970484062,0.6225266362252664,0.733943129846888,0.6144578313253012,0.7352479246129684
114,0.5673,0.5199898785425101,0.3481618782823602,0.2867067217423958,0.34627831715210355,0.7114295234921693,0.38472222222222224,0.8306451612903226,0.4523542600896861,0.9170694479776138,0.4214876033057851,0.7076923076923077,0.7966573816155988,0.802407221664995,0.5787878787878787,0.3450134770889488,0.8536009445100354,0.6407914764079148,0.7369258301849274,0.6265060240963856,0.7422032757460175
115,0.5735,0.4977226720647773,0.3172690763052209,0.33608711978971084,0.343042071197411,0.692102632455848,0.39305555555555555,0.8154121863799283,0.4517937219730942,0.917832612566777,0.39669421487603307,0.6982248520710059,0.7855153203342619,0.8054162487462387,0.5757575757575758,0.3543249203626562,0.8631936245572609,0.6461187214611872,0.7605885862000398,0.6265060240963856,0.7529728516939646
116,0.576,0.4805161943319838,0.2931726907630522,0.37176117161096506,0.3333333333333333,0.6811062979006998,0.3958333333333333,0.8046594982078853,0.4383408071748879,0.9180870007631646,0.4049586776859504,0.6899408284023668,0.7827298050139275,0.79839518555667,0.5696969696969697,0.35775545209507476,0.8735242030696576,0.6423135464231354,0.7717240007953867,0.6385542168674698,0.761274399820507
117,0.5771,0.4681174089068826,0.2801977139326537,0.40536988358993614,0.35275080906148865,0.6741086304565145,0.4013888888888889,0.7959976105137395,0.4248878923766816,0.9124904604426355,0.39669421487603307,0.6923076923076923,0.7938718662952646,0.8004012036108324,0.5636363636363636,0.3692722371967655,0.8804604486422668,0.6461187214611872,0.7834559554583416,0.6626506024096386,0.770024680278214
118,0.5794,0.4668522267206478,0.27679950571516837,0.42095381149079986,0.3559870550161812,0.6781072975674776,0.4,0.7918160095579451,0.4232062780269058,0.9117272958534725,0.39669421487603307,0.6946745562130178,0.7910863509749304,0.7963891675025075,0.5666666666666667,0.37760352854692475,0.887396694214876,0.649923896499239,0.788029429310002,0.6746987951807228,0.7702490464437963
119,0.5818,0.4693825910931174,0.2882298424467099,0.42940292902741267,0.3592233009708738,0.6844385204931689,0.4041666666666667,0.7903225806451613,0.4192825112107623,0.9074026965148817,0.3884297520661157,0.6887573964497041,0.7966573816155988,0.7913741223671013,0.5757575757575758,0.3802989463366822,0.893004722550177,0.654490106544901,0.7739113143766156,0.6987951807228916,0.7646398923042406
120,0.5855,0.4784919028340081,0.3027494593759654,0.43015396169733383,0.3656957928802589,0.6951016327890703,0.4027777777777778,0.8019713261648745,0.4164798206278027,0.906385143729331,0.3884297520661157,0.693491124260355,0.7966573816155988,0.7963891675025075,0.5818181818181818,0.3771134525851507,0.8968417945690673,0.6567732115677322,0.7514416384967191,0.7228915662650602,0.7507291900381422
121,0.5896,0.4908906882591093,0.31448872412727835,0.42996620352985354,0.37540453074433655,0.7154281906031323,0.39861111111111114,0.8088410991636799,0.41199551569506726,0.9051132027473925,0.3884297520661157,0.7029585798816568,0.807799442896936,0.8004012036108324,0.593939393939394,0.37294780691007107,0.8961038961038961,0.6636225266362252,0.7393119904553589,0.6746987951807228,0.738837783262284
122,0.5887,0.4982287449392713,0.3265369168983627,0.43128051070221557,0.36893203883495146,0.7280906364545152,0.3972222222222222,0.8178016726403823,0.40639013452914796,0.9068939201221063,0.3884297520661157,0.7076923076923077,0.8022284122562674,0.8064192577733199,0.5848484848484848,0.372702768929184,0.891086186540732,0.6537290715372908,0.7279777291708093,0.6626506024096386,0.7379403185999551
123,0.5885,0.5010121457489879,0.3376583256101328,0.4175741644761547,0.3786407766990291,0.7400866377874042,0.39444444444444443,0.822879330943847,0.40919282511210764,0.910455354871534,0.39669421487603307,0.7171597633136094,0.7966573816155988,0.8104312938816449,0.5909090909090909,0.3712325410438618,0.8792798110979929,0.634703196347032,0.7222111751839332,0.6385542168674698,0.7305362351357415
124,0.5852,0.5106275303643725,0.3459993821439605,0.40687194892977846,0.4174757281553398,0.7460846384538488,0.3958333333333333,0.8240740740740741,0.40582959641255606,0.9135080132281862,0.3884297520661157,0.7230769230769231,0.7883008356545961,0.8084252758274825,0.6,0.3758882626807155,0.8682113341204251,0.619482496194825,0.7174388546430702,0.6265060240963856,0.7325555306259816
125,0.5828,0.5194838056680162,0.3493975903614458,0.4008636875704093,0.4110032362459547,0.7434188603798734,0.3888888888888889,0.8178016726403823,0.4080717488789238,0.9165606715848384,0.39669421487603307,0.7171597633136094,0.7883008356545961,0.8054162487462387,0.5878787878787879,0.3751531487380544,0.8615702479338843,0.6073059360730594,0.7243984887651621,0.6144578313253012,0.7399596140901952
126,0.5788,0.5242914979757085,0.35156008649984555,0.39616973338340217,0.4045307443365696,0.7294235254915028,0.3875,0.8106332138590203,0.40975336322869954,0.920122106334266,0.4132231404958678,0.7159763313609467,0.7910863509749304,0.8074222668004012,0.5757575757575758,0.37441803479539326,0.8559622195985832,0.6080669710806698,0.7309604295088487,0.6265060240963856,0.7471393313888266
127,0.5741,0.5361842105263158,0.3580475749150448,0.40199023657529104,0.3948220064724919,0.7100966344551816,0.39166666666666666,0.7998805256869773,0.4125560538116592,0.9180870007631646,0.4214876033057851,0.7171597633136094,0.7883008356545961,0.8014042126379137,0.5666666666666667,0.3741729968145063,0.8528630460448642,0.6187214611872146,0.7373235235633326,0.6506024096385542,0.7527484855283824
128,0.5712,0.5402327935222672,0.367624343527958,0.4057453999248967,0.39158576051779936,0.6991002999000333,0.39861111111111114,0.793010752688172,0.42376681614349776,0.9165606715848384,0.4297520661157025,0.7100591715976331,0.7771587743732591,0.7873620862587764,0.5484848484848485,0.36829208527321733,0.851534828807556,0.6232876712328768,0.7432889242394114,0.6385542168674698,0.7549921471842046
129,0.5734,0.5384615384615384,0.36824219956750076,0.4117536612842659,0.3851132686084142,0.6977674108630456,0.3888888888888889,0.7945041816009558,0.42769058295964124,0.9168150597812261,0.4049586776859504,0.7136094674556213,0.7688022284122563,0.7793380140421263,0.5393939393939394,0.3680470472923303,0.8599468713105076,0.6331811263318112,0.7522370252535295,0.6746987951807228,0.7583576396679381
130,0.5732,0.5356781376518218,0.36793327154772937,0.411190386781825,0.3818770226537217,0.6907697434188603,0.39166666666666666,0.7927120669056152,0.4327354260089686,0.9140167896209616,0.4132231404958678,0.7159763313609467,0.7715877437325905,0.7713139418254764,0.5333333333333333,0.36829208527321733,0.8671782762691853,0.6445966514459666,0.7663551401869159,0.6626506024096386,0.7610500336549249
131,0.5729,0.5311234817813765,0.3583565029348162,0.40818625610214043,0.3948220064724919,0.692102632455848,0.39305555555555555,0.7956989247311828,0.4304932735426009,0.9157975069956754,0.4214876033057851,0.7112426035502959,0.7771587743732591,0.7753259779338014,0.5454545454545454,0.36853712325410437,0.8735242030696576,0.65220700152207,0.7717240007953867,0.6626506024096386,0.7588063719991025
132,0.5743,0.5227732793522267,0.3493975903614458,0.4004881712354487,0.3883495145631068,0.696767744085305,0.3902777777777778,0.801373954599761,0.4304932735426009,0.9168150597812261,0.4380165289256198,0.714792899408284,0.7799442896935933,0.7843530591775326,0.5424242424242425,0.3697623131585396,0.8798701298701299,0.6575342465753424,0.7820640286339232,0.6506024096385542,0.7594794704958492
133,0.5751,0.513917004048583,0.33240654927401914,0.3944799098760796,0.3883495145631068,0.7064311896034655,0.3861111111111111,0.8127240143369175,0.4260089686098655,0.9198677181378784,0.4214876033057851,0.7136094674556213,0.7910863509749304,0.7973921765295887,0.5545454545454546,0.3626562117128155,0.8903482880755608,0.6666666666666666,0.7866375024855836,0.6506024096385542,0.7576845411711914
134,0.5749,0.4908906882591093,0.30985480383070746,0.38358993616222303,0.36893203883495146,0.7134288570476508,0.39305555555555555,0.8297491039426523,0.422085201793722,0.9216484355125922,0.4132231404958678,0.7029585798816568,0.8022284122562674,0.8104312938816449,0.5575757575757576,0.359470717961284,0.8975796930342385,0.6712328767123288,0.7920063630940545,0.6506024096385542,0.7567870765088625
135,0.573,0.47874493927125505,0.2981155390793945,0.37157341344348477,0.3786407766990291,0.7187604131956015,0.3958333333333333,0.8336320191158901,0.42376681614349776,0.9183413889595523,0.3884297520661157,0.7017751479289941,0.7966573816155988,0.8174523570712137,0.5636363636363636,0.36241117373192844,0.9011216056670602,0.6666666666666666,0.7910121296480414,0.6746987951807228,0.756338344177698
136,0.5756,0.47798582995951416,0.30120481927710846,0.359181374389786,0.3851132686084142,0.7264245251582806,0.4,0.8336320191158901,0.4232062780269058,0.9165606715848384,0.3884297520661157,0.6994082840236686,0.8050139275766016,0.8264794383149449,0.5727272727272728,0.3621661357510414,0.8996458087367178,0.6666666666666666,0.7782859415390734,0.6746987951807228,0.7554408795153691
137,0.5755,0.4840587044534413,0.31263515600865,0.35824258355238453,0.3883495145631068,0.7267577474175275,0.3972222222222222,0.8327359617682198,0.422085201793722,0.9165606715848384,0.39669421487603307,0.6994082840236686,0.7994428969359332,0.8194583751253761,0.5848484848484848,0.36363636363636365,0.8934474616292798,0.6666666666666666,0.7685424537681448,0.6746987951807228,0.7579089073367736
138,0.5784,0.4974696356275304,0.3296261970960766,0.36556515208411566,0.3948220064724919,0.7230923025658114,0.3972222222222222,0.8222819593787336,0.4192825112107623,0.9196133299414907,0.4049586776859504,0.7053254437869823,0.7883008356545961,0.8074222668004012,0.5696969696969697,0.36682185738789513,0.8857733175914995,0.6643835616438356,0.759395506064824,0.6385542168674698,0.7608256674893427
139,0.5795,0.5123987854251012,0.34198331788693237,0.37683064213293277,0.3948220064724919,0.7194268577140953,0.4027777777777778,0.8169056152927121,0.42376681614349776,0.917832612566777,0.39669421487603307,0.7065088757396449,0.7855153203342619,0.8014042126379137,0.5666666666666667,0.36437147757902477,0.8776564344746163,0.654490106544901,0.7601908928216345,0.6506024096385542,0.7581332735023558
140,0.5795,0.520748987854251,0.34630831016373187,0.39110026286143446,0.4110032362459547,0.7110963012329223,0.3958333333333333,0.801373954599761,0.4204035874439462,0.9157975069956754,0.38016528925619836,0.7136094674556213,0.7799442896935933,0.7853560682046138,0.5636363636363636,0.37490811075716735,0.869391971664699,0.647640791476408,0.7587989659972162,0.6506024096385542,0.7597038366614315
141,0.579,0.5321356275303644,0.35557615075687365,0.40687194892977846,0.42071197411003236,0.7077640786404532,0.3888888888888889,0.7909199522102748,0.4304932735426009,0.9127448486390232,0.39669421487603307,0.7183431952662722,0.7743732590529248,0.7703109327983951,0.5636363636363636,0.38250428816466553,0.8592089728453365,0.6362252663622526,0.7556174189699741,0.6265060240963856,0.7617231321516715
142,0.5761,0.5371963562753036,0.3586654309545876,0.419076229815997,0.41423948220064727,0.7097634121959346,0.3736111111111111,0.788231780167264,0.42993273542600896,0.9129992368354108,0.3884297520661157,0.7195266272189349,0.766016713091922,0.7683049147442327,0.5636363636363636,0.38961038961038963,0.8549291617473436,0.6423135464231354,0.7595943527540266,0.6265060240963856,0.762171864482836
143,0.5748,0.5336538461538461,0.3611368551127587,0.4179496808111153,0.42071197411003236,0.7110963012329223,0.37222222222222223,0.7945041816009558,0.42937219730941706,0.9165606715848384,0.38016528925619836,0.7254437869822485,0.7743732590529248,0.769307923771314,0.5545454545454546,0.3967164910561137,0.8568476977567887,0.6407914764079148,0.7733147743090077,0.6265060240963856,0.7626205968140004
144,0.5727,0.5323886639676113,0.3577386468952734,0.4173864063086744,0.4174757281553398,0.712762412529157,0.35555555555555557,0.8079450418160096,0.43329596412556054,0.9188501653523277,0.38016528925619836,0.7325443786982249,0.7883008356545961,0.7783350050150452,0.5575757575757576,0.3959813771134526,0.8603896103896104,0.6506849315068494,0.7822628753231259,0.6265060240963856,0.7556652456809513
145,0.5737,0.5172064777327935,0.3524868705591597,0.40724746526473904,0.42071197411003236,0.7140953015661446,0.3597222222222222,0.8186977299880526,0.4327354260089686,0.9219028237089799,0.3884297520661157,0.7301775147928994,0.7938718662952646,0.7973921765295887,0.5545454545454546,0.3969615290370007,0.8695395513577332,0.6484018264840182,0.795983296878107,0.6385542168674698,0.7525241193628001
146,0.5721,0.5093623481781376,0.3453815261044177,0.3890349230191513,0.4110032362459547,0.7250916361212929,0.3625,0.8306451612903226,0.4248878923766816,0.923429152887306,0.4049586776859504,0.7230769230769231,0.7966573816155988,0.8154463390170511,0.5666666666666667,0.3979416809605489,0.8804604486422668,0.6560121765601218,0.8013521574865778,0.6626506024096386,0.753421584025129
147,0.5723,0.5096153846153846,0.34692616620327466,0.3817123544874202,0.39158576051779936,0.728423858713762,0.36527777777777776,0.8363201911589009,0.4260089686098655,0.9241923174764691,0.39669421487603307,0.7266272189349112,0.8133704735376045,0.8174523570712137,0.5727272727272728,0.3954913011516785,0.8884297520661157,0.6575342465753424,0.805527937959833,0.6746987951807228,0.757235808840027
148,0.5745,0.5093623481781376,0.3444547420451035,0.38021028914757793,0.3851132686084142,0.732755748083972,0.36944444444444446,0.8375149342891278,0.4248878923766816,0.923429152887306,0.4132231404958678,0.727810650887574,0.8105849582172702,0.8214643931795386,0.5666666666666667,0.3901004655721637,0.893595041322314,0.6590563165905632,0.800159077351362,0.6385542168674698,0.7599282028270137
149,0.5784,0.5161943319838057,0.3493975903614458,0.3864063086744273,0.3818770226537217,0.7294235254915028,0.3763888888888889,0.8309438470728794,0.42376681614349776,0.9211396591198169,0.4132231404958678,0.7254437869822485,0.7994428969359332,0.8144433299899699,0.5757575757575758,0.3844645920117618,0.8969893742621016,0.665144596651446,0.791210976337244,0.6506024096385542,0.7626205968140004
150,0.5829,0.5240384615384616,0.35557615075687365,0.40292902741269243,0.37540453074433655,0.728757080973009,0.37916666666666665,0.822879330943847,0.42432735426008966,0.9196133299414907,0.4132231404958678,0.7136094674556213,0.7938718662952646,0.8134403209628887,0.5787878787878787,0.38005390835579517,0.8992030696576151,0.6742770167427702,0.7772917080930603,0.6746987951807228,0.7639667938074939
151,0.5854,0.52834008097166,0.36391720729070126,0.4153210664663913,0.3851132686084142,0.7234255248250583,0.3875,0.818100358422939,0.42993273542600896,0.9208852709234292,0.39669421487603307,0.714792899408284,0.7938718662952646,0.8004012036108324,0.5909090909090909,0.38323940210732665,0.9006788665879575,0.684931506849315,0.7723205408629946,0.6626506024096386,0.7628449629795827
152,0.5871,0.5303643724696356,0.3543404386777881,0.4232069095005633,0.4045307443365696,0.716427857380873,0.39166666666666666,0.8091397849462365,0.4282511210762332,0.9211396591198169,0.3884297520661157,0.7183431952662722,0.7966573816155988,0.7923771313941825,0.5878787878787879,0.3869149718206322,0.89728453364817,0.6856925418569254,0.7735136209982104,0.6506024096385542,0.7666591877944806
153,0.5863,0.5237854251012146,0.3534136546184739,0.43015396169733383,0.4077669902912621,0.7047650783072309,0.3888888888888889,0.8055555555555556,0.422085201793722,0.9239379292800814,0.39669421487603307,0.7218934911242604,0.8022284122562674,0.7873620862587764,0.5878787878787879,0.39181573143837295,0.8963990554899646,0.6834094368340944,0.7778882481606681,0.6385542168674698,0.770024680278214
154,0.581,0.5174595141700404,0.33982082174853256,0.43221930153961696,0.4110032362459547,0.6971009663445518,0.39166666666666666,0.8070489844683393,0.4226457399103139,0.9247010938692445,0.4049586776859504,0.7183431952662722,0.8105849582172702,0.794383149448345,0.5848484848484848,0.39377603528546923,0.8959563164108618,0.6811263318112634,0.7834559554583416,0.6385542168674698,0.7706977787749607
155,0.5786,0.5060728744939271,0.3219029966017918,0.42733758918512954,0.42071197411003236,0.692102632455848,0.3875,0.8061529271206691,0.41816143497757846,0.9272449758331214,0.39669421487603307,0.714792899408284,0.7994428969359332,0.8094282848545636,0.5818181818181818,0.3964714530752267,0.8965466351829988,0.6773211567732116,0.7898190495128257,0.6626506024096386,0.7682297509535562
156,0.5753,0.4967105263157895,0.3080012357120791,0.4202027788208787,0.43042071197411,0.6927690769743419,0.3888888888888889,0.8085424133811231,0.41816143497757846,0.927499364029509,0.39669421487603307,0.7065088757396449,0.7883008356545961,0.8194583751253761,0.5757575757575758,0.3932859593236952,0.8947756788665879,0.6681887366818874,0.7957844501889043,0.6626506024096386,0.7713708772717074
157,0.5735,0.486082995951417,0.29996910719802283,0.40818625610214043,0.39805825242718446,0.6914361879373542,0.3972222222222222,0.8079450418160096,0.4147982062780269,0.9282625286186721,0.3884297520661157,0.7017751479289941,0.7966573816155988,0.8234704112337011,0.5757575757575758,0.39206076941926,0.8913813459268005,0.6598173515981736,0.7971763770133228,0.6506024096385542,0.7783262284047565
158,0.5731,0.4848178137651822,0.2962619709607661,0.40687194892977846,0.4045307443365696,0.7030989670109964,0.4027777777777778,0.8145161290322581,0.42096412556053814,0.9249554820656322,0.39669421487603307,0.7029585798816568,0.7966573816155988,0.8164493480441324,0.5727272727272728,0.3881401617250674,0.8918240850059032,0.6567732115677322,0.7971763770133228,0.6506024096385542,0.7794480592326677
159,0.5771,0.4865890688259109,0.292245906703738,0.40724746526473904,0.3948220064724919,0.7184271909363545,0.4111111111111111,0.8178016726403823,0.42432735426008966,0.923429152887306,0.3884297520661157,0.714792899408284,0.7966573816155988,0.8114343029087262,0.5848484848484848,0.3861798578779711,0.8853305785123967,0.6529680365296804,0.7908132829588387,0.6626506024096386,0.775858200583352
160,0.5816,0.4941801619433198,0.3083101637318505,0.41043935411190385,0.39158576051779936,0.7280906364545152,0.41388888888888886,0.8178016726403823,0.4204035874439462,0.9239379292800814,0.3884297520661157,0.714792899408284,0.8022284122562674,0.8144433299899699,0.5909090909090909,0.3881401617250674,0.8828217237308147,0.6537290715372908,0.7842513422151521,0.6385542168674698,0.7715952434372897
161,0.5838,0.5030364372469636,0.32777262897744824,0.4168231318062336,0.3851132686084142,0.7324225258247251,0.4041666666666667,0.8178016726403823,0.4248878923766816,0.9262274230475706,0.38016528925619836,0.7218934911242604,0.7855153203342619,0.8084252758274825,0.5909090909090909,0.38372947806910074,0.8853305785123967,0.6560121765601218,0.7822628753231259,0.6506024096385542,0.765088624635405
162,0.5834,0.520748987854251,0.35032437442076,0.4194517461509576,0.3851132686084142,0.733088970343219,0.39444444444444443,0.8163082437275986,0.4288116591928251,0.9252098702620198,0.4049586776859504,0.7207100591715976,0.7910863509749304,0.7953861584754263,0.5727272727272728,0.3822592501837785,0.8860684769775679,0.6605783866057838,0.7770928614038576,0.6506024096385542,0.7623962306484182
163,0.5814,0.5374493927125507,0.37689218412109976,0.42621104018024786,0.3883495145631068,0.7310896367877374,0.37777777777777777,0.8142174432497014,0.4327354260089686,0.9221572119053676,0.4132231404958678,0.7337278106508875,0.7910863509749304,0.79839518555667,0.5606060606060606,0.38054398431756925,0.8859208972845336,0.667427701674277,0.7760986279578445,0.6265060240963856,0.7630693291451649
164,0.5788,0.548836032388664,0.39264751312944085,0.42358242583552386,0.37216828478964403,0.7334221926024659,0.36666666666666664,0.8169056152927121,0.43609865470852016,0.9198677181378784,0.4132231404958678,0.736094674556213,0.7827298050139275,0.7973921765295887,0.5636363636363636,0.38078902229845624,0.8851829988193625,0.6712328767123288,0.7850467289719626,0.6385542168674698,0.7644155261386583
165,0.5786,0.5495951417004049,0.3954278653073834,0.41870071348103644,0.3883495145631068,0.7360879706764412,0.3611111111111111,0.820489844683393,0.4316143497757848,0.9198677181378784,0.4049586776859504,0.7396449704142012,0.7883008356545961,0.794383149448345,0.5575757575757576,0.3834844400882137,0.8851829988193625,0.6712328767123288,0.7886259693776099,0.6385542168674698,0.7664348216288983
166,0.5766,0.5516194331983806,0.39233858510966946,0.40931280510702217,0.3883495145631068,0.7257580806397868,0.36527777777777776,0.8255675029868578,0.4254484304932735,0.9175782243703892,0.4049586776859504,0.7396449704142012,0.7938718662952646,0.8044132397191575,0.5606060606060606,0.3861798578779711,0.8859208972845336,0.669710806697108,0.7902167428912309,0.6385542168674698,0.7704734126093785
167,0.5752,0.5470647773279352,0.3815261044176707,0.39541870071348106,0.4110032362459547,0.7277574141952683,0.3625,0.8240740740740741,0.4265695067264574,0.9175782243703892,0.3884297520661157,0.7408284023668639,0.7966573816155988,0.8154463390170511,0.5666666666666667,0.3954913011516785,0.8863636363636364,0.6666666666666666,0.7892225094452178,0.6385542168674698,0.7760825667489343
168,0.5723,0.5374493927125507,0.36391720729070126,0.38809613218174993,0.42071197411003236,0.724758413862046,0.35555555555555557,0.8261648745519713,0.4265695067264574,0.9183413889595523,0.3884297520661157,0.7337278106508875,0.7855153203342619,0.8224674022066198,0.5696969696969697,0.40553785836804707,0.8884297520661157,0.665144596651446,0.7981706104593359,0.6626506024096386,0.7763069329145165
169,0.5711,0.5253036437246964,0.34754402224281744,0.39354111903867817,0.43042071197411,0.7240919693435521,0.3458333333333333,0.8222819593787336,0.4282511210762332,0.920122106334266,0.38016528925619836,0.7313609467455622,0.7827298050139275,0.8184553660982948,0.5757575757575758,0.4089683901004656,0.8893152302243211,0.662861491628615,0.8015510041757805,0.6746987951807228,0.7747363697554409
170,0.5744,0.520748987854251,0.3348779734321903,0.3978595568907247,0.4336569579288026,0.7237587470843052,0.3611111111111111,0.8183990442054958,0.4316143497757848,0.9231747646909183,0.371900826446281,0.7289940828402367,0.7883008356545961,0.8164493480441324,0.5727272727272728,0.4214653271257045,0.8881345926800472,0.6598173515981736,0.7981706104593359,0.6867469879518072,0.770922144940543
171,0.5763,0.521255060728745,0.3410565338276182,0.39917386406308675,0.4174757281553398,0.7280906364545152,0.37083333333333335,0.8154121863799283,0.43329596412556054,0.922665988298143,0.371900826446281,0.7289940828402367,0.7966573816155988,0.8014042126379137,0.5666666666666667,0.4190149473168341,0.8896103896103896,0.6659056316590564,0.7906144362696361,0.6987951807228916,0.7619474983172537
172,0.5834,0.5296052631578947,0.35588507877664505,0.4034923019151333,0.41423948220064727,0.7267577474175275,0.36944444444444446,0.8085424133811231,0.4344170403587444,0.9277537522258967,0.3884297520661157,0.7266272189349112,0.7938718662952646,0.7873620862587764,0.5757575757575758,0.4099485420240137,0.8863636363636364,0.6681887366818874,0.7780870948498707,0.6746987951807228,0.7556652456809513
173,0.589,0.5344129554655871,0.36515291936978683,0.4170108899737139,0.4174757281553398,0.7257580806397868,0.38333333333333336,0.804958183990442,0.4383408071748879,0.9272449758331214,0.3884297520661157,0.7289940828402367,0.7855153203342619,0.7773319959879639,0.5878787878787879,0.40700808625336926,0.8844451003541912,0.6666666666666666,0.7623782064028634,0.6746987951807228,0.7540946825218757
174,0.5942,0.5440283400809717,0.3787457522397281,0.42658655651520844,0.4045307443365696,0.7240919693435521,0.3972222222222222,0.7951015531660693,0.43609865470852016,0.9254642584584075,0.4049586776859504,0.7254437869822485,0.7743732590529248,0.7763289869608826,0.5818181818181818,0.39451114922813035,0.8847402597402597,0.6666666666666666,0.7514416384967191,0.6626506024096386,0.7536459501907112
175,0.6001,0.5518724696356275,0.38863144887241274,0.43259481787457754,0.3851132686084142,0.7227590803065644,0.4041666666666667,0.7903225806451613,0.4288116591928251,0.9236835410836938,0.39669421487603307,0.7242603550295857,0.7771587743732591,0.7793380140421263,0.5787878787878787,0.3932859593236952,0.8856257378984652,0.669710806697108,0.7446808510638298,0.6746987951807228,0.762171864482836
176,0.6002,0.5445344129554656,0.3824528884769849,0.436162223056703,0.3786407766990291,0.7274241919360214,0.4013888888888889,0.7980884109916367,0.4226457399103139,0.9229203764945306,0.3884297520661157,0.7207100591715976,0.7799442896935933,0.7873620862587764,0.5818181818181818,0.3903455035530507,0.8820838252656434,0.6598173515981736,0.7492543249154902,0.6746987951807228,0.7677810186223918
177,0.595,0.5344129554655871,0.37287611986407165,0.4386030792339467,0.3948220064724919,0.7294235254915028,0.3902777777777778,0.804958183990442,0.41535874439461884,0.9221572119053676,0.39669421487603307,0.7171597633136094,0.7910863509749304,0.8014042126379137,0.5696969696969697,0.3942661112472433,0.8801652892561983,0.6613394216133942,0.7623782064028634,0.6385542168674698,0.7668835539600628
178,0.5873,0.5293522267206477,0.367624343527958,0.4369132557266241,0.3883495145631068,0.7317560813062313,0.37916666666666665,0.8109318996415771,0.4086322869955157,0.9213940473162046,0.371900826446281,0.7195266272189349,0.7910863509749304,0.8144433299899699,0.5636363636363636,0.3903455035530507,0.8807556080283353,0.6590563165905632,0.7780870948498707,0.6265060240963856,0.7668835539600628
179,0.581,0.5247975708502024,0.3611368551127587,0.42433345850544496,0.40129449838187703,0.7297567477507497,0.375,0.8112305854241338,0.40302690582959644,0.9219028237089799,0.371900826446281,0.7207100591715976,0.7966573816155988,0.8204613841524574,0.5666666666666667,0.39622641509433965,0.8794273907910272,0.649923896499239,0.7900178962020282,0.6024096385542169,0.7675566524568095
180,0.5763,0.5253036437246964,0.35495829471733087,0.4021779947427713,0.40129449838187703,0.724758413862046,0.3680555555555556,0.8136200716845878,0.40358744394618834,0.9249554820656322,0.371900826446281,0.7242603550295857,0.7938718662952646,0.8184553660982948,0.5575757575757576,0.40627297231070814,0.8832644628099173,0.654490106544901,0.7914098230264466,0.6144578313253012,0.7662104554633161
181,0.5738,0.527580971659919,0.35650293481618783,0.37720615846789335,0.4336569579288026,0.7227590803065644,0.36527777777777776,0.8160095579450418,0.40975336322869954,0.927499364029509,0.38016528925619836,0.7313609467455622,0.7966573816155988,0.8134403209628887,0.5333333333333333,0.4229355550110267,0.8857733175914995,0.6689497716894978,0.7914098230264466,0.6144578313253012,0.7664348216288983
182,0.5726,0.534665991902834,0.3583565029348162,0.3650018775816748,0.4401294498381877,0.7204265244918361,0.3680555555555556,0.8160095579450418,0.4204035874439462,0.9285169168150598,0.371900826446281,0.7325443786982249,0.7994428969359332,0.8124373119358074,0.5393939393939394,0.4391080617495712,0.8906434474616293,0.6796042617960426,0.7910121296480414,0.6265060240963856,0.762171864482836
183,0.5763,0.5409919028340081,0.3666975594686438,0.35542621104018024,0.42394822006472493,0.720759746751083,0.3680555555555556,0.8166069295101553,0.4288116591928251,0.9277537522258967,0.36363636363636365,0.7349112426035503,0.7938718662952646,0.8084252758274825,0.5515151515151515,0.43886302376868414,0.8949232585596222,0.6834094368340944,0.7876317359315967,0.6385542168674698,0.7628449629795827
184,0.5821,0.5430161943319838,0.37380290392338583,0.35767930904994366,0.42071197411003236,0.7294235254915028,0.36944444444444446,0.822879330943847,0.44170403587443946,0.9254642584584075,0.36363636363636365,0.7396449704142012,0.7910863509749304,0.8134403209628887,0.5606060606060606,0.4256309728007841,0.8987603305785123,0.6910197869101978,0.7798767150526944,0.6385542168674698,0.7590307381646848
185,0.5861,0.548836032388664,0.3753475440222428,0.37438978595568906,0.39805825242718446,0.7304231922692436,0.36944444444444446,0.8175029868578255,0.45403587443946186,0.9241923174764691,0.39669421487603307,0.7420118343195267,0.7938718662952646,0.8084252758274825,0.5636363636363636,0.4099485420240137,0.900383707201889,0.6894977168949772,0.7747067011334261,0.6385542168674698,0.757235808840027
186,0.5906,0.5493421052631579,0.376274328081557,0.38809613218174993,0.36893203883495146,0.7250916361212929,0.3736111111111111,0.8139187574671446,0.45739910313901344,0.9244467056728568,0.3884297520661157,0.7420118343195267,0.7910863509749304,0.8094282848545636,0.5757575757575758,0.3954913011516785,0.9012691853600945,0.6841704718417048,0.7719228474845894,0.6385542168674698,0.7552165133497869
187,0.5901,0.5437753036437247,0.3626814952116157,0.400675929402929,0.36893203883495146,0.7310896367877374,0.37777777777777777,0.8201911589008363,0.4545964125560538,0.9264818112439582,0.3884297520661157,0.7455621301775148,0.7966573816155988,0.8074222668004012,0.5727272727272728,0.39181573143837295,0.8974321133412042,0.6773211567732116,0.7812686418771128,0.6626506024096386,0.753421584025129
188,0.5914,0.542257085020243,0.3626814952116157,0.40461885092001504,0.3786407766990291,0.7354215261579473,0.3902777777777778,0.8255675029868578,0.4517937219730942,0.9247010938692445,0.3884297520661157,0.7538461538461538,0.7938718662952646,0.8104312938816449,0.5757575757575758,0.38961038961038963,0.8959563164108618,0.682648401826484,0.7747067011334261,0.6506024096385542,0.7561139780121158
189,0.5886,0.5356781376518218,0.36051899907321594,0.40536988358993614,0.37216828478964403,0.7354215261579473,0.3888888888888889,0.8252688172043011,0.4461883408071749,0.923429152887306,0.3884297520661157,0.7502958579881657,0.7910863509749304,0.8104312938816449,0.5818181818181818,0.3901004655721637,0.8963990554899646,0.6841704718417048,0.7780870948498707,0.6506024096385542,0.7529728516939646
190,0.585,0.5331477732793523,0.35588507877664505,0.40555764175741643,0.37540453074433655,0.7354215261579473,0.3888888888888889,0.8198924731182796,0.4327354260089686,0.9216484355125922,0.3884297520661157,0.744378698224852,0.7827298050139275,0.8124373119358074,0.5787878787878787,0.3969615290370007,0.8989079102715466,0.684931506849315,0.7792801749850865,0.6506024096385542,0.7538703163562934
191,0.5838,0.5384615384615384,0.3484708063021316,0.4023657529102516,0.3883495145631068,0.7300899700099966,0.39444444444444443,0.8186977299880526,0.4288116591928251,0.9224116001017553,0.371900826446281,0.7384615384615385,0.7883008356545961,0.8094282848545636,0.5848484848484848,0.40112717471208037,0.8999409681227863,0.6811263318112634,0.7788824816066813,0.6626506024096386,0.7576845411711914
192,0.584,0.5371963562753036,0.34785295026258883,0.39034923019151335,0.40129449838187703,0.7224258580473175,0.3972222222222222,0.8133213859020311,0.42769058295964124,0.9229203764945306,0.3884297520661157,0.736094674556213,0.7910863509749304,0.8114343029087262,0.5818181818181818,0.4065180102915952,0.901564344746163,0.682648401826484,0.7721216941737921,0.6746987951807228,0.7558896118465336
193,0.5809,0.5377024291497976,0.3493975903614458,0.38021028914757793,0.41423948220064727,0.7184271909363545,0.3972222222222222,0.8076463560334528,0.42769058295964124,0.9247010938692445,0.4049586776859504,0.7384615384615385,0.7855153203342619,0.8004012036108324,0.5727272727272728,0.41533937760352857,0.8983175914994097,0.6841704718417048,0.7709286140385763,0.6506024096385542,0.7531972178595467
194,0.5798,0.5440283400809717,0.3543404386777881,0.3777694329703342,0.4336569579288026,0.7184271909363545,0.3902777777777778,0.8067502986857825,0.4254484304932735,0.9257186466547952,0.4049586776859504,0.736094674556213,0.7827298050139275,0.7903711133400201,0.5727272727272728,0.42710120068610635,0.8931523022432113,0.6788432267884322,0.7731159276198051,0.6506024096385542,0.7543190486874579
195,0.5792,0.5480769230769231,0.3586654309545876,0.38265114532482164,0.45307443365695793,0.7190936354548484,0.3888888888888889,0.804958183990442,0.42432735426008966,0.9272449758331214,0.3884297520661157,0.7242603550295857,0.7855153203342619,0.7813440320962889,0.5606060606060606,0.4327370742465082,0.891086186540732,0.6681887366818874,0.7693378405249552,0.6385542168674698,0.7527484855283824
196,0.5795,0.5516194331983806,0.3617547111523015,0.3897859556890725,0.4563106796116505,0.7257580806397868,0.37916666666666665,0.8100358422939068,0.422085201793722,0.9252098702620198,0.3884297520661157,0.7266272189349112,0.7827298050139275,0.7823470411233701,0.5606060606060606,0.4435187454055379,0.8875442739079102,0.6659056316590564,0.7729170809306025,0.6144578313253012,0.7518510208660534
197,0.58,0.5490890688259109,0.36453506333024405,0.4012392039053699,0.44660194174757284,0.7314228590469843,0.37222222222222223,0.8139187574671446,0.41760089686098656,0.9236835410836938,0.38016528925619836,0.7242603550295857,0.7910863509749304,0.7853560682046138,0.5575757575757576,0.4437637833864249,0.8859208972845336,0.6636225266362252,0.7782859415390734,0.6265060240963856,0.7590307381646848
198,0.5779,0.5470647773279352,0.36360827927092987,0.4110026286143447,0.41423948220064727,0.7387537487504166,0.37222222222222223,0.8189964157706093,0.41816143497757846,0.922665988298143,0.371900826446281,0.7242603550295857,0.7910863509749304,0.7993981945837513,0.5575757575757576,0.4256309728007841,0.8810507674144038,0.6613394216133942,0.7888248160668125,0.6265060240963856,0.7635180614763294
199,0.5793,0.542004048582996,0.35959221501390176,0.42377018400300415,0.4045307443365696,0.7404198600466512,0.37083333333333335,0.8195937873357229,0.42096412556053814,0.9180870007631646,0.36363636363636365,0.727810650887574,0.7855153203342619,0.8064192577733199,0.5515151515151515,0.4084783141386915,0.8801652892561983,0.6552511415525114,0.8013521574865778,0.6385542168674698,0.7693515817814673
